genre,weighted_rating,movie_id,title,vote_count
Family,7.8590288162231445,129,Spirited Away,3840
Family,7.7568135261535645,150540,Inside Out,6560
Family,7.7401933670043945,105,Back to the Future,6079
Family,7.711362361907959,8587,The Lion King,5376
Family,7.574400901794434,10681,WALL·E,6296
Family,7.569281101226807,177572,Big Hero 6,6135
Family,7.503190517425537,14160,Up,6870
Family,7.474602222442627,673,Harry Potter and the Prisoner of Azkaban,5877
Family,7.4525980949401855,862,Toy Story,5269
Family,7.395944118499756,12,Finding Nemo,6122
Family,7.339935302734375,10193,Toy Story 3,4597
Family,7.330631732940674,671,Harry Potter and the Philosopher's Stone,7006
Family,7.306035995483398,585,"Monsters, Inc.",5996
Family,7.2945756912231445,674,Harry Potter and the Goblet of Fire,5608
Family,7.246805667877197,2062,Ratatouille,4369
Family,7.244545936584473,82702,How to Train Your Dragon 2,3106
Family,7.239872932434082,10191,How to Train Your Dragon,4227
Family,7.215010166168213,672,Harry Potter and the Chamber of Secrets,5815
Family,7.205808162689209,675,Harry Potter and the Order of the Phoenix,5494
Family,7.1995649337768555,767,Harry Potter and the Half-Blood Prince,5293
Family,7.194940090179443,9806,The Incredibles,5152
Family,7.165172576904297,137106,The Lego Movie,3070
Family,7.138278961181641,165,Back to the Future Part II,3829
Family,7.124207973480225,28178,Hachi: A Dog's Tale,1717
Family,7.114963054656982,109445,Frozen,5295
Family,7.113572597503662,812,Aladdin,3416
Family,7.113003253936768,10674,Mulan,2008
Family,7.1078290939331055,38757,Tangled,3330
Family,7.10146427154541,1585,It's a Wonderful Life,1076
Family,7.069248199462891,808,Shrek,4056
Family,7.0571417808532715,863,Toy Story 2,3806
Family,7.026296138763428,601,E.T. the Extra-Terrestrial,3269
Family,7.009030818939209,2493,The Princess Bride,1486
Family,6.996693134307861,10386,The Iron Giant,1436
Family,6.970186710357666,20352,Despicable Me,6478
Family,6.925389766693115,82690,Wreck-It Ralph,4570
Family,6.918216228485107,630,The Wizard of Oz,1642
Family,6.899538993835449,425,Ice Age,3857
Family,6.875901222229004,9444,Anastasia,1432
Family,6.868140697479248,10315,Fantastic Mr. Fox,1176
Family,6.849826335906982,196,Back to the Future Part III,2900
Family,6.8446173667907715,93456,Despicable Me 2,4637
Family,6.840601444244385,102651,Maleficent,4496
Family,6.814976692199707,433,Mary Poppins,1183
Family,6.813779830932617,771,Home Alone,2414
Family,6.806516170501709,14836,Coraline,1386
Family,6.80621337890625,62211,Monsters University,3528
Family,6.784339427947998,12429,Ponyo,926
Family,6.766631126403809,11688,The Emperor's New Groove,1490
Family,6.764901161193848,81188,Rise of the Guardians,1922
Family,6.7404632568359375,15121,The Sound of Music,941
Family,6.719509601593018,44826,Hugo,2141
Family,6.711495876312256,9502,Kung Fu Panda,3145
Family,6.699933052062988,9023,Spirit: Stallion of the Cimarron,831
Family,6.686784267425537,252,Willy Wonka & the Chocolate Factory,798
Family,6.675266265869141,11544,Lilo & Stitch,1314
Family,6.659968852996826,35,The Simpsons Movie,2264
Family,6.6590118408203125,788,Mrs. Doubtfire,1591
Family,6.649500846862793,2270,Stardust,1184
Family,6.643460750579834,9016,Treasure Planet,948
Family,6.630727291107178,408,Snow White and the Seven Dwarfs,1914
Family,6.624842643737793,228326,The Book of Life,755
Family,6.607738971710205,76492,Hotel Transylvania,2566
Family,6.599366188049316,756,Fantasia,808
Family,6.598177433013916,49519,The Croods,2399
Family,6.596103668212891,62177,Brave,4641
Family,6.592237949371338,9487,A Bug's Life,2303
Family,6.580347537994385,1265,Bridge to Terabithia,1113
Family,6.573048114776611,118,Charlie and the Chocolate Factory,3624
Family,6.565678596496582,10895,Pinocchio,1355
Family,6.56393575668335,14306,Marley & Me,1343
Family,6.556593418121338,34584,The NeverEnding Story,1002
Family,6.552591800689697,809,Shrek 2,2988
Family,6.548917293548584,278927,The Jungle Book,2892
Family,6.537842750549316,411,"The Chronicles of Narnia: The Lion, the Witch and the Wardrobe",2629
Family,6.527947902679443,116149,Paddington,883
Family,6.526505470275879,228161,Home,1519
Family,6.5254364013671875,150689,Cinderella,2374
Family,6.521452903747559,10501,The Road to El Dorado,858
Family,6.513316631317139,3170,Bambi,1405
Family,6.503678321838379,2280,Big,993
Family,6.499520301818848,920,Cars,3877
Family,6.497768402099609,38055,Megamind,1918
Family,6.495061874389648,49444,Kung Fu Panda 2,1880
Family,6.4889373779296875,35690,The Last Song,923
Family,6.484194278717041,953,Madagascar,3237
Family,6.47542142868042,10545,The Hunchback of Notre Dame,1129
Family,6.472904205322266,140300,Kung Fu Panda 3,1603
Family,6.4631028175354,159824,Hotel Transylvania 2,1497
Family,6.4591803550720215,10530,Pocahontas,1457
Family,6.456210136413574,12144,The Land Before Time,640
Family,6.444149494171143,11113,My Fair Lady,352
Family,6.438564777374268,44896,Rango,2051
Family,6.438281059265137,850,A Christmas Story,344
Family,6.436476707458496,926,Galaxy Quest,710
Family,6.43625545501709,10198,The Princess and the Frog,1247
Family,6.43347692489624,10865,Atlantis: The Lost Empire,1224
Family,6.419695854187012,105864,The Good Dinosaur,1736
Family,6.418400764465332,9837,The Prince of Egypt,817
Family,6.4049296379089355,879,Hook,1532
Family,6.400250434875488,950,Ice Age: The Meltdown,2951
Family,6.398205757141113,4523,Enchanted,1449
Family,6.386314868927002,7453,The Hitchhiker's Guide to the Galaxy,1315
Family,6.379251003265381,8355,Ice Age: Dawn of the Dinosaurs,2271
Family,6.377125263214111,82703,Mr. Peabody & Sherman,843
Family,6.376953601837158,533,The Curse of the Were-Rabbit,643
Family,6.3751935958862305,46195,Rio,2166
Family,6.373093128204346,4032,My Girl,428
Family,6.367151260375977,77174,ParaNorman,789
Family,6.355868339538574,22794,Cloudy with a Chance of Meatballs,1747
Family,6.347516059875488,12155,Alice in Wonderland,4645
Family,6.346813678741455,211672,Minions,4571
Family,6.3430352210998535,62214,Frankenweenie,932
Family,6.330793857574463,270946,Penguins of Madagascar,1346
Family,6.3264265060424805,2300,Space Jam,1288
Family,6.320469856262207,11836,The SpongeBob SquarePants Movie,574
Family,6.31506872177124,7443,Chicken Run,1150
Family,6.312589168548584,1667,March of the Penguins,358
Family,6.312378406524658,9036,Eight Below,542
Family,6.304940223693848,49948,Fantasia 2000,292
Family,6.303218841552734,9880,The Princess Diaries,1023
Family,6.301340103149414,170687,The Boxtrolls,668
Family,6.293704509735107,80321,Madagascar 3: Europe's Most Wanted,1808
Family,6.293663501739502,10437,The Muppet Christmas Carol,212
Family,6.291209697723389,74465,We Bought a Zoo,909
Family,6.2876296043396,126319,Ernest & Celestine,142
Family,6.2868523597717285,13187,A Charlie Brown Christmas,153
Family,6.284894943237305,26963,The Secret of Kells,181
Family,6.279112339019775,5255,The Polar Express,1474
Family,6.271783351898193,21334,Children of Heaven,112
Family,6.266453266143799,8326,Holes,383
Family,6.266175270080566,2976,Hairspray,709
Family,6.265365123748779,13156,Secondhand Lions,260
Family,6.265330791473389,41216,Legend of the Guardians: The Owls of Ga'Hoole,703
Family,6.258595943450928,116711,Epic,1121
Family,6.251238822937012,272878,Max,276
Family,6.2496747970581055,51052,Arthur Christmas,333
Family,6.248859405517578,10719,Elf,987
Family,6.248123645782471,1593,Night at the Museum,2862
Family,6.243122577667236,51162,Winnie the Pooh,258
Family,6.2430524826049805,109451,Cloudy with a Chance of Meatballs 2,915
Family,6.24090051651001,772,Home Alone 2: Lost in New York,2395
Family,6.234920978546143,14411,Sinbad: Legend of the Seven Seas,372
Family,6.232862949371338,64328,The Muppets,501
Family,6.232794761657715,17663,Anne of Green Gables,68
Family,6.228126525878906,257,Oliver Twist,274
Family,6.2268290519714355,13053,Bolt,1750
Family,6.226701259613037,18937,Quest for Camelot,190
Family,6.225717067718506,11176,The Muppet Movie,164
Family,6.223880290985107,11283,Nanny McPhee,711
Family,6.223437786102295,2454,The Chronicles of Narnia: Prince Caspian,1630
Family,6.220790386199951,1997,Two Brothers,180
Family,6.219558238983154,9655,She's the Man,671
Family,6.2184858322143555,36970,Oceans,111
Family,6.211486339569092,157841,The Young and Prodigious T.S. Spivet,232
Family,6.210022449493408,71864,The Odd Life of Timothy Green,386
Family,6.207890033721924,16523,Where the Wild Things Are,572
Family,6.202498912811279,7518,Over the Hedge,1074
Family,6.199098587036133,1788,Footloose,505
Family,6.197748184204102,36819,Time Bandits,249
Family,6.197738170623779,1088,Whale Rider,111
Family,6.197666645050049,172385,Rio 2,978
Family,6.194321632385254,10439,Hocus Pocus,471
Family,6.193380355834961,77459,A Monster in Paris,313
Family,6.191860198974609,9297,Monster House,874
Family,6.191404342651367,417859,Puss in Boots,451
Family,6.183286190032959,11904,Young Sherlock Holmes,167
Family,6.181443691253662,62837,Dolphin Tale,163
Family,6.181242942810059,17917,Oliver!,103
Family,6.179354667663574,72197,The Pirates! In an Adventure with Scientists!,374
Family,6.17833948135376,2054,Mr. Holland's Opus,113
Family,6.176314353942871,15487,The Greatest Game Ever Played,110
Family,6.173493385314941,66125,Red Dog,83
Family,6.17310905456543,158852,Tomorrowland,2846
Family,6.171820640563965,57800,Ice Age: Continental Drift,2672
Family,6.170528888702393,8204,The Spiderwick Chronicles,572
Family,6.167405128479004,23479,The Bad News Bears,97
Family,6.163107872009277,11395,The Santa Clause,489
Family,6.163048267364502,10527,Madagascar: Escape 2 Africa,1810
Family,6.160778522491455,13155,Return to Oz,120
Family,6.15862512588501,10140,The Chronicles of Narnia: The Voyage of the Dawn Treader,1514
Family,6.15636682510376,8871,How the Grinch Stole Christmas,1386
Family,6.148802280426025,9816,Save the Last Dance,352
Family,6.14851188659668,227735,Dolphin Tale 2,96
Family,6.147090435028076,67675,Glee: The Concert Movie,79
Family,6.146939277648926,19933,The Brave Little Toaster,93
Family,6.146461009979248,14624,The Ultimate Gift,78
Family,6.145854473114014,17264,The Black Stallion,59
Family,6.145791053771973,10414,The Mighty Ducks,198
Family,6.144166469573975,7450,Titan A.E.,313
Family,6.143491744995117,12227,White Fang,135
Family,6.14251708984375,11887,High School Musical 3: Senior Year,821
Family,6.141525745391846,10800,Dragon Hunters,129
Family,6.137533664703369,294272,Pete's Dragon,679
Family,6.1351542472839355,14635,The Rookie,110
Family,6.134806156158447,8981,Dear Frankie,46
Family,6.134578227996826,13600,City of Ember,605
Family,6.134402751922607,60307,Diary of a Wimpy Kid: Rodrick Rules,238
Family,6.131832122802734,10567,Dinosaur,542
Family,6.129420280456543,13768,Tuck Everlasting,128
Family,6.127658843994141,29339,Nicholas Nickleby,49
Family,6.126393795013428,19405,Recess: School's Out,67
Family,6.12637996673584,15907,Duma,41
Family,6.120603084564209,17908,My Dog Skip,69
Family,6.120127201080322,15655,The Tigger Movie,143
Family,6.119800090789795,13967,Miss Potter,141
Family,6.119749069213867,145220,Muppets Most Wanted,316
Family,6.119558334350586,24266,The Man from Snowy River,37
Family,6.119082927703857,13682,Pooh's Heffalump Movie,88
Family,6.117884159088135,24662,Cats Don't Dance,24
Family,6.1164631843566895,202575,Thunder and the House of Magic,121
Family,6.114223480224609,22796,Simon Birch,52
Family,6.111959457397461,26672,The Thief and the Cobbler,26
Family,6.110690116882324,361475,Departure,12
Family,6.110591888427734,18840,The White Countess,21
Family,6.1084136962890625,35691,Letters to God,37
Family,6.107034683227539,17345,Flywheel,19
Family,6.107034683227539,257932,Dragon Nest: Warriors' Dawn,19
Family,6.106802940368652,12920,Dreamer: Inspired By a True Story,67
Family,6.103924751281738,9975,Curious George,106
Family,6.103806495666504,8359,Kit Kittredge: An American Girl,34
Family,6.1031494140625,26379,Paa,19
Family,6.102774143218994,426469,Growing Up Smith,7
Family,6.102461338043213,14358,Mad Hot Ballroom,8
Family,6.102035045623779,16651,The Other Side of Heaven,14
Family,6.100756645202637,20455,Digimon: The Movie,72
Family,6.100183486938477,15173,Jonah: A VeggieTales Movie,22
Family,6.099575519561768,56601,The Perfect Game,30
Family,6.099148273468018,16653,The Singles Ward,4
Family,6.097917556762695,13579,The Longshots,11
Family,6.097782135009766,34723,The Adventures of Huck Finn,42
Family,6.097715377807617,181533,Night at the Museum: Secret of the Tomb,1851
Family,6.0976996421813965,25379,The Blue Butterfly,6
Family,6.09737491607666,78373,"Dancer, Texas Pop. 81",1
Family,6.096842288970947,77950,Turbo,1074
Family,6.096722602844238,10947,High School Musical,1000
Family,6.096646308898926,268171,Elsa & Fred,31
Family,6.096437454223633,13649,High School Musical 2,843
Family,6.096306324005127,6795,Zathura: A Space Adventure,779
Family,6.096279621124268,16112,The Adventures of Elmo in Grouchland,14
Family,6.096279621124268,37206,A Shine of Rainbows,14
Family,6.096158027648926,9593,Last Action Hero,712
Family,6.096157073974609,39541,Stolen Summer,9
Family,6.096121788024902,27983,"Yours, Mine and Ours",26
Family,6.096042156219482,1268,Mr. Bean's Holiday,663
Family,6.096024990081787,7484,Open Season,656
Family,6.0958428382873535,60400,The Blue Bird,8
Family,6.095578670501709,218778,"Alexander and the Terrible, Horrible, No Good, Very Bad Day",493
Family,6.095438480377197,36696,Space Dogs,10
Family,6.095306873321533,16577,Astro Boy,409
Family,6.095291614532471,357441,Karachi se Lahore,1
Family,6.095212459564209,104896,A Dog Of Flanders,6
Family,6.095197677612305,20653,Roadside Romeo,3
Family,6.094995021820068,294512,Alpha and Omega: The Legend of the Saw Tooth Cave,4
Family,6.094860076904297,16690,Return to Never Land,290
Family,6.094667911529541,38843,Ramona and Beezus,245
Family,6.094475269317627,2661,Batman,203
Family,6.094110012054443,9570,The Black Hole,131
Family,6.093977451324463,13688,CJ7,107
Family,6.0938029289245605,24100,The Little Vampire,77
Family,6.093729019165039,283671,Jungle Shuffle,1
Family,6.093705654144287,17880,Because of Winn-Dixie,61
Family,6.093687534332275,94352,Cirque du Soleil: Worlds Away,58
Family,6.093541145324707,23069,Benji,35
Family,6.093488693237305,14544,Roll Bounce,27
Family,6.093401908874512,71805,Shipwrecked,14
Family,6.093354225158691,15699,Opal Dream,7
Family,6.093305587768555,170480,The Deported,0
Family,6.093305587768555,272726,Dude Where's My Dog?,0
Family,6.093305587768555,447027,Running Forever,0
Family,6.092695236206055,46256,The Lion of Judah,2
Family,6.092687606811523,379532,Rodeo Girl,1
Family,6.092087268829346,39055,Free Style,4
Family,6.092070579528809,24034,Teacher's Pet,2
Family,6.092070579528809,306667,Horse Camp,2
Family,6.092057704925537,14165,Ta Ra Rum Pum,13
Family,6.090878963470459,226354,The Christmas Candle,8
Family,6.090746879577637,73191,The Nutcracker,5
Family,6.090455532073975,77934,The Christmas Bunny,7
Family,6.0896806716918945,22488,Love's Abiding Joy,12
Family,6.088960647583008,371690,Rotor DR1,3
Family,6.0883941650390625,15511,VeggieTales: The Pirates Who Don't Do Anything,25
Family,6.087933540344238,36825,The R.M.,4
Family,6.086707592010498,171759,The Lost Medallion: The Adventures of Billy Stone,13
Family,6.085842132568359,34099,Brave New Girl,3
Family,6.085560321807861,61038,Go for It!,5
Family,6.085010051727295,59981,Legends of Oz: Dorothy's Return,43
Family,6.085000038146973,45767,Time Changer,9
Family,6.084494590759277,16340,Rugrats in Paris: The Movie,100
Family,6.0836591720581055,173931,Legend of a Rabbit,3
Family,6.0836591720581055,292481,Henry & Me,3
Family,6.08262825012207,20542,Delgo,15
Family,6.082281112670898,24961,The Wiz,58
Family,6.08095121383667,16110,Thomas and the Magic Railroad,8
Family,6.080438613891602,14317,The Wild Thornberrys Movie,44
Family,6.08035135269165,49478,Warriors of Virtue,9
Family,6.0796685218811035,55567,Standing Ovation,6
Family,6.079421520233154,25786,Samantha: An American Girl Holiday,9
Family,6.079046726226807,73247,Heartbeeps,6
Family,6.077757358551025,16508,Doug's 1st Movie,22
Family,6.076687335968018,25353,The True Story of Puss 'n Boots,7
Family,6.076467990875244,76706,Christmas Mail,15
Family,6.07570219039917,82650,Diary of a Wimpy Kid: Dog Days,223
Family,6.075494766235352,14429,Drive Me Crazy,62
Family,6.075303554534912,38223,Harriet the Spy,46
Family,6.074753761291504,4244,The Kid,238
Family,6.074753761291504,10188,The Sisterhood of the Traveling Pants 2,238
Family,6.072822570800781,172391,Khumba,72
Family,6.072734832763672,34043,On the Line,10
Family,6.070903301239014,10028,Honey,303
Family,6.070241928100586,34549,Max Keeble's Big Move,33
Family,6.070122718811035,246449,Against the Wild,19
Family,6.069606781005859,11359,The Indian in the Cupboard,134
Family,6.0691423416137695,10991,Pokémon: Spell of the Unknown,137
Family,6.068619728088379,1273,TMNT,345
Family,6.067630767822266,10208,Muppets from Space,92
Family,6.0672783851623535,18276,Hoot,44
Family,6.066887378692627,17644,Barney's Great Adventure,8
Family,6.0661492347717285,17834,A Simple Wish,46
Family,6.066143035888672,17043,The Crocodile Hunter: Collision Course,34
Family,6.066088676452637,22102,Troop Beverly Hills,56
Family,6.064513206481934,13680,The Game Plan,428
Family,6.0638041496276855,20694,Rugrats Go Wild,61
Family,6.06355094909668,18126,Hannah Montana: The Movie,449
Family,6.063349723815918,17710,Hey Arnold! The Movie,62
Family,6.062891483306885,3587,Bogus,44
Family,6.062792778015137,196867,Annie,466
Family,6.062045574188232,13374,Ice Princess,185
Family,6.06109619140625,112937,The Oogieloves in the Big Balloon Adventure,8
Family,6.0589494705200195,49852,The Nutcracker: The Untold Story,50
Family,6.058851718902588,9822,Mighty Joe Young,208
Family,6.057906627655029,34086,Spaced Invaders,25
Family,6.05769157409668,2309,Inkheart,592
Family,6.057111740112305,9449,The Borrowers,135
Family,6.056670188903809,18357,The Country Bears,20
Family,6.056175231933594,12610,Osmosis Jones,228
Family,6.056166172027588,21972,Like Mike,100
Family,6.055994987487793,9992,Arthur and the Invisibles,639
Family,6.0552449226379395,14043,Nancy Drew,143
Family,6.0545806884765625,40688,Meet the Deedles,19
Family,6.0540337562561035,11130,The Princess Diaries 2: Royal Engagement,697
Family,6.052884101867676,9598,Babe,733
Family,6.051041603088379,19084,Johnson Family Vacation,30
Family,6.051041603088379,21765,Good Boy!,30
Family,6.0497307777404785,25132,Shorts,44
Family,6.048816204071045,11619,Flushed Away,874
Family,6.04866361618042,18147,Unaccompanied Minors,66
Family,6.046314239501953,1649,Bill & Ted's Bogus Journey,308
Family,6.045676231384277,267935,The BFG,1000
Family,6.0452375411987305,8839,Casper,1019
Family,6.042402267456055,50135,Animals United,90
Family,6.041080474853516,33217,Diary of a Wimpy Kid,355
Family,6.0410308837890625,14444,The Rugrats Movie,147
Family,6.040779113769531,133931,Zambezia,68
Family,6.040341854095459,9099,Sgt. Bilko,94
Family,6.040107727050781,8916,Antz,1272
Family,6.039999961853027,24432,Doogal,18
Family,6.039801597595215,10985,The New Guy,151
Family,6.0390400886535645,9928,Robots,1333
Family,6.037565231323242,15512,Monsters vs Aliens,1423
Family,6.036570072174072,39180,See Spot Run,44
Family,6.035024642944336,18975,The Adventures of Pinocchio,54
Family,6.0327935218811035,14442,Ella Enchanted,437
Family,6.032079219818115,12154,Three Men and a Baby,253
Family,6.031125545501709,10199,The Tale of Despereaux,258
Family,6.030664920806885,10192,Shrek Forever After,1959
Family,6.03013801574707,32657,Percy Jackson & the Olympians: The Lightning Thief,2010
Family,6.029682159423828,10748,St. Trinian's,142
Family,6.029415130615234,36355,Flipper,84
Family,6.028914928436279,10982,Hoodwinked!,479
Family,6.0281267166137695,11212,Baby's Day Out,274
Family,6.0279998779296875,15489,Snow Day,51
Family,6.027642726898193,810,Shrek the Third,2278
Family,6.026198387145996,49953,A Turtle's Tale: Sammy's Adventures,151
Family,6.025927543640137,1497,Teenage Mutant Ninja Turtles II: The Secret of the Ooze,286
Family,6.025565147399902,9986,Charlotte's Web,288
Family,6.024875164031982,15189,Hotel for Dogs,202
Family,6.023042678833008,227707,The Adventurer: The Curse of the Midas Box,73
Family,6.018833160400391,9408,Surf's Up,601
Family,6.017716884613037,9893,Sleepover,101
Family,6.017358303070068,18885,3 Ninjas Kick Back,48
Family,6.016823768615723,9849,My Favorite Martian,80
Family,6.016810417175293,9981,Kicking & Screaming,176
Family,6.014347553253174,20737,Air Bud,106
Family,6.014184474945068,13824,Superstar,83
Family,6.012792587280273,23367,Bandslam,126
Family,6.012607574462891,14191,Aquamarine,364
Family,6.0121283531188965,10472,Down to You,70
Family,6.011171340942383,65759,Happy Feet Two,373
Family,6.010948181152344,175574,Free Birds,254
Family,6.009716510772705,11802,Space Chimps,99
Family,6.0092387199401855,11870,Big Fat Liar,197
Family,6.005681037902832,20483,Catch That Kid,76
Family,6.004423141479492,18736,The Lizzie McGuire Movie,280
Family,6.002797603607178,258509,Alvin and the Chipmunks: The Road Chip,428
Family,6.002474784851074,12819,Alpha and Omega,124
Family,6.001985549926758,238603,Earth to Echo,290
Family,5.999666690826416,10202,Bedtime Stories,901
Family,5.997546195983887,12589,Jimmy Neutron: Boy Genius,231
Family,5.996905326843262,266647,Pan,954
Family,5.993986129760742,10025,Just My Luck,491
Family,5.993578910827637,153518,The Angry Birds Movie,1022
Family,5.992161273956299,68179,Escape from Planet Earth,332
Family,5.9919657707214355,15028,Clockstoppers,89
Family,5.991929054260254,9969,Deck the Halls,109
Family,5.991347312927246,50321,Mars Needs Moms,199
Family,5.990479469299316,333348,Love the Coopers,167
Family,5.9896559715271,15648,The Perfect Man,203
Family,5.988338470458984,15582,Teen Wolf Too,46
Family,5.987265586853027,7459,Speed Racer,354
Family,5.986401557922363,11459,Sky High,550
Family,5.9857497215271,9310,American Dreamz,95
Family,5.98569393157959,116977,Foodfight!,28
Family,5.985244274139404,14873,The Jungle Book 2,269
Family,5.984505653381348,77951,Walking With Dinosaurs,133
Family,5.983992099761963,17709,Dudley Do-Right,48
Family,5.979806900024414,13700,Home on the Range,389
Family,5.976655960083008,10715,Looney Tunes: Back in Action,297
Family,5.97293758392334,15045,Fat Albert,69
Family,5.971714496612549,10642,Loser,120
Family,5.971108436584473,76285,Percy Jackson: Sea of Monsters,1648
Family,5.967628002166748,228165,The SpongeBob Movie: Sponge Out of Water,719
Family,5.967013359069824,10488,Nim's Island,330
Family,5.965017318725586,11888,Snow Dogs,185
Family,5.9632697105407715,18360,Night at the Museum: Battle of the Smithsonian,1971
Family,5.96157693862915,39691,Cats & Dogs 2 : The Revenge of Kitty Galore,119
Family,5.958937644958496,9353,Nacho Libre,359
Family,5.956180095672607,10022,The Pacifier,842
Family,5.953009605407715,9021,The Santa Clause 2,297
Family,5.947206020355225,5393,Happily N'Ever After,104
Family,5.946652889251709,10137,Stuart Little,959
Family,5.946552276611328,14144,Daddy Day Camp,91
Family,5.946281433105469,38579,Marmaduke,149
Family,5.946051120758057,14113,Zoom,135
Family,5.945653915405273,31117,Superbabies: Baby Geniuses 2,35
Family,5.945211410522461,227783,The Nut Job,319
Family,5.944168567657471,302688,My Big Fat Greek Wedding 2,322
Family,5.94364595413208,13673,Christmas with the Kranks,193
Family,5.9425506591796875,9907,Barnyard,225
Family,5.94193172454834,328111,The Secret Life of Pets,3462
Family,5.941069602966309,50359,Hop,331
Family,5.93787145614624,57089,Hoodwinked Too! Hood VS. Evil,131
Family,5.936334133148193,23172,The Spy Next Door,345
Family,5.933403491973877,1499,Teenage Mutant Ninja Turtles III,184
Family,5.932831287384033,22949,Old Dogs,210
Family,5.93240213394165,20856,Aliens in the Attic,244
Family,5.929419040679932,9906,The Ant Bully,366
Family,5.9292192459106445,14623,Thunderbirds,91
Family,5.9266157150268555,41515,Yogi Bear,220
Family,5.926000118255615,11637,Are We There Yet?,221
Family,5.924021244049072,88751,Journey to the Center of the Earth,1309
Family,5.922921657562256,10708,Daddy Day Care,506
Family,5.9205732345581055,58224,Mr. Popper's Penguins,751
Family,5.917487621307373,14175,Valiant,235
Family,5.914357662200928,54518,Justin Bieber: Never Say Never,154
Family,5.913505554199219,12096,The Pink Panther,550
Family,5.913288116455078,13908,The Master of Disguise,78
Family,5.912781715393066,9978,Stormbreaker,213
Family,5.912263870239258,16866,Planet 51,556
Family,5.911796569824219,10555,Shark Tale,1557
Family,5.910879611968994,17711,The Adventures of Rocky & Bullwinkle,87
Family,5.896222114562988,17130,Crossroads,158
Family,5.894142150878906,10067,The Shaggy Dog,137
Family,5.894010543823242,49013,Cars 2,2033
Family,5.8906965255737305,22345,Baby Geniuses,75
Family,5.8875885009765625,13836,Race to Witch Mountain,509
Family,5.885709285736084,889,The Flintstones in Viva Rock Vegas,134
Family,5.883901119232178,11011,Ri¢hie Ri¢h,415
Family,5.879777431488037,14405,Beverly Hills Chihuahua,209
Family,5.877753257751465,9447,Babe: Pig in the City,305
Family,5.877079963684082,5559,Bee Movie,1171
Family,5.870912551879883,9279,Jingle All the Way,575
Family,5.860762119293213,55301,Alvin and the Chipmunks: Chipwrecked,484
Family,5.856962203979492,10603,George of the Jungle,496
Family,5.848883628845215,10481,102 Dalmatians,313
Family,5.848597049713135,9982,Chicken Little,944
Family,5.8440022468566895,77931,The Smurfs 2,695
Family,5.822951793670654,10996,Stuart Little 2,613
Family,5.822154998779297,38317,Zookeeper,498
Family,5.814040660858154,9488,Spy Kids 2: The Island of Lost Dreams,521
Family,5.811599254608154,10054,Spy Kids,867
Family,5.809156894683838,23398,Alvin and the Chipmunks: The Squeakquel,666
Family,5.804182529449463,3050,Doctor Dolittle,686
Family,5.801178932189941,10756,The Haunted Mansion,466
Family,5.799756050109863,10992,Cats & Dogs,352
Family,5.788331031799316,11260,Meet Dave,371
Family,5.784023284912109,68728,Oz: The Great and Powerful,3530
Family,5.778381824493408,2157,Lost in Space,388
Family,5.7750043869018555,56288,Spy Kids: All the Time in the World,222
Family,5.774471759796143,62764,Mirror Mirror,1114
Family,5.769416809082031,9513,Garfield: A Tail of Two Kitties,464
Family,5.766376495361328,6477,Alvin and the Chipmunks,1177
Family,5.766127109527588,41513,The Smurfs,1179
Family,5.763682842254639,10588,The Cat in the Hat,366
Family,5.759963512420654,9574,Flubber,695
Family,5.748454570770264,19585,G-Force,510
Family,5.735924243927002,10808,Dr. Dolittle 2,410
Family,5.734630107879639,11451,Herbie Fully Loaded,542
Family,5.733202934265137,2395,Asterix at the Olympic Games,471
Family,5.722377777099609,14199,The Adventures of Sharkboy and Lavagirl,269
Family,5.698055744171143,888,The Flintstones,543
Family,5.690371990203857,14560,Paul Blart: Mall Cop,788
Family,5.687077522277832,256961,Paul Blart: Mall Cop 2,567
Family,5.68554162979126,9607,Super Mario Bros.,232
Family,5.681551456451416,8920,Garfield,820
Family,5.660559177398682,2698,Evan Almighty,1151
Family,5.659960746765137,81005,Jack the Giant Slayer,2598
Family,5.646734714508057,332,Inspector Gadget,318
Family,5.608965873718262,12279,Spy Kids 3-D: Game Over,511
Family,5.494174480438232,2486,Eragon,967
Family,5.443546772003174,10214,Son of the Mask,338
Family,5.333260536193848,10196,The Last Airbender,1151
Comedy,7.972640037536621,13,Forrest Gump,7927
Comedy,7.7568135261535645,150540,Inside Out,6560
Comedy,7.7401933670043945,105,Back to the Future,6079
Comedy,7.6699042320251465,106646,The Wolf of Wall Street,6571
Comedy,7.6662068367004395,120467,The Grand Budapest Hotel,4519
Comedy,7.569281101226807,177572,Big Hero 6,6135
Comedy,7.503190517425537,14160,Up,6870
Comedy,7.502197742462158,37165,The Truman Show,4537
Comedy,7.4525980949401855,862,Toy Story,5269
Comedy,7.4166035652160645,194,Amélie,3310
Comedy,7.3787078857421875,115,The Big Lebowski,2926
Comedy,7.339935302734375,10193,Toy Story 3,4597
Comedy,7.306035995483398,585,"Monsters, Inc.",5996
Comedy,7.29517126083374,293660,Deadpool,10995
Comedy,7.2591142654418945,122906,About Time,2067
Comedy,7.246805667877197,2062,Ratatouille,4369
Comedy,7.244545936584473,82702,How to Train Your Dragon 2,3106
Comedy,7.238433837890625,935,Dr. Strangelove or: How I Learned to Stop Worrying and Love the Bomb,1442
Comedy,7.186306476593018,762,Monty Python and the Holy Grail,1708
Comedy,7.171911239624023,194662,Birdman,4535
Comedy,7.165172576904297,137106,The Lego Movie,3070
Comedy,7.138278961181641,165,Back to the Future Part II,3829
Comedy,7.113572597503662,812,Aladdin,3416
Comedy,7.100763320922852,747,Shaun of the Dead,2420
Comedy,7.069248199462891,808,Shrek,4056
Comedy,7.0571417808532715,863,Toy Story 2,3806
Comedy,7.051188945770264,18785,The Hangover,6173
Comedy,7.0487141609191895,83666,Moonrise Kingdom,1662
Comedy,7.039713382720947,3082,Modern Times,856
Comedy,7.0156073570251465,137,Groundhog Day,2301
Comedy,7.009030818939209,2493,The Princess Bride,1486
Comedy,7.003191947937012,4638,Hot Fuzz,2199
Comedy,6.989973545074463,773,Little Miss Sunshine,1686
Comedy,6.982539176940918,100,"Lock, Stock and Two Smoking Barrels",1648
Comedy,6.975485324859619,318846,The Big Short,2607
Comedy,6.975069522857666,59436,Midnight in Paris,1990
Comedy,6.968755722045898,703,Annie Hall,1010
Comedy,6.965183734893799,239,Some Like It Hot,808
Comedy,6.9646220207214355,19908,Zombieland,3550
Comedy,6.939045429229736,114150,Pitch Perfect,2247
Comedy,6.925389766693115,82690,Wreck-It Ralph,4570
Comedy,6.925260066986084,19913,(500) Days of Summer,2904
Comedy,6.899538993835449,425,Ice Age,3857
Comedy,6.868140697479248,10315,Fantastic Mr. Fox,1176
Comedy,6.8660759925842285,8321,In Bruges,1388
Comedy,6.864954948425293,4951,10 Things I Hate About You,1701
Comedy,6.855974197387695,22538,Scott Pilgrim vs. the World,2126
Comedy,6.85012674331665,3034,Young Frankenstein,854
Comedy,6.849826335906982,196,Back to the Future Part III,2900
Comedy,6.8446173667907715,93456,Despicable Me 2,4637
Comedy,6.841817378997803,9428,The Royal Tenenbaums,1286
Comedy,6.8334879875183105,525,The Blues Brothers,1065
Comedy,6.832058429718018,184,Jackie Brown,1514
Comedy,6.82922887802124,872,Singin' in the Rain,727
Comedy,6.814976692199707,433,Mary Poppins,1183
Comedy,6.813779830932617,771,Home Alone,2414
Comedy,6.804098606109619,9277,The Sting,622
Comedy,6.800551891326904,203801,The Man from U.N.C.L.E.,2265
Comedy,6.796746253967285,187017,22 Jump Street,3319
Comedy,6.788076877593994,116745,The Secret Life of Walter Mitty,3144
Comedy,6.785144329071045,350,The Devil Wears Prada,3088
Comedy,6.77708101272583,198277,Begin Again,1254
Comedy,6.776247024536133,1542,Office Space,1050
Comedy,6.770380020141602,140823,Saving Mr. Banks,1226
Comedy,6.766631126403809,11688,The Emperor's New Groove,1490
Comedy,6.765450954437256,284,The Apartment,483
Comedy,6.76430082321167,82693,Silver Linings Playbook,4742
Comedy,6.760063171386719,257211,The Intern,1881
Comedy,6.758780002593994,68,Brazil,861
Comedy,6.755963325500488,607,Men in Black,4412
Comedy,6.750546932220459,765,Evil Dead II,742
Comedy,6.744409084320068,50646,"Crazy, Stupid, Love.",2443
Comedy,6.741226673126221,134,"O Brother, Where Art Thou?",1112
Comedy,6.7382426261901855,492,Being John Malkovich,1101
Comedy,6.730389595031738,1878,Fear and Loathing in Las Vegas,1301
Comedy,6.728529453277588,7326,Juno,2244
Comedy,6.723695278167725,74643,The Artist,1049
Comedy,6.715750217437744,8363,Superbad,2100
Comedy,6.711495876312256,9502,Kung Fu Panda,3145
Comedy,6.699933052062988,9023,Spirit: Stallion of the Cimarron,831
Comedy,6.698244094848633,4011,Beetlejuice,1444
Comedy,6.696925640106201,594,The Terminal,1910
Comedy,6.693808078765869,639,When Harry Met Sally...,950
Comedy,6.692532062530518,508,Love Actually,1869
Comedy,6.678550720214844,114,Pretty Woman,1746
Comedy,6.6749114990234375,11545,Rushmore,676
Comedy,6.668891429901123,2292,Clerks,755
Comedy,6.666752338409424,71,Billy Elliot,750
Comedy,6.664068222045898,10625,Mean Girls,2320
Comedy,6.659968852996826,35,The Simpsons Movie,2264
Comedy,6.659235954284668,46838,Tucker and Dale vs Evil,847
Comedy,6.6590118408203125,788,Mrs. Doubtfire,1591
Comedy,6.656026840209961,766,Army of Darkness,838
Comedy,6.633660793304443,2898,As Good as It Gets,915
Comedy,6.627595901489258,138832,We're the Millers,2972
Comedy,6.625125408172607,813,Airplane!,1074
Comedy,6.624842643737793,228326,The Book of Life,755
Comedy,6.624758720397949,5236,Kiss Kiss Bang Bang,886
Comedy,6.6107683181762695,179144,The Great Beauty,720
Comedy,6.6085004806518555,509,Notting Hill,1262
Comedy,6.6083245277404785,40807,50/50,1261
Comedy,6.607738971710205,76492,Hotel Transylvania,2566
Comedy,6.607083797454834,9470,Kung Fu Hustle,831
Comedy,6.598177433013916,49519,The Croods,2399
Comedy,6.597213268280029,927,Gremlins,1596
Comedy,6.596103668212891,62177,Brave,4641
Comedy,6.592237949371338,9487,A Bug's Life,2303
Comedy,6.588919162750244,338,"Good bye, Lenin!",586
Comedy,6.58734130859375,9571,Dazed and Confused,583
Comedy,6.5843987464904785,64688,21 Jump Street,4074
Comedy,6.579942226409912,7350,The Bucket List,1111
Comedy,6.578714847564697,9473,"South Park: Bigger, Longer & Uncut",893
Comedy,6.577287197113037,160588,Blue Jasmine,1098
Comedy,6.575378894805908,2757,Adaptation.,638
Comedy,6.573048114776611,118,Charlie and the Chocolate Factory,3624
Comedy,6.571730613708496,522,Ed Wood,630
Comedy,6.566222667694092,254470,Pitch Perfect 2,1940
Comedy,6.56393575668335,14306,Marley & Me,1343
Comedy,6.561273097991943,291805,Now You See Me 2,3235
Comedy,6.5567755699157715,308639,Dope,691
Comedy,6.552591800689697,809,Shrek 2,2988
Comedy,6.546879768371582,18947,The Boat That Rocked,666
Comedy,6.544864177703857,319888,Eddie the Eagle,661
Comedy,6.543241024017334,421,The Life Aquatic with Steve Zissou,775
Comedy,6.539361000061035,239563,St. Vincent,763
Comedy,6.533812999725342,256591,Focus,2542
Comedy,6.531102180480957,1621,Trading Places,738
Comedy,6.527947902679443,116149,Paddington,883
Comedy,6.526505470275879,228161,Home,1519
Comedy,6.525345325469971,1262,Stranger Than Fiction,721
Comedy,6.52313756942749,11072,Blazing Saddles,609
Comedy,6.521452903747559,10501,The Road to El Dorado,858
Comedy,6.519819736480713,6978,Big Trouble in Little China,705
Comedy,6.516402721405029,37735,Easy A,2210
Comedy,6.514505863189697,10312,Patch Adams,832
Comedy,6.51383113861084,147773,The Way Way Back,688
Comedy,6.506191253662109,49020,Submarine,443
Comedy,6.505163192749023,9388,Thank You for Smoking,664
Comedy,6.503678321838379,2280,Big,993
Comedy,6.502884864807129,272693,The DUFF,1322
Comedy,6.499520301818848,920,Cars,3877
Comedy,6.497768402099609,38055,Megamind,1918
Comedy,6.49749231338501,2277,Bicentennial Man,963
Comedy,6.4969892501831055,801,"Good Morning, Vietnam",642
Comedy,6.4959306716918945,304410,The Bélier Family,766
Comedy,6.489424705505371,18240,The Proposal,1804
Comedy,6.487812519073486,401,Garden State,618
Comedy,6.487613201141357,72113,Carnage,738
Comedy,6.487424373626709,107985,The World's End,1778
Comedy,6.472904205322266,140300,Kung Fu Panda 3,1603
Comedy,6.471005916595459,39514,RED,2808
Comedy,6.4631028175354,159824,Hotel Transylvania 2,1497
Comedy,6.462716102600098,8699,Anchorman: The Legend of Ron Burgundy,1493
Comedy,6.462321758270264,157386,The Spectacular Now,1048
Comedy,6.460942268371582,9603,Clueless,803
Comedy,6.458373546600342,854,The Mask,2472
Comedy,6.456150054931641,3083,Mr. Smith Goes to Washington,241
Comedy,6.454816818237305,1584,School of Rock,1414
Comedy,6.4522199630737305,219,Volver,406
Comedy,6.452098369598389,243,High Fidelity,628
Comedy,6.451361656188965,3078,It Happened One Night,275
Comedy,6.447021007537842,90,Beverly Hills Cop,961
Comedy,6.4451727867126465,392,Chocolat,951
Comedy,6.442357063293457,6615,Lars and the Real Girl,509
Comedy,6.441410064697266,1824,50 First Dates,2105
Comedy,6.438564777374268,44896,Rango,2051
Comedy,6.4383320808410645,10377,My Cousin Vinny,384
Comedy,6.438281059265137,850,A Christmas Story,344
Comedy,6.436476707458496,926,Galaxy Quest,710
Comedy,6.43359899520874,1581,The Holiday,1225
Comedy,6.43126106262207,86838,Seven Psychopaths,1206
Comedy,6.427127361297607,1574,Chicago,677
Comedy,6.425677299499512,43923,It's Kind of a Funny Story,672
Comedy,6.4196858406066895,1832,Dogma,823
Comedy,6.417117118835449,1597,Meet the Parents,1698
Comedy,6.4092936515808105,136400,2 Guns,1589
Comedy,6.405252933502197,10634,Friday,503
Comedy,6.4049296379089355,879,Hook,1532
Comedy,6.4029459953308105,1548,Ghost World,426
Comedy,6.400606632232666,787,Mr. & Mrs. Smith,2965
Comedy,6.400250434875488,950,Ice Age: The Meltdown,2951
Comedy,6.3999128341674805,11687,The Visitors,420
Comedy,6.398205757141113,4523,Enchanted,1449
Comedy,6.39479923248291,11153,National Lampoon's Vacation,410
Comedy,6.392646789550781,65057,The Descendants,934
Comedy,6.3891987800598145,9390,Jerry Maguire,913
Comedy,6.387361526489258,957,Spaceballs,902
Comedy,6.38679838180542,291270,Anomalisa,459
Comedy,6.386314868927002,7453,The Hitchhiker's Guide to the Galaxy,1315
Comedy,6.386104106903076,121986,Frances Ha,345
Comedy,6.383600234985352,177,The Fisher King,341
Comedy,6.380443096160889,8051,Punch-Drunk Love,530
Comedy,6.379474639892578,51540,Horrible Bosses,2277
Comedy,6.379251003265381,8355,Ice Age: Dawn of the Dinosaurs,2271
Comedy,6.37899923324585,48034,Little White Lies,380
Comedy,6.378321170806885,43347,Love & Other Drugs,1233
Comedy,6.378018856048584,2907,The Addams Family,848
Comedy,6.377966403961182,50544,Friends with Benefits,2237
Comedy,6.376953601837158,533,The Curse of the Were-Rabbit,643
Comedy,6.3751935958862305,46195,Rio,2166
Comedy,6.373093128204346,4032,My Girl,428
Comedy,6.370824813842773,37495,Four Lions,423
Comedy,6.3694281578063965,8265,Welcome to the Sticks,615
Comedy,6.369378089904785,10189,Pineapple Express,1148
Comedy,6.3686676025390625,2196,Death at a Funeral,497
Comedy,6.368540287017822,8469,Animal House,418
Comedy,6.367151260375977,77174,ParaNorman,789
Comedy,6.363509178161621,152737,August: Osage County,483
Comedy,6.361642360687256,9675,Sideways,478
Comedy,6.361597061157227,8467,Dumb and Dumber,1859
Comedy,6.358071327209473,39513,Paul,1789
Comedy,6.356101036071777,10925,The Return of the Living Dead,267
Comedy,6.355868339538574,22794,Cloudy with a Chance of Meatballs,1747
Comedy,6.354428768157959,74534,The Best Exotic Marigold Hotel,459
Comedy,6.353265762329102,9737,Bad Boys,1699
Comedy,6.352712631225586,232672,Blended,1006
Comedy,6.352660179138184,84332,Safety Not Guaranteed,556
Comedy,6.35147762298584,7446,Tropic Thunder,1667
Comedy,6.351137638092041,55721,Bridesmaids,1661
Comedy,6.347281455993652,1547,The Lost Boys,538
Comedy,6.346991062164307,544,There's Something About Mary,1590
Comedy,6.346813678741455,211672,Minions,4571
Comedy,6.346327781677246,496,Borat: Cultural Learnings of America for Make Benefit Glorious Nation of Kazakhstan,1579
Comedy,6.346085071563721,136795,The Heat,1575
Comedy,6.345414161682129,57214,Project X,1564
Comedy,6.345036029815674,1850,Man on the Moon,435
Comedy,6.3430352210998535,62214,Frankenweenie,932
Comedy,6.341048240661621,211954,Instructions Not Included,205
Comedy,6.3394060134887695,9576,Tootsie,421
Comedy,6.335737228393555,403,Driving Miss Daisy,350
Comedy,6.332606792449951,864,Cool Runnings,491
Comedy,6.331526279449463,8390,"Definitely, Maybe",620
Comedy,6.331524848937988,634,Bridget Jones's Diary,1356
Comedy,6.330793857574463,270946,Penguins of Madagascar,1346
Comedy,6.329904079437256,2295,Clerks II,398
Comedy,6.328041076660156,2056,The Station Agent,210
Comedy,6.327546119689941,9662,The Triplets of Belleville,231
Comedy,6.3264265060424805,2300,Space Jam,1288
Comedy,6.32593297958374,310,Bruce Almighty,3012
Comedy,6.323122501373291,37056,Letters to Juliet,796
Comedy,6.321218013763428,13342,Fast Times at Ridgemont High,322
Comedy,6.321173667907715,4944,Burn After Reading,1222
Comedy,6.320469856262207,11836,The SpongeBob SquarePants Movie,574
Comedy,6.319006443023682,84329,Robot & Frank,450
Comedy,6.318548679351807,82654,Warm Bodies,2652
Comedy,6.317649841308594,11934,The Hudsucker Proxy,275
Comedy,6.316303253173828,12207,The Legend of Drunken Master,242
Comedy,6.315452575683594,8193,Napoleon Dynamite,554
Comedy,6.31506872177124,7443,Chicken Run,1150
Comedy,6.313350200653076,9013,Midnight Run,238
Comedy,6.313165664672852,10683,Happiness,194
Comedy,6.309640407562256,2105,American Pie,2296
Comedy,6.307016372680664,12133,Step Brothers,1062
Comedy,6.305859565734863,11282,Harold & Kumar Go to White Castle,693
Comedy,6.305681228637695,6415,Three Kings,692
Comedy,6.303218841552734,9880,The Princess Diaries,1023
Comedy,6.302221298217773,816,Austin Powers: International Man of Mystery,1013
Comedy,6.301340103149414,170687,The Boxtrolls,668
Comedy,6.300942420959473,9454,Ever After: A Cinderella Story,399
Comedy,6.299864292144775,3989,Team America: World Police,660
Comedy,6.298357009887695,2293,Mallrats,392
Comedy,6.297022819519043,838,American Graffiti,324
Comedy,6.294581890106201,712,Four Weddings and a Funeral,632
Comedy,6.293896198272705,10201,Yes Man,1813
Comedy,6.293663501739502,10437,The Muppet Christmas Carol,212
Comedy,6.291209697723389,74465,We Bought a Zoo,909
Comedy,6.29081916809082,67913,The Guard,372
Comedy,6.2902092933654785,2639,Deconstructing Harry,187
Comedy,6.290187835693359,1555,The Spanish Apartment,266
Comedy,6.289706230163574,245,About a Boy,607
Comedy,6.288237571716309,1648,Bill & Ted's Excellent Adventure,454
Comedy,6.287911415100098,8488,Hitch,1665
Comedy,6.2876296043396,126319,Ernest & Celestine,142
Comedy,6.287352561950684,9427,The Full Monty,363
Comedy,6.2871809005737305,3049,Ace Ventura: Pet Detective,1648
Comedy,6.2868523597717285,13187,A Charlie Brown Christmas,153
Comedy,6.284204959869385,274479,Joy,1581
Comedy,6.282354831695557,171274,Inherent Vice,833
Comedy,6.282261371612549,19265,Whatever Works,350
Comedy,6.2820258140563965,2255,Chasing Amy,433
Comedy,6.281903266906738,13007,Religulous,197
Comedy,6.281641960144043,146216,RED 2,1526
Comedy,6.28107213973999,55347,Beginners,347
Comedy,6.277129650115967,37137,The Naked Gun 2½: The Smell of Fear,546
Comedy,6.276575565338135,1624,Liar Liar,1424
Comedy,6.276113033294678,67660,Think Like a Man,281
Comedy,6.276053428649902,11635,Old School,541
Comedy,6.275505065917969,11971,Much Ado About Nothing,189
Comedy,6.274575710296631,11631,Mamma Mia!,1386
Comedy,6.2731852531433105,704,A Hard Day's Night,168
Comedy,6.2730793952941895,9434,Grosse Pointe Blank,275
Comedy,6.2724504470825195,9614,Happy Gilmore,755
Comedy,6.271783351898193,21334,Children of Heaven,112
Comedy,6.2716755867004395,9778,Serendipity,521
Comedy,6.268808364868164,8872,Wayne's World,728
Comedy,6.268702507019043,9647,Scrooged,390
Comedy,6.268313884735107,9372,Super Size Me,506
Comedy,6.266453266143799,8326,Holes,383
Comedy,6.266175270080566,2976,Hairspray,709
Comedy,6.265365123748779,13156,Secondhand Lions,260
Comedy,6.26495885848999,193893,Let's Be Cops,1219
Comedy,6.264954090118408,72105,Ted,4697
Comedy,6.264882564544678,11770,Shaolin Soccer,491
Comedy,6.264179706573486,11013,Secretary,376
Comedy,6.263023376464844,12573,A Serious Man,483
Comedy,6.261980056762695,9870,Forgetting Sarah Marshall,1172
Comedy,6.261961936950684,15067,"The Good, The Bad, The Weird",193
Comedy,6.259561061859131,2755,About Schmidt,362
Comedy,6.2585015296936035,9352,EuroTrip,656
Comedy,6.2585015296936035,10147,Bad Santa,656
Comedy,6.256877422332764,11287,A League of Their Own,354
Comedy,6.253889560699463,5175,Rush Hour 2,1054
Comedy,6.253451824188232,13685,Bottle Rocket,281
Comedy,6.2529144287109375,45132,Super,441
Comedy,6.250147342681885,9336,Police Academy,602
Comedy,6.249766826629639,11561,Sleeper,200
Comedy,6.2496747970581055,51052,Arthur Christmas,333
Comedy,6.248859405517578,10719,Elf,987
Comedy,6.248123645782471,1593,Night at the Museum,2862
Comedy,6.247684955596924,20943,The Ugly Truth,972
Comedy,6.247169017791748,9430,Go,196
Comedy,6.247156143188477,10707,The Squid and the Whale,226
Comedy,6.246410846710205,9007,Just Like Heaven,579
Comedy,6.2430524826049805,109451,Cloudy with a Chance of Meatballs 2,915
Comedy,6.241848945617676,9464,Buffalo '66,166
Comedy,6.24090051651001,772,Home Alone 2: Lost in New York,2395
Comedy,6.240825176239014,10218,Swingers,253
Comedy,6.240325450897217,315664,Florence Foster Jenkins,392
Comedy,6.240259170532227,109414,This Is the End,2359
Comedy,6.239930152893066,256962,Little Boy,185
Comedy,6.23818302154541,10776,Little Shop of Horrors,384
Comedy,6.238065719604492,5,Four Rooms,530
Comedy,6.236473083496094,5994,The Family Man,521
Comedy,6.235400199890137,16538,"I Love You, Man",515
Comedy,6.234577655792236,1544,Imagine Me & You,177
Comedy,6.233830451965332,943,Lethal Weapon 3,811
Comedy,6.233774662017822,39781,The Kids Are All Right,506
Comedy,6.233592987060547,239678,This Is Where I Leave You,505
Comedy,6.232990741729736,11977,Caddyshack,365
Comedy,6.232862949371338,64328,The Muppets,501
Comedy,6.232696056365967,137093,Last Vegas,799
Comedy,6.232157230377197,39939,Super Troopers,362
Comedy,6.230199337005615,1958,8 Women,196
Comedy,6.228217124938965,209263,Enough Said,348
Comedy,6.227601528167725,9591,That Thing You Do!,225
Comedy,6.2268290519714355,13053,Bolt,1750
Comedy,6.226590633392334,586,Wag the Dog,270
Comedy,6.226590633392334,9451,Election,270
Comedy,6.2265801429748535,16614,Adventureland,737
Comedy,6.225717067718506,11176,The Muppet Movie,164
Comedy,6.224522113800049,46829,Barney's Version,129
Comedy,6.223880290985107,11283,Nanny McPhee,711
Comedy,6.222255706787109,244403,Rudderless,105
Comedy,6.221434593200684,8961,Bad Boys II,1564
Comedy,6.220775604248047,50546,Just Go with It,1543
Comedy,6.219558238983154,9655,She's the Man,671
Comedy,6.216763973236084,21755,The Brothers Bloom,203
Comedy,6.2163591384887695,11543,Kingpin,244
Comedy,6.210348129272461,376659,Bad Moms,1252
Comedy,6.210022449493408,71864,The Odd Life of Timothy Green,386
Comedy,6.209268093109131,11004,Wonder Boys,161
Comedy,6.209012508392334,16281,Creepshow,226
Comedy,6.208807945251465,11576,"It's a Mad, Mad, Mad, Mad World",140
Comedy,6.2083587646484375,10096,13 Going on 30,1204
Comedy,6.206881046295166,15373,Role Models,564
Comedy,6.206223487854004,4912,Confessions of a Dangerous Mind,275
Comedy,6.20601224899292,23631,Machete,1150
Comedy,6.20554780960083,10564,Where the Heart Is,155
Comedy,6.205264091491699,2771,American Splendor,120
Comedy,6.203857421875,253306,Housebound,358
Comedy,6.203632354736328,9726,A Good Year,357
Comedy,6.203132629394531,14736,Love & Basketball,88
Comedy,6.203000545501709,7516,Smokin' Aces,534
Comedy,6.20295524597168,10215,Sliding Doors,354
Comedy,6.202498912811279,7518,Over the Hedge,1074
Comedy,6.201934814453125,31175,Soul Kitchen,116
Comedy,6.201786994934082,11219,The Trouble with Harry,149
Comedy,6.201542854309082,11382,Bullets Over Broadway,130
Comedy,6.200325965881348,10159,The Rundown,514
Comedy,6.199981212615967,50848,The Names of Love,93
Comedy,6.199337005615234,30890,Radio Days,127
Comedy,6.199290752410889,6538,Charlie Wilson's War,338
Comedy,6.19882345199585,8952,I Love You Phillip Morris,503
Comedy,6.19882345199585,9535,Analyze This,503
Comedy,6.198126792907715,1389,Out of Sight,333
Comedy,6.197748184204102,36819,Time Bandits,249
Comedy,6.197666645050049,172385,Rio 2,978
Comedy,6.196709156036377,10212,Ravenous,141
Comedy,6.195608139038086,2294,Jay and Silent Bob Strike Back,480
Comedy,6.195058822631836,92591,Bernie,320
Comedy,6.194581031799316,8976,A Lot Like Love,318
Comedy,6.194321632385254,10439,Hocus Pocus,471
Comedy,6.1940693855285645,9707,Bubba Ho-tep,191
Comedy,6.193917274475098,13403,Hedwig and the Angry Inch,80
Comedy,6.193455219268799,25195,Leap Year,465
Comedy,6.193380355834961,77459,A Monster in Paris,313
Comedy,6.193188190460205,19255,Away We Go,189
Comedy,6.192646026611328,40794,Loose Cannons,118
Comedy,6.192303657531738,248774,Obvious Child,187
Comedy,6.191860198974609,9297,Monster House,874
Comedy,6.190425872802734,9919,How to Lose a Guy in 10 Days,850
Comedy,6.189693927764893,9489,You've Got Mail,838
Comedy,6.188827991485596,10591,The Girl Next Door,824
Comedy,6.187945365905762,16290,Jackass 3D,428
Comedy,6.187854290008545,9900,Grandma's Boy,220
Comedy,6.18778657913208,27936,Micmacs,148
Comedy,6.186931133270264,577,To Die For,175
Comedy,6.186802864074707,9942,Major League,217
Comedy,6.186715126037598,512,Scoop,420
Comedy,6.186098575592041,11624,Everything You Always Wanted to Know About Sex *But Were Afraid to Ask,215
Comedy,6.185156345367432,944,Lethal Weapon 4,767
Comedy,6.1850385665893555,6575,Walk Hard: The Dewey Cox Story,212
Comedy,6.184315204620361,1382,Me and You and Everyone We Know,107
Comedy,6.184041976928711,181330,Kevin Hart: Let Me Explain,95
Comedy,6.182848930358887,59678,Attack the Block,733
Comedy,6.182826519012451,13785,Best in Show,166
Comedy,6.182366371154785,11302,Bananas,165
Comedy,6.180948734283447,264999,Magic Mike XXL,706
Comedy,6.18051815032959,88005,Seeking a Friend for the End of the World,700
Comedy,6.180179595947266,12182,Nick and Norah's Infinite Playlist,379
Comedy,6.1800537109375,13198,Wristcutters: A Love Story,160
Comedy,6.180011749267578,41154,Men in Black 3,4160
Comedy,6.179354667663574,72197,The Pirates! In an Adventure with Scientists!,374
Comedy,6.178986549377441,12153,White Chicks,679
Comedy,6.178731441497803,13090,Sunshine Cleaning,255
Comedy,6.17833948135376,28053,City Island,113
Comedy,6.178220748901367,45243,The Hangover Part II,3739
Comedy,6.177868366241455,7512,Idiocracy,664
Comedy,6.1775336265563965,34106,You Can't Take It With You,79
Comedy,6.177135944366455,10890,Stripes,249
Comedy,6.176590919494629,44009,Another Year,97
Comedy,6.175724029541016,9374,Death Becomes Her,636
Comedy,6.174712181091309,33542,Rumble in the Bronx,240
Comedy,6.174500942230225,256924,Danny Collins,183
Comedy,6.173493385314941,66125,Red Dog,83
Comedy,6.173005104064941,113947,The Sessions,179
Comedy,6.172529220581055,209403,Bad Words,334
Comedy,6.172511100769043,13820,Repo Man,144
Comedy,6.172134876251221,195589,Neighbors,2713
Comedy,6.171820640563965,57800,Ice Age: Continental Drift,2672
Comedy,6.171544075012207,11446,Welcome to the Dollhouse,103
Comedy,6.171535968780518,8874,My Best Friend's Wedding,584
Comedy,6.170591354370117,8669,Charlie Bartlett,225
Comedy,6.170099258422852,214756,Ted 2,2463
Comedy,6.169142246246338,11843,The Return of the Pink Panther,137
Comedy,6.169037342071533,3080,Top Hat,59
Comedy,6.167690753936768,16448,Waiting for Guffman,63
Comedy,6.167405128479004,23479,The Bad News Bears,97
Comedy,6.166756629943848,8012,Get Shorty,302
Comedy,6.166386127471924,231576,Wish I Was Here,300
Comedy,6.166067600250244,36593,The Naked Gun 33⅓: The Final Insult,521
Comedy,6.166014194488525,12094,Jackass Number Two,298
Comedy,6.165238857269287,10758,Waitress,129
Comedy,6.165220737457275,6957,The 40 Year Old Virgin,1983
Comedy,6.164643287658691,10156,History of the World: Part I,204
Comedy,6.164418697357178,9671,Crocodile Dundee,503
Comedy,6.164254188537598,9026,The Importance of Being Earnest,127
Comedy,6.163759231567383,12797,Ghost Town,286
Comedy,6.163107872009277,11395,The Santa Clause,489
Comedy,6.162961483001709,10162,Waking Ned,54
Comedy,6.16225528717041,74510,Kevin Hart: Laugh at My Pain,43
Comedy,6.162027835845947,9087,The American President,195
Comedy,6.162027835845947,34769,Defendor,195
Comedy,6.161301136016846,41733,Due Date,1685
Comedy,6.1607818603515625,302699,Central Intelligence,1650
Comedy,6.159401893615723,21461,Lage Raho Munna Bhai,44
Comedy,6.158219814300537,11129,Human Traffic,97
Comedy,6.158219814300537,73532,Le Havre,97
Comedy,6.157562255859375,13776,Diner,83
Comedy,6.1572957038879395,193610,The Other Woman,1437
Comedy,6.156672477722168,20178,World's Greatest Dad,177
Comedy,6.15636682510376,8871,How the Grinch Stole Christmas,1386
Comedy,6.155831813812256,10288,Fido,135
Comedy,6.155734539031982,146304,The Best Man Holiday,110
Comedy,6.155208110809326,6964,Something's Gotta Give,410
Comedy,6.154610633850098,12079,Spun,132
Comedy,6.1539306640625,3179,Beavis and Butt-Head Do America,168
Comedy,6.153315544128418,2925,The First Wives Club,166
Comedy,6.1530070304870605,2779,The Curse of the Jade Scorpion,165
Comedy,6.1529130935668945,4964,Knocked Up,1214
Comedy,6.152624607086182,9779,The Sisterhood of the Traveling Pants,386
Comedy,6.1524977684021,296099,Vacation,1195
Comedy,6.151587963104248,184098,Think Like a Man Too,225
Comedy,6.150732040405273,183894,Emma,38
Comedy,6.150594711303711,9781,Detroit Rock City,100
Comedy,6.150594711303711,14353,Repo! The Genetic Opera,100
Comedy,6.149471759796143,44147,Wild Target,215
Comedy,6.1480607986450195,817,Austin Powers: The Spy Who Shagged Me,1011
Comedy,6.147635459899902,257445,Goosebumps,995
Comedy,6.147464275360107,9059,Tales from the Crypt: Demon Knight,94
Comedy,6.147359848022461,9716,Everyone Says I Love You,147
Comedy,6.1472578048706055,9472,DodgeBall: A True Underdog Story,981
Comedy,6.147170543670654,6435,Practical Magic,338
Comedy,6.146939277648926,19933,The Brave Little Toaster,93
Comedy,6.146718502044678,987,The Front Page,68
Comedy,6.146652698516846,10184,He's Just Not That Into You,959
Comedy,6.145791053771973,10414,The Mighty Ducks,198
Comedy,6.145083904266357,12109,It's All Gone Pete Tong,52
Comedy,6.1448283195495605,11959,UHF,89
Comedy,6.144655227661133,9035,Slither,317
Comedy,6.144466876983643,9950,Find Me Guilty,138
Comedy,6.144166469573975,10074,Hot Rod,313
Comedy,6.144142150878906,84355,Your Sister's Sister,137
Comedy,6.144138813018799,9821,The Mighty,51
Comedy,6.1432342529296875,5854,Family Plot,86
Comedy,6.14251708984375,11887,High School Musical 3: Senior Year,821
Comedy,6.141330242156982,9291,The Longest Yard,785
Comedy,6.141091346740723,9490,Half Baked,177
Comedy,6.14020299911499,9414,The Man Who Knew Too Little,125
Comedy,6.139946937561035,10934,Under the Tuscan Sun,172
Comedy,6.139598369598389,8584,Shanghai Noon,735
Comedy,6.139255523681641,5072,Severance,169
Comedy,6.139089107513428,6007,Elling,51
Comedy,6.138976573944092,268238,The Second Best Exotic Marigold Hotel,272
Comedy,6.138939380645752,10970,Silent Movie,78
Comedy,6.138537406921387,46138,Made in Dagenham,94
Comedy,6.138397693634033,11042,The Barbarian Invasions,77
Comedy,6.1378607749938965,84184,Celeste & Jesse Forever,163
Comedy,6.1372270584106445,8346,My Big Fat Greek Wedding,671
Comedy,6.1372270584106445,63492,What's Your Number?,671
Comedy,6.136486530303955,928,Gremlins 2: The New Batch,652
Comedy,6.1359782218933105,10569,Small Time Crooks,155
Comedy,6.135673999786377,10364,Catch-22,72
Comedy,6.1353654861450195,11622,Blast from the Past,245
Comedy,6.1351542472839355,57825,Bride & Prejudice,110
Comedy,6.134402751922607,60307,Diary of a Wimpy Kid: Rodrick Rules,238
Comedy,6.133428573608398,455,Bend It Like Beckham,578
Comedy,6.132952690124512,480,Monsoon Wedding,57
Comedy,6.132749557495117,11091,Riding in Cars with Boys,103
Comedy,6.132372856140137,11172,Music and Lyrics,554
Comedy,6.132238388061523,146239,Delivery Man,551
Comedy,6.132056713104248,20770,But I'm a Cheerleader,101
Comedy,6.131709098815918,44718,Get Low,100
Comedy,6.131588935852051,8386,How High,218
Comedy,6.13132905960083,2069,The Whole Nine Yards,531
Comedy,6.1311516761779785,10471,Next Friday,135
Comedy,6.1311516761779785,11592,Serial Mom,135
Comedy,6.130993843078613,23330,The Ballad of Cable Hogue,47
Comedy,6.130436420440674,284296,Top Five,210
Comedy,6.130394458770752,11551,Small Soldiers,511
Comedy,6.1301469802856445,13919,The Chumscrubber,62
Comedy,6.129961967468262,9685,Igby Goes Down,95
Comedy,6.129961967468262,11229,Freeway,95
Comedy,6.129725456237793,13335,Harold & Kumar Escape from Guantanamo Bay,497
Comedy,6.1296539306640625,7973,Caramel,52
Comedy,6.129602909088135,13370,A Mighty Wind,74
Comedy,6.129434585571289,9718,Talladega Nights: The Ballad of Ricky Bobby,491
Comedy,6.129258632659912,9104,Buffalo Soldiers,93
Comedy,6.1289215087890625,10743,Confidence,126
Comedy,6.128467559814453,342,Summer Storm,59
Comedy,6.12786340713501,15389,Metropolitan,38
Comedy,6.127774238586426,16158,The Wood,34
Comedy,6.127161502838135,17379,Last Holiday,119
Comedy,6.127152919769287,464,As It Is in Heaven,42
Comedy,6.1267781257629395,15708,Latter Days,56
Comedy,6.126494407653809,6488,Arachnophobia,433
Comedy,6.126393795013428,19405,Recess: School's Out,67
Comedy,6.126059532165527,12535,High Anxiety,84
Comedy,6.126016139984131,4953,Be Kind Rewind,424
Comedy,6.125931739807129,8618,The History Boys,66
Comedy,6.12563419342041,9689,Hollywood Ending,113
Comedy,6.1255106925964355,10806,In & Out,177
Comedy,6.1252312660217285,175555,A Madea Christmas,35
Comedy,6.125048637390137,11676,Nothing to Lose,174
Comedy,6.124307155609131,14585,In the Company of Men,44
Comedy,6.124116897583008,1809,The Rules of Attraction,168
Comedy,6.123963356018066,248,Pocketful of Miracles,25
Comedy,6.123940467834473,27845,Trees Lounge,51
Comedy,6.123607635498047,8545,Little Voice,61
Comedy,6.123467922210693,12454,All or Nothing,33
Comedy,6.123140335083008,13996,Bottle Shock,60
Comedy,6.122854232788086,15250,This Christmas,29
Comedy,6.122766971588135,25248,Saint Ralph,24
Comedy,6.1224260330200195,22897,It's Complicated,360
Comedy,6.122064590454102,175291,Cheap Thrills,155
Comedy,6.121710300445557,362105,R.L. Stine's Monsterville: The Cabinet of Souls,35
Comedy,6.121696949005127,37964,Brown Sugar,31
Comedy,6.120939254760742,10115,Stick It,148
Comedy,6.120777606964111,13193,Saved!,147
Comedy,6.120603084564209,17908,My Dog Skip,69
Comedy,6.120498180389404,21494,Moliere,45
Comedy,6.120498180389404,198062,Coffee Town,45
Comedy,6.120367050170898,25209,Annie Get Your Gun,22
Comedy,6.120240688323975,16162,The Best Man,38
Comedy,6.119842052459717,5722,Beyond the Valley of the Dolls,53
Comedy,6.119749069213867,145220,Muppets Most Wanted,316
Comedy,6.119636058807373,1378,Shortbus,140
Comedy,6.119492530822754,14577,Dirty Work,66
Comedy,6.119471549987793,121826,Quartet,139
Comedy,6.119082927703857,58492,The Greatest Movie Ever Sold,88
Comedy,6.11889123916626,11240,My Beautiful Laundrette,51
Comedy,6.1188578605651855,3172,Bandits,302
Comedy,6.1185455322265625,10490,Drop Dead Gorgeous,86
Comedy,6.118179798126221,46435,Topsy-Turvy,41
Comedy,6.118134021759033,26815,Rocket Singh: Salesman of the Year,27
Comedy,6.118104934692383,27322,Love Jones,12
Comedy,6.117936611175537,12404,Me and Orson Welles,49
Comedy,6.117884159088135,24662,Cats Don't Dance,24
Comedy,6.117644786834717,10622,Mr. Nice Guy,128
Comedy,6.117616653442383,2110,Wasabi,283
Comedy,6.117192268371582,9526,A Prairie Home Companion,81
Comedy,6.116876125335693,10557,East Is East,59
Comedy,6.116802215576172,20857,Hardball,123
Comedy,6.116125106811523,19316,Saving Face,32
Comedy,6.116100311279297,14022,Slacker,77
Comedy,6.115537166595459,22908,A Room for Romeo Brass,18
Comedy,6.115297794342041,9043,The Family Stone,249
Comedy,6.115093231201172,15239,The Toxic Avenger,113
Comedy,6.114945888519287,13092,How to Lose Friends & Alienate People,244
Comedy,6.1147236824035645,11354,The Upside of Anger,72
Comedy,6.114598751068115,217708,Of Horses and Men,26
Comedy,6.114591121673584,1599,I Heart Huckabees,239
Comedy,6.114541530609131,25719,Shooting Fish,23
Comedy,6.1145195960998535,7942,"Run, Fatboy, Run",238
Comedy,6.114448070526123,7553,Waiting...,237
Comedy,6.114446640014648,16186,Diary of a Mad Black Woman,71
Comedy,6.114226818084717,16899,Easy Virtue,108
Comedy,6.114223480224609,22796,Simon Birch,52
Comedy,6.1139445304870605,6961,The Wedding Date,230
Comedy,6.113891124725342,13938,The Last Dragon,69
Comedy,6.113871097564697,14902,1776,20
Comedy,6.1136393547058105,12555,I Served the King of England,22
Comedy,6.113487720489502,63574,Joyful Noise,33
Comedy,6.113053798675537,11598,The Kentucky Fried Movie,66
Comedy,6.112492561340332,1550,Pieces of April,64
Comedy,6.1123223304748535,50725,Take Me Home Tonight,208
Comedy,6.112306118011475,25189,The Mirror Has Two Faces,47
Comedy,6.112303256988525,34152,Crooklyn,31
Comedy,6.111929416656494,10773,Mrs Henderson Presents,62
Comedy,6.111396312713623,45380,Crazy Stone,22
Comedy,6.111363887786865,9903,The Hoax,60
Comedy,6.111146450042725,14662,Slums of Beverly Hills,44
Comedy,6.110781669616699,33106,Silver Medalist,13
Comedy,6.110690116882324,51942,I Married a Strange Person!,12
Comedy,6.110516548156738,14256,Winter Passing,28
Comedy,6.110402584075928,1909,Don Juan DeMarco,183
Comedy,6.110369682312012,15049,Bon Cop Bad Cop,42
Comedy,6.110087871551514,10029,Very Bad Things,179
Comedy,6.10991907119751,43090,Gunless,27
Comedy,6.109886646270752,47686,Dream with the Fishes,10
Comedy,6.109367370605469,16857,The Dangerous Lives of Altar Boys,53
Comedy,6.109220504760742,2185,Big Trouble,80
Comedy,6.109220504760742,13849,The Cottage,80
Comedy,6.1090803146362305,15670,Madea Goes to Jail,52
Comedy,6.107653617858887,10739,Anything Else,149
Comedy,6.107625961303711,13158,Aqua Teen Hunger Force Colon Movie Film for Theaters,35
Comedy,6.107314109802246,52032,My Dog Tulip,9
Comedy,6.1069111824035645,25636,Jesus' Son,22
Comedy,6.106642246246338,10611,Barbershop,137
Comedy,6.106614589691162,2074,Flirting with Disaster,66
Comedy,6.106614589691162,9452,Bulworth,66
Comedy,6.1065568923950195,9515,The Matador,136
Comedy,6.106471538543701,66195,The Perfect Host,135
Comedy,6.105782508850098,26320,Taking Woodstock,127
Comedy,6.105676651000977,20862,Smoke Signals,24
Comedy,6.105641841888428,18841,The Lost Skeleton of Cadavra,30
Comedy,6.105434417724609,5172,The Astronaut Farmer,123
Comedy,6.104818820953369,13497,Drumline,116
Comedy,6.104730129241943,8675,Orgazmo,115
Comedy,6.104516983032227,15745,Made,55
Comedy,6.104516983032227,16005,The Lucky Ones,55
Comedy,6.104284286499023,692,Pink Flamingos,110
Comedy,6.104188919067383,39895,From a Whisper to a Scream,15
Comedy,6.103924751281738,9975,Curious George,106
Comedy,6.103806495666504,8359,Kit Kittredge: An American Girl,34
Comedy,6.103806495666504,16358,Eulogy,34
Comedy,6.103638172149658,14293,Poolhall Junkies,25
Comedy,6.1031494140625,29461,Soul Food,19
Comedy,6.102962017059326,11404,Driving Lessons,47
Comedy,6.102962017059326,14655,Soul Men,47
Comedy,6.102774143218994,426469,Growing Up Smith,7
Comedy,6.102766036987305,17795,My Fellow Americans,46
Comedy,6.102766036987305,24137,An Ideal Husband,46
Comedy,6.102131366729736,25462,Two Can Play That Game,17
Comedy,6.102005958557129,292,Dave Chappelle's Block Party,28
Comedy,6.101520538330078,8141,You Kill Me,80
Comedy,6.101436138153076,361505,Me You and Five Bucks,2
Comedy,6.101400852203369,7301,Lonesome Jim,26
Comedy,6.101382732391357,9089,Home for the Holidays,39
Comedy,6.101382732391357,26618,Clay Pigeons,39
Comedy,6.100793361663818,15673,Connie and Carla,24
Comedy,6.10066032409668,9548,The Adventures of Ford Fairlane,71
Comedy,6.100488662719727,18701,Being Julia,23
Comedy,6.100183486938477,15173,Jonah: A VeggieTales Movie,22
Comedy,6.099980354309082,9686,New York Stories,64
Comedy,6.09988260269165,20391,Paint Your Wagon,63
Comedy,6.099777698516846,53256,Three,31
Comedy,6.099575519561768,39800,Life During Wartime,30
Comedy,6.099568843841553,14014,The Hammer,15
Comedy,6.099568843841553,42618,Sweet Charity,15
Comedy,6.099566459655762,139998,Supporting Characters,10
Comedy,6.099372386932373,25350,Imaginary Heroes,29
Comedy,6.099148273468018,16653,The Singles Ward,4
Comedy,6.09894323348999,26665,Aberdeen,6
Comedy,6.09894323348999,231617,"Signed, Sealed, Delivered",6
Comedy,6.098761558532715,24071,Mumford,26
Comedy,6.098761558532715,42151,Down Terrace,26
Comedy,6.098692893981934,14195,Cecil B. Demented,51
Comedy,6.098692893981934,22820,Gentlemen Broncos,51
Comedy,6.098592758178711,9260,Welcome to Collinwood,50
Comedy,6.098556995391846,22597,The Broken Hearts Club: A Romantic Comedy,25
Comedy,6.098351955413818,24664,Bamboozled,24
Comedy,6.098331451416016,31306,Crazy in Alabama,12
Comedy,6.098321437835693,37028,The Magic Flute,6
Comedy,6.098316192626953,173224,Along the Roadside,3
Comedy,6.09831428527832,88641,There Goes My Baby,2
Comedy,6.098146438598633,16388,The Brothers McMullen,23
Comedy,6.098146438598633,50035,Lovely & Amazing,23
Comedy,6.098087787628174,62008,Good Deeds,45
Comedy,6.098032474517822,228967,The Interview,2304
Comedy,6.098016738891602,63020,The Perez Family,9
Comedy,6.098008155822754,25186,Janky Promoters,5
Comedy,6.097940921783447,44594,Barry Munday,22
Comedy,6.097917556762695,35944,Lucky Break,11
Comedy,6.097884178161621,8435,A Cock and Bull Story,43
Comedy,6.097715377807617,181533,Night at the Museum: Secret of the Tomb,1851
Comedy,6.0976996421813965,46729,Fetching Cody,6
Comedy,6.097546577453613,116741,The Internship,1658
Comedy,6.097502708435059,20322,The Brothers,10
Comedy,6.097501754760742,71552,American Reunion,1611
Comedy,6.097497463226318,188652,The Ghastly Love of Johnny X,8
Comedy,6.097497463226318,291362,Road Hard,8
Comedy,6.097426891326904,227159,Horrible Bosses 2,1536
Comedy,6.097407341003418,137347,Closer to the Moon,13
Comedy,6.09739875793457,75,Mars Attacks!,1509
Comedy,6.09737491607666,78373,"Dancer, Texas Pop. 81",1
Comedy,6.09737491607666,89861,Stiff Upper Lips,1
Comedy,6.097269058227539,60422,Another Happy Day,37
Comedy,6.097258567810059,27581,The Other Guys,1383
Comedy,6.097247123718262,693,Meet the Fockers,1373
Comedy,6.097219467163086,16996,17 Again,1350
Comedy,6.097203731536865,9398,Zoolander,1337
Comedy,6.097196578979492,41630,No Strings Attached,1331
Comedy,6.097095966339111,10034,High Heels and Low Lifes,12
Comedy,6.097071647644043,43546,Bathing Beauty,4
Comedy,6.096977233886719,49963,Walking and Talking,7
Comedy,6.0968804359436035,9273,Ace Ventura: When Nature Calls,1099
Comedy,6.09678840637207,77930,Magic Mike,1040
Comedy,6.096783638000488,19150,The Crew,11
Comedy,6.096729278564453,225565,That Awkward Moment,1004
Comedy,6.096722602844238,10947,High School Musical,1000
Comedy,6.096709251403809,3981,What Women Want,992
Comedy,6.0966973304748535,16155,Safe Men,16
Comedy,6.0966973304748535,24621,Chasing Papi,16
Comedy,6.0966973304748535,25113,The Four Seasons,16
Comedy,6.096685409545898,6557,27 Dresses,978
Comedy,6.096656322479248,1493,Miss Congeniality,961
Comedy,6.096646308898926,268171,Elsa & Fred,31
Comedy,6.096595764160156,2123,"Me, Myself & Irene",927
Comedy,6.096512794494629,8835,Legally Blonde,882
Comedy,6.096499443054199,9032,Big Daddy,875
Comedy,6.0964884757995605,23618,The Original Kings of Comedy,15
Comedy,6.096457004547119,168530,Ride Along,853
Comedy,6.096452236175537,260778,Vaalu,5
Comedy,6.096437454223633,13649,High School Musical 2,843
Comedy,6.096314430236816,5174,Rush Hour 3,783
Comedy,6.096243381500244,9801,Bridget Jones: The Edge of Reason,750
Comedy,6.0961785316467285,10358,Zack and Miri Make a Porno,721
Comedy,6.096160411834717,11247,A Cinderella Story,713
Comedy,6.096158027648926,9593,Last Action Hero,712
Comedy,6.096157073974609,35219,The Missing Person,9
Comedy,6.096157073974609,39541,Stolen Summer,9
Comedy,6.096133232116699,5900,The Dress,3
Comedy,6.096133232116699,20520,The Motel,3
Comedy,6.096121788024902,27983,"Yours, Mine and Ours",26
Comedy,6.096121788024902,36739,School Daze,26
Comedy,6.096042156219482,1268,Mr. Bean's Holiday,663
Comedy,6.095915794372559,96,Beverly Hills Cop II,613
Comedy,6.095759391784668,323675,Ride Along 2,555
Comedy,6.095578670501709,218778,"Alexander and the Terrible, Horrible, No Good, Very Bad Day",493
Comedy,6.0955095291137695,55831,Boynton Beach Club,3
Comedy,6.0954694747924805,9618,Tango & Cash,458
Comedy,6.095438480377197,22913,24 7: Twenty Four Seven,10
Comedy,6.095317363739014,38357,Morning Glory,412
Comedy,6.095291614532471,99826,The Jimmy Show,1
Comedy,6.095291614532471,357441,Karachi se Lahore,1
Comedy,6.095102787017822,11001,Blue Streak,352
Comedy,6.095076560974121,9012,Jackass: The Movie,345
Comedy,6.095015525817871,33693,Funny Ha Ha,8
Comedy,6.09500789642334,3638,No Reservations,327
Comedy,6.09500789642334,9621,Elizabethtown,327
Comedy,6.094995021820068,294512,Alpha and Omega: The Legend of the Saw Tooth Cave,4
Comedy,6.094984531402588,2619,Splash,321
Comedy,6.094948768615723,24055,The Puffy Chair,15
Comedy,6.094944953918457,14451,Dead Snow,311
Comedy,6.09489631652832,64559,The Swindle,5
Comedy,6.094776153564453,222250,A True Story,2
Comedy,6.094667911529541,38843,Ramona and Beezus,245
Comedy,6.094540596008301,82532,"Jeff, Who Lives at Home",217
Comedy,6.094515323638916,55123,Tumbleweeds,11
Comedy,6.094508171081543,41479,The Joneses,210
Comedy,6.094475269317627,2661,Batman,203
Comedy,6.094475269317627,10393,The Replacements,203
Comedy,6.094378471374512,10246,Porky's,183
Comedy,6.0943732261657715,6552,Idle Hands,182
Comedy,6.0943684577941895,9962,The Good Girl,181
Comedy,6.094262599945068,10070,Feast,160
Comedy,6.094257831573486,11891,Kung Pow: Enter the Fist,159
Comedy,6.094250202178955,125537,Smiling Fish & Goat On Fire,1
Comedy,6.094221591949463,14844,Chasing Liberty,152
Comedy,6.094216346740723,9899,The Producers,151
Comedy,6.094120979309082,39053,Cyrus,133
Comedy,6.094060897827148,15037,Can't Hardly Wait,122
Comedy,6.09398889541626,9448,The Big Hit,109
Comedy,6.093977451324463,13688,CJ7,107
Comedy,6.093955039978027,2084,Birthday Girl,103
Comedy,6.093950271606445,27455,Foolish,3
Comedy,6.093932151794434,38093,Just Wright,99
Comedy,6.093903064727783,9440,Primary Colors,94
Comedy,6.093856334686279,208869,Plastic,86
Comedy,6.093742847442627,1546,Thumbsucker,67
Comedy,6.093742847442627,2621,Return to Me,67
Comedy,6.093705654144287,17880,Because of Winn-Dixie,61
Comedy,6.093674659729004,12621,Hamlet 2,56
Comedy,6.093637466430664,17334,The Other End of the Line,50
Comedy,6.093599319458008,15256,200 Cigarettes,44
Comedy,6.093567371368408,5769,Tom Jones,39
Comedy,6.0935540199279785,3062,42nd Street,37
Comedy,6.09353494644165,14758,Good Dick,34
Comedy,6.09353494644165,66942,Griff the Invisible,34
Comedy,6.0935282707214355,17202,Why Did I Get Married?,33
Comedy,6.093508720397949,100275,Eddie: The Sleepwalking Cannibal,30
Comedy,6.093502044677734,35688,Why Did I Get Married Too?,29
Comedy,6.093488693237305,14544,Roll Bounce,27
Comedy,6.093475818634033,27995,She's Gotta Have It,25
Comedy,6.093469142913818,17768,A Funny Thing Happened on the Way to the Forum,24
Comedy,6.093469142913818,340816,Christmas Eve,24
Comedy,6.0934624671936035,24363,House of D,23
Comedy,6.093442440032959,13064,Airborne,20
Comedy,6.093429088592529,66607,Saving Private Perez,18
Comedy,6.093415260314941,11956,When the Cat's Away,16
Comedy,6.093367576599121,61337,Critical Care,9
Comedy,6.093360900878906,40769,Mutual Appreciation,8
Comedy,6.093354225158691,31668,All The Queen's Men,7
Comedy,6.0933332443237305,17995,DysFunktional Family,4
Comedy,6.093305587768555,49951,Certifiably Jonathan,0
Comedy,6.093305587768555,51955,Hav Plenty,0
Comedy,6.093305587768555,79587,Four Single Fathers,0
Comedy,6.093305587768555,113406,Should've Been Romeo,0
Comedy,6.093305587768555,114065,Down & Out With The Dolls,0
Comedy,6.093305587768555,170480,The Deported,0
Comedy,6.093305587768555,266857,The Work and The Story,0
Comedy,6.093305587768555,286939,Sanctuary: Quite a Conundrum,0
Comedy,6.093305587768555,324352,Anderson's Cross,0
Comedy,6.093305587768555,355629,The Blade of Don Juan,0
Comedy,6.093305587768555,361398,Theresa Is a Mother,0
Comedy,6.093305587768555,362765,The Sound and the Shadow,0
Comedy,6.093305587768555,386826,A Beginner's Guide to Snuff,0
Comedy,6.093208312988281,29122,An Everlasting Piece,1
Comedy,6.093208312988281,90414,"I Love You, Don't Touch Me!",1
Comedy,6.093208312988281,255266,Dry Spell,1
Comedy,6.093208312988281,294600,Last I Heard,1
Comedy,6.093208312988281,385636,Juliet and Alfa Romeo,1
Comedy,6.093014717102051,55180,The Last Big Thing,3
Comedy,6.092695236206055,46256,The Lion of Judah,2
Comedy,6.092695236206055,103903,Outside Bet,2
Comedy,6.0923027992248535,72766,Newlyweds,5
Comedy,6.092247486114502,16433,Grand Theft Parsons,11
Comedy,6.092166900634766,20337,Martin Lawrence Live: Runteldat,1
Comedy,6.092166900634766,29731,And Then Came Love,1
Comedy,6.092166900634766,43653,The Living Wake,1
Comedy,6.092079162597656,96534,My Last Day Without You,3
Comedy,6.092070579528809,142132,Sugar Town,2
Comedy,6.092057704925537,14165,Ta Ra Rum Pum,13
Comedy,6.0917840003967285,100975,Just Looking,5
Comedy,6.091654300689697,281730,Fugly,2
Comedy,6.091481685638428,20468,The Big Tease,6
Comedy,6.091399192810059,41469,Next Stop Wonderland,20
Comedy,6.091306209564209,5178,The Good Heart,21
Comedy,6.091213226318359,14778,Last Orders,22
Comedy,6.091125011444092,73511,The Californians,1
Comedy,6.091030120849609,189711,Love in the Time of Monsters,2
Comedy,6.09102725982666,33644,How Stella Got Her Groove Back,24
Comedy,6.0908427238464355,27723,Psycho Beach Party,26
Comedy,6.090604305267334,51820,The Salon,1
Comedy,6.090578556060791,38007,Ira & Abby,9
Comedy,6.090578556060791,76996,Love and Other Catastrophes,9
Comedy,6.090475082397461,15875,Donovan's Reef,30
Comedy,6.090384006500244,26352,A Low Down Dirty Shame,31
Comedy,6.090328693389893,26486,The Last Shot,15
Comedy,6.090328693389893,47816,3 Strikes,15
Comedy,6.090238571166992,166624,Treading Water,6
Comedy,6.090201377868652,13994,Romance & Cigarettes,33
Comedy,6.08998966217041,125123,Among Giants,2
Comedy,6.0897440910339355,19187,The Hebrew Hammer,18
Comedy,6.0897440910339355,27023,Saint John of Las Vegas,18
Comedy,6.0897440910339355,48463,Incident at Loch Ness,18
Comedy,6.089648723602295,20065,Purple Violets,9
Comedy,6.089569568634033,26367,I Can Do Bad All By Myself,40
Comedy,6.089479923248291,14425,PCU,41
Comedy,6.089212417602539,20794,Novocaine,44
Comedy,6.089041709899902,224569,Taxman,1
Comedy,6.088960647583008,57943,The Love Letter,3
Comedy,6.088764190673828,21283,Steppin: The Movie,4
Comedy,6.088764190673828,32222,American Desi,4
Comedy,6.088764190673828,98557,Dysfunctional Friends,4
Comedy,6.08858585357666,18632,A Dog's Breakfast,24
Comedy,6.088444709777832,13066,I Want Someone to Eat Cheese With,12
Comedy,6.0883941650390625,15511,VeggieTales: The Pirates Who Don't Do Anything,25
Comedy,6.088244438171387,16148,Zero Effect,55
Comedy,6.088157653808594,57119,Jumping the Broom,56
Comedy,6.088070869445801,40247,Please Give,57
Comedy,6.088045120239258,29371,The Incredibly True Adventure of Two Girls In Love,13
Comedy,6.0879998207092285,10914,All Hat,1
Comedy,6.087933540344238,36825,The R.M.,4
Comedy,6.087933540344238,47502,Faithful,4
Comedy,6.087789058685303,41730,Desert Blue,9
Comedy,6.087751388549805,38415,Bran Nue Dae,6
Comedy,6.087631702423096,47088,The Extra Man,29
Comedy,6.087607383728027,30309,Real Women Have Curves,19
Comedy,6.087569713592529,40505,I Got the Hook Up,8
Comedy,6.087553977966309,375950,The Country Doctor,63
Comedy,6.0872483253479,28121,A Thin Line Between Love and Hate,15
Comedy,6.087209224700928,44990,Breaking Upwards,12
Comedy,6.087182521820068,58680,Woo,10
Comedy,6.087042808532715,15198,"Mystery, Alaska",69
Comedy,6.087020397186279,16428,Breakin' All the Rules,21
Comedy,6.086851119995117,44490,Chuck & Buck,16
Comedy,6.086851119995117,61752,Girl 6,16
Comedy,6.086777687072754,96238,Never Again,3
Comedy,6.086742401123047,28353,Def Jam's How to Be a Player,8
Comedy,6.086727619171143,89857,High Road,22
Comedy,6.086707592010498,55561,Clockwatchers,13
Comedy,6.086705207824707,27004,Ca$h,73
Comedy,6.0866875648498535,53862,Trippin',4
Comedy,6.086577415466309,29015,The Specials,11
Comedy,6.086507797241211,34417,Good Intentions,6
Comedy,6.08645486831665,215924,The Amazing Catfish,17
Comedy,6.086435794830322,5759,Baghead,23
Comedy,6.086370468139648,16781,Madea's Family Reunion,77
Comedy,6.085973262786865,44562,Ed and His Dead Mother,12
Comedy,6.085929870605469,293644,Top Cat Begins,9
Comedy,6.085853576660156,98369,Blue Like Jazz,25
Comedy,6.085842132568359,111794,20 Dates,3
Comedy,6.085664749145508,34101,Hollywood Shuffle,19
Comedy,6.085563659667969,11308,The Hotel New Hampshire,26
Comedy,6.085560321807861,3028,Jekyll and Hyde ... Together Again,5
Comedy,6.085443496704102,15122,Love Stinks,11
Comedy,6.0853800773620605,16363,The Best Little Whorehouse in Texas,41
Comedy,6.0853800773620605,17287,Poultrygeist: Night of the Chicken Dead,41
Comedy,6.0853800773620605,30141,The Singing Detective,41
Comedy,6.085300445556641,2290,Jakob the Liar,90
Comedy,6.085273742675781,14474,The Oh in Ohio,27
Comedy,6.085270881652832,14652,Bon voyage,20
Comedy,6.085270881652832,30128,I Hope They Serve Beer in Hell,20
Comedy,6.085010051727295,14799,For Your Consideration,43
Comedy,6.085000038146973,45767,Time Changer,9
Comedy,6.0849761962890625,45324,Casino Jack,94
Comedy,6.084768772125244,44857,Molly,14
Comedy,6.084737300872803,297621,There's Always Woodstock,12
Comedy,6.084712982177734,21413,The Battle of Shaker Heights,17
Comedy,6.084658622741699,47941,Under the Rainbow,7
Comedy,6.084522724151611,91122,16 to Life,5
Comedy,6.084494590759277,10426,Friday After Next,100
Comedy,6.084494590759277,16340,Rugrats in Paris: The Movie,100
Comedy,6.0843353271484375,10765,Private Benjamin,102
Comedy,6.084309101104736,46889,Living Out Loud,11
Comedy,6.0840911865234375,15647,Kissing Jessica Stein,48
Comedy,6.084003925323486,70478,The Stewardesses,5
Comedy,6.083834648132324,10368,Tea with Mussolini,32
Comedy,6.0836591720581055,173931,Legend of a Rabbit,3
Comedy,6.0836262702941895,9466,Celebrity,111
Comedy,6.083433151245117,13983,Finishing The Game,8
Comedy,6.083433151245117,42586,Darling Lili,8
Comedy,6.083363056182861,103370,Madea's Witness Protection,52
Comedy,6.083209037780762,70829,The Last Godfather,7
Comedy,6.083082675933838,12658,Someone Like You...,118
Comedy,6.082775115966797,14709,Varsity Blues,122
Comedy,6.082640171051025,22215,Cheri,56
Comedy,6.082640171051025,31582,Flawless,56
Comedy,6.08262825012207,20542,Delgo,15
Comedy,6.082533836364746,26673,Frat Party,4
Comedy,6.082394123077393,13973,Choke,127
Comedy,6.082281112670898,1415,Party Monster,58
Comedy,6.082210540771484,40932,Can't Stop the Music,9
Comedy,6.082126617431641,10981,Nothing,38
Comedy,6.081929683685303,59930,The Inkwell,5
Comedy,6.0817790031433105,39141,Tadpole,19
Comedy,6.081759929656982,34341,Men with Brooms,7
Comedy,6.081751346588135,16471,Modern Problems,23
Comedy,6.081419467926025,84204,Grabbers,140
Comedy,6.080990791320801,16016,Journey to Saturn,10
Comedy,6.08095121383667,68202,Without Men,8
Comedy,6.0808587074279785,21349,Anywhere But Here,66
Comedy,6.080438613891602,38970,"Remember Me, My Love",44
Comedy,6.080284118652344,72359,Peeples,26
Comedy,6.080179214477539,9991,Mean Machine,157
Comedy,6.079958915710449,18713,The Jerky Boys,10
Comedy,6.079854965209961,31163,Chicken Tikka Masala,5
Comedy,6.079838752746582,16888,The Ladies Man,34
Comedy,6.079773426055908,19489,Held Up,11
Comedy,6.0796685218811035,55567,Standing Ovation,6
Comedy,6.079324722290039,13950,All About the Benjamins,48
Comedy,6.079310894012451,321,Mambo Italiano,28
Comedy,6.079310894012451,51995,Salvation Boulevard,28
Comedy,6.079284191131592,12220,The Story of Us,75
Comedy,6.079046726226807,73247,Heartbeeps,6
Comedy,6.079013347625732,27360,King's Ransom,14
Comedy,6.078819751739502,18828,Double Take,24
Comedy,6.078646183013916,12183,The Wendell Baker Story,16
Comedy,6.078495025634766,9930,Legal Eagles,51
Comedy,6.078469276428223,220488,My Lucky Star,8
Comedy,6.078341960906982,14578,Outside Providence,30
Comedy,6.078249931335449,11858,Renaissance Man,81
Comedy,6.077944755554199,14369,Out Cold,53
Comedy,6.077935695648193,34563,Our Family Wedding,39
Comedy,6.077894687652588,18475,The Cookout,10
Comedy,6.077876567840576,12508,Rock Star,190
Comedy,6.077757358551025,16508,Doug's 1st Movie,22
Comedy,6.0777459144592285,317930,Compadres,17
Comedy,6.077549457550049,46415,Neal 'n' Nikki,4
Comedy,6.077505111694336,147767,Khiladi 786,11
Comedy,6.077261447906494,27404,My Big Fat Independent Movie,5
Comedy,6.077227592468262,9416,Money Talks,87
Comedy,6.077179908752441,13501,The Good Night,41
Comedy,6.0770583152771,28260,Return of the Living Dead 3,88
Comedy,6.076895236968994,10913,Dear Wendy,33
Comedy,6.076847553253174,21014,Keeping Up with the Steins,18
Comedy,6.076803207397461,17403,How to Deal,42
Comedy,6.076720714569092,18892,Jawbreaker,90
Comedy,6.0766754150390625,10468,28 Days,208
Comedy,6.0766754150390625,39210,Somewhere,208
Comedy,6.0766754150390625,45658,Everything Must Go,208
Comedy,6.076632022857666,42057,It's a Wonderful Afterlife,9
Comedy,6.076544284820557,222899,About Last Night,210
Comedy,6.076474189758301,19803,Underclassman,28
Comedy,6.076467990875244,76706,Christmas Mail,15
Comedy,6.076378345489502,29076,Gun Shy,24
Comedy,6.076008319854736,44555,"A Woman, a Gun and a Noodle Shop",13
Comedy,6.07589054107666,14057,Trust the Man,29
Comedy,6.07570219039917,82650,Diary of a Wimpy Kid: Dog Days,223
Comedy,6.075677394866943,80468,Some Guy Who Kills People,45
Comedy,6.075514793395996,14137,Beer League,22
Comedy,6.075510501861572,10589,After the Sunset,226
Comedy,6.075494766235352,14429,Drive Me Crazy,62
Comedy,6.075303554534912,38223,Harriet the Spy,46
Comedy,6.075237274169922,85860,The FP,11
Comedy,6.075056076049805,158150,How to Fall in Love,20
Comedy,6.074878692626953,10760,Sydney White,236
Comedy,6.074772834777832,301748,The Opposite Sex,9
Comedy,6.074753761291504,4244,The Kid,238
Comedy,6.074753761291504,10188,The Sisterhood of the Traveling Pants 2,238
Comedy,6.074687480926514,10187,Swing Vote,65
Comedy,6.074687480926514,14849,Dead Like Me: Life After Death,65
Comedy,6.074670791625977,45145,Johnny Suede,13
Comedy,6.074186325073242,10179,The Ice Pirates,49
Comedy,6.073902606964111,1961,My Name Is Bruce,107
Comedy,6.073815822601318,95755,Small Apartments,50
Comedy,6.07376766204834,11353,Bowfinger,254
Comedy,6.073614597320557,17926,Undiscovered,12
Comedy,6.073284149169922,38073,Going the Distance,262
Comedy,6.073252201080322,10480,Nurse Betty,111
Comedy,6.073150634765625,40001,Mrs. Winterbourne,25
Comedy,6.072990894317627,18074,Duets,34
Comedy,6.072734832763672,34043,On the Line,10
Comedy,6.072707653045654,20761,Play It to the Bone,53
Comedy,6.0723652839660645,13408,The Wash,26
Comedy,6.0723652839660645,323967,Walter,26
Comedy,6.071835041046143,19844,Kiss the Bride,11
Comedy,6.071819305419922,75531,Isn't She Great,14
Comedy,6.0716986656188965,6963,The Weather Man,289
Comedy,6.071596145629883,193722,R100,31
Comedy,6.071469783782959,11823,Wimbledon,293
Comedy,6.071331024169922,11191,Mystic Pizza,123
Comedy,6.071320533752441,168027,Freaky Deaky,18
Comedy,6.071243762969971,7510,Running with Scissors,78
Comedy,6.071239948272705,13490,Welcome Home Roscoe Jenkins,57
Comedy,6.071172714233398,13282,Death Race 2000,124
Comedy,6.07101583480835,11323,The Informant!,301
Comedy,6.0705108642578125,16205,Jack Brooks: Monster Slayer,59
Comedy,6.070241928100586,34549,Max Keeble's Big Move,33
Comedy,6.070120334625244,24066,"Happy, Texas",39
Comedy,6.0700201988220215,2162,Chill Factor,29
Comedy,6.069917678833008,9275,Death to Smoochy,132
Comedy,6.06968355178833,36691,Solitary Man,84
Comedy,6.069549560546875,12312,Joe Somebody,40
Comedy,6.069526195526123,55465,A Very Harold & Kumar Christmas,328
Comedy,6.069451332092285,52067,Cedar Rapids,135
Comedy,6.0693254470825195,14557,Dead Man on Campus,49
Comedy,6.069296836853027,10013,Peggy Sue Got Married,136
Comedy,6.069054126739502,41009,Perrier’s Bounty,24
Comedy,6.068787097930908,24264,Sheena,22
Comedy,6.068778038024902,13523,Sex Drive,342
Comedy,6.068680763244629,12085,Mad Money,140
Comedy,6.068619728088379,1273,TMNT,345
Comedy,6.068606853485107,30139,Phat Girlz,10
Comedy,6.068464756011963,37718,The Muse,31
Comedy,6.068180084228516,24663,The Open Road,19
Comedy,6.067963600158691,12479,Breakfast of Champions,28
Comedy,6.067630767822266,10208,Muppets from Space,92
Comedy,6.06762170791626,16406,Dick,67
Comedy,6.067550182342529,10416,What Planet Are You From?,37
Comedy,6.06743049621582,38303,You Again,368
Comedy,6.0671772956848145,72358,A Thousand Words,373
Comedy,6.067159652709961,10478,Tin Cup,150
Comedy,6.067084789276123,58051,Housefull,29
Comedy,6.067008972167969,41382,Lottery Ticket,54
Comedy,6.066869258880615,11342,Warlock,95
Comedy,6.066646099090576,278316,Da Sweet Blood of Jesus,13
Comedy,6.066577434539795,80585,Rock of Ages,385
Comedy,6.066550254821777,11363,She's the One,70
Comedy,6.0662126541137695,13982,8 Heads in a Duffel Bag,39
Comedy,6.0661492347717285,14629,Woman on Top,46
Comedy,6.0661492347717285,17834,A Simple Wish,46
Comedy,6.066134452819824,10761,Made of Honor,394
Comedy,6.066134452819824,11529,Sweet Home Alabama,394
Comedy,6.066105365753174,43595,She Done Him Wrong,27
Comedy,6.066088676452637,22102,Troop Beverly Hills,56
Comedy,6.065814018249512,4967,Keeping the Faith,159
Comedy,6.065687656402588,26710,My Baby's Daddy,15
Comedy,6.065356254577637,19419,Screwed,23
Comedy,6.065356254577637,242083,Hits,23
Comedy,6.065123558044434,5516,The Ladykillers,415
Comedy,6.064981937408447,11232,Kate & Leopold,418
Comedy,6.064840793609619,342521,Keanu,421
Comedy,6.064777374267578,2610,Shopgirl,75
Comedy,6.0647149085998535,47607,Tiny Furniture,59
Comedy,6.064602851867676,18065,Next Day Air,36
Comedy,6.064602851867676,174311,All Is Bright,36
Comedy,6.064545631408691,78149,"An Alan Smithee Film: Burn, Hollywood, Burn",9
Comedy,6.064513206481934,13680,The Game Plan,428
Comedy,6.064294338226318,42889,The Virginity Hit,19
Comedy,6.064281463623047,64807,Grudge Match,433
Comedy,6.064143180847168,35019,Nanny McPhee and the Big Bang,436
Comedy,6.06376314163208,1613,The 51st State,173
Comedy,6.0635528564453125,10615,Pootie Tang,43
Comedy,6.0635528564453125,25166,Drowning Mona,43
Comedy,6.06355094909668,18126,Hannah Montana: The Movie,449
Comedy,6.063448905944824,16096,House Party 2,21
Comedy,6.063124179840088,84200,"For a Good Time, Call...",110
Comedy,6.062891483306885,3587,Bogus,44
Comedy,6.062792778015137,196867,Annie,466
Comedy,6.062789440155029,16172,Simply Irresistible,52
Comedy,6.062718868255615,79940,Tim and Eric's Billion Dollar Movie,34
Comedy,6.062471389770508,11431,Fever Pitch,182
Comedy,6.062304496765137,28165,The Toxic Avenger Part II,39
Comedy,6.062045574188232,13374,Ice Princess,185
Comedy,6.061992168426514,9583,Divine Secrets of the Ya-Ya Sisterhood,65
Comedy,6.06148099899292,4599,Raising Helen,189
Comedy,6.061091423034668,82533,Damsels in Distress,67
Comedy,6.0607805252075195,1901,In Good Company,194
Comedy,6.060582160949707,9896,Rat Race,518
Comedy,6.060582160949707,23082,The Invention of Lying,518
Comedy,6.060224533081055,9429,A Night at the Roxbury,198
Comedy,6.059360980987549,23531,Whipped,11
Comedy,6.059167385101318,15186,Full Frontal,26
Comedy,6.0588555335998535,10090,Reno 911!: Miami,72
Comedy,6.0588555335998535,17127,The Object of My Affection,72
Comedy,6.0587849617004395,32316,Marci X,12
Comedy,6.058529376983643,9895,Man of the Year,129
Comedy,6.057967185974121,21301,Barbershop 2:  Back in Business,74
Comedy,6.057906627655029,13827,"Surfer, Dude",25
Comedy,6.057906627655029,34086,Spaced Invaders,25
Comedy,6.057654857635498,59860,Monte Carlo,593
Comedy,6.057654857635498,87826,Here Comes the Boom,593
Comedy,6.057285308837891,58151,Fright Night,603
Comedy,6.057277202606201,9034,The Banger Sisters,62
Comedy,6.057111740112305,9449,The Borrowers,135
Comedy,6.056670188903809,18357,The Country Bears,20
Comedy,6.056175231933594,12610,Osmosis Jones,228
Comedy,6.056166172027588,21972,Like Mike,100
Comedy,6.0559916496276855,117942,Girls Gone Dead,14
Comedy,6.055941581726074,11648,Must Love Dogs,140
Comedy,6.055824279785156,378200,The Perfect Match,42
Comedy,6.054626941680908,35696,Juwanna Mann,20
Comedy,6.0546088218688965,12486,Farce of the Penguins,13
Comedy,6.054594039916992,208134,Bad Grandpa,680
Comedy,6.0545806884765625,40688,Meet the Deedles,19
Comedy,6.054197311401367,6038,Shanghai Knights,692
Comedy,6.0540337562561035,11130,The Princess Diaries 2: Royal Engagement,697
Comedy,6.054030895233154,24113,Town & Country,16
Comedy,6.05396842956543,11007,Cheaper by the Dozen,699
Comedy,6.053765773773193,19905,"The Goods: Live Hard, Sell Hard",58
Comedy,6.053482532501221,9809,Let's Go to Prison,69
Comedy,6.053206443786621,8592,Dick Tracy,251
Comedy,6.0531415939331055,175528,Baggage Claim,85
Comedy,6.053123950958252,39037,The Good Guy,59
Comedy,6.052884101867676,9598,Babe,733
Comedy,6.052708148956299,13191,"War, Inc.",86
Comedy,6.0526909828186035,16222,Whatever It Takes,37
Comedy,6.052584171295166,13948,An American Carol,20
Comedy,6.052482604980469,20009,Slackers,60
Comedy,6.052417755126953,153795,Straight A's,46
Comedy,6.051570415496826,18550,Fled,47
Comedy,6.051543712615967,12257,Home Fries,32
Comedy,6.051367282867432,13067,In the Land of Women,160
Comedy,6.051367282867432,127867,The Brass Teapot,160
Comedy,6.051204681396484,10563,Three to Tango,62
Comedy,6.05105447769165,15581,Who's Your Caddy?,18
Comedy,6.051041603088379,19084,Johnson Family Vacation,30
Comedy,6.051041603088379,21765,Good Boy!,30
Comedy,6.050865173339844,12596,Pushing Tin,116
Comedy,6.0502705574035645,10050,Get Over It,75
Comedy,6.049862384796143,11137,The Prince & Me,278
Comedy,6.049739360809326,300706,Let's Kill Ward's Wife,76
Comedy,6.0497307777404785,25132,Shorts,44
Comedy,6.049529552459717,10385,Hanging Up,40
Comedy,6.04940938949585,9486,Johnny English,852
Comedy,6.048816204071045,11619,Flushed Away,874
Comedy,6.048700332641602,9988,Beerfest,172
Comedy,6.048683166503906,10330,Freaky Friday,879
Comedy,6.04866361618042,18147,Unaccompanied Minors,66
Comedy,6.0482892990112305,23048,Hot Tub Time Machine,894
Comedy,6.048273086547852,16643,Life or Something Like It,124
Comedy,6.048007965087891,23570,The Pallbearer,30
Comedy,6.047952175140381,2687,Memoirs of an Invisible Man,125
Comedy,6.047921657562256,31535,Chairman of the Board,13
Comedy,6.047713279724121,49022,Something Borrowed,296
Comedy,6.047595500946045,4380,Shall We Dance?,297
Comedy,6.047544956207275,109443,Anchorman 2: The Legend Continues,923
Comedy,6.04746675491333,33155,Galaxina,16
Comedy,6.047388076782227,12138,3000 Miles to Graceland,178
Comedy,6.046672821044922,68684,Detention,129
Comedy,6.046545505523682,31203,Little Nicholas,306
Comedy,6.046354293823242,4942,Leatherheads,130
Comedy,6.046314239501953,1649,Bill & Ted's Bogus Journey,308
Comedy,6.04630184173584,23049,My Life in Ruins,101
Comedy,6.04551362991333,58233,Johnny English Reborn,1007
Comedy,6.0452375411987305,8839,Casper,1019
Comedy,6.045086860656738,19724,Imagine That,134
Comedy,6.045086860656738,51588,Prom,134
Comedy,6.045054912567139,22327,Youth in Revolt,319
Comedy,6.045042514801025,11141,Laws of Attraction,104
Comedy,6.044651508331299,15639,Larry the Cable Guy: Health Inspector,17
Comedy,6.044623851776123,5971,We're No Angels,105
Comedy,6.044591426849365,1257,Because I Said So,191
Comedy,6.044517517089844,11665,Get Smart,1051
Comedy,6.044302940368652,8970,The Out-of-Towners,45
Comedy,6.04374361038208,10317,Our Brand Is Crisis,195
Comedy,6.043414115905762,33676,Losin' It,31
Comedy,6.042854309082031,8273,American Wedding,1129
Comedy,6.042402267456055,50135,Animals United,90
Comedy,6.042359828948975,244534,Happy Christmas,58
Comedy,6.042224407196045,91070,L!fe Happens,66
Comedy,6.042130947113037,9842,School for Scoundrels,111
Comedy,6.041776180267334,19556,Miss March,77
Comedy,6.041649341583252,8780,Baby Mama,205
Comedy,6.041080474853516,33217,Diary of a Wimpy Kid,355
Comedy,6.040779113769531,133931,Zambezia,68
Comedy,6.04066801071167,1831,The Next Best Thing,29
Comedy,6.040341854095459,9099,Sgt. Bilko,94
Comedy,6.040205001831055,192134,Dom Hemingway,212
Comedy,6.040107727050781,8916,Antz,1272
Comedy,6.04001522064209,59968,Our Idiot Brother,365
Comedy,6.039801597595215,10985,The New Guy,151
Comedy,6.039795398712158,250349,Barbecue,214
Comedy,6.039594650268555,12704,Ishtar,28
Comedy,6.0390400886535645,9928,Robots,1333
Comedy,6.038853645324707,2770,American Pie 2,1344
Comedy,6.038751125335693,139715,Detention of the Dead,34
Comedy,6.038686752319336,10071,The Brothers Solomon,46
Comedy,6.038621425628662,9776,Head of State,71
Comedy,6.038372993469238,10353,The Visitors II: The Corridors of Time,221
Comedy,6.038050651550293,15365,Witless Protection,26
Comedy,6.037974834442139,9644,National Lampoon's Loaded Weapon 1,157
Comedy,6.037904739379883,19366,Josie and the Pussycats,72
Comedy,6.037370204925537,11908,Hatchet,159
Comedy,6.037189960479736,24940,Head Over Heels,73
Comedy,6.036570072174072,39180,See Spot Run,44
Comedy,6.035868167877197,253235,And So It Goes,164
Comedy,6.035762786865234,80304,Casa De Mi Padre,103
Comedy,6.035271167755127,11374,Edtv,166
Comedy,6.034416675567627,13159,Georgia Rule,130
Comedy,6.034172534942627,10117,Action Jackson,50
Comedy,6.034003734588623,14434,I Think I Love My Wife,55
Comedy,6.033588409423828,38365,Grown Ups,1705
Comedy,6.0328826904296875,20309,Say It Isn't So,47
Comedy,6.0327935218811035,14442,Ella Enchanted,437
Comedy,6.03249979019165,292483,Not Cool,25
Comedy,6.0324625968933105,38031,You Will Meet a Tall Dark Stranger,251
Comedy,6.032183647155762,22805,Motherhood,44
Comedy,6.032079219818115,12154,Three Men and a Baby,253
Comedy,6.031929016113281,10783,Lucky Numbers,52
Comedy,6.031658172607422,13991,College,48
Comedy,6.0312604904174805,12277,Undercover Brother,112
Comedy,6.031163215637207,13778,Dickie Roberts: Former Child Star,64
Comedy,6.030664920806885,10192,Shrek Forever After,1959
Comedy,6.030115127563477,9582,A Guy Thing,83
Comedy,6.029682159423828,10748,St. Trinian's,142
Comedy,6.029346466064453,14034,What's the Worst That Could Happen?,66
Comedy,6.029292106628418,11519,1941,143
Comedy,6.02921724319458,12779,Swept Away,50
Comedy,6.029212951660156,9339,Click,2104
Comedy,6.028927326202393,15017,Blonde Ambition,29
Comedy,6.028914928436279,10982,Hoodwinked!,479
Comedy,6.028646945953369,7288,Duplex,482
Comedy,6.028202056884766,2642,Two Weeks Notice,487
Comedy,6.0281267166137695,11212,Baby's Day Out,274
Comedy,6.0279998779296875,15489,Snow Day,51
Comedy,6.027697563171387,12569,Extract,192
Comedy,6.027642726898193,810,Shrek the Third,2278
Comedy,6.026914596557617,367551,American Hero,62
Comedy,6.026833534240723,252680,Moms' Night Out,121
Comedy,6.026639938354492,312793,The Walking Deceased,35
Comedy,6.026358127593994,13173,The Ten,57
Comedy,6.026291370391846,82696,Hope Springs,284
Comedy,6.026063919067383,10571,Boys and Girls,103
Comedy,6.026022911071777,10663,The Waterboy,512
Comedy,6.025927543640137,1497,Teenage Mutant Ninja Turtles II: The Secret of the Ooze,286
Comedy,6.025575160980225,20697,Ready to Rumble,49
Comedy,6.025565147399902,9986,Charlotte's Web,288
Comedy,6.025155067443848,16558,Duplicity,201
Comedy,6.024919033050537,34016,She's Out of My League,525
Comedy,6.024875164031982,15189,Hotel for Dogs,202
Comedy,6.024363040924072,16784,Welcome to Mooseport,54
Comedy,6.024287223815918,10186,The Rocker,156
Comedy,6.023538589477539,6020,Sorority Boys,47
Comedy,6.023504257202148,9285,Road Trip,542
Comedy,6.022907257080078,16232,Mr. 3000,66
Comedy,6.022651672363281,88042,Parental Guidance,210
Comedy,6.02237606048584,49010,Hobo with a Shotgun,211
Comedy,6.022180080413818,1969,Bandidas,307
Comedy,6.021968841552734,608,Men in Black II,3114
Comedy,6.021321773529053,9955,Blades of Glory,569
Comedy,6.021257400512695,9027,The Guru,75
Comedy,6.020915508270264,17813,Alex & Emma,68
Comedy,6.02085542678833,31246,From Justin to Kelly,23
Comedy,6.020567417144775,82679,Fun Size,134
Comedy,6.0202202796936035,41210,The Switch,583
Comedy,6.020142555236816,287903,Krampus,584
Comedy,6.020091533660889,28665,Fame,135
Comedy,6.019745826721191,254472,Stung,63
Comedy,6.019068717956543,14177,Beauty Shop,115
Comedy,6.0190653800964355,9541,Jersey Girl,325
Comedy,6.018833160400391,9408,Surf's Up,601
Comedy,6.018669128417969,9067,Tank Girl,138
Comedy,6.018001079559326,32823,Get Him to the Greek,612
Comedy,6.017716884613037,9893,Sleepover,101
Comedy,6.017358303070068,18885,3 Ninjas Kick Back,48
Comedy,6.016885280609131,7552,Fun with Dick and Jane,627
Comedy,6.016823768615723,9849,My Favorite Martian,80
Comedy,6.016810417175293,9981,Kicking & Screaming,176
Comedy,6.016315937042236,206296,The Last Five Years,143
Comedy,6.016200065612793,13498,Man of the House,120
Comedy,6.015800952911377,12770,Stealing Harvard,46
Comedy,6.014347553253174,20737,Air Bud,106
Comedy,6.014184474945068,13824,Superstar,83
Comedy,6.013581275939941,26602,Summer Catch,63
Comedy,6.01302433013916,12634,The Big Bounce,76
Comedy,6.012792587280273,23367,Bandslam,126
Comedy,6.012607574462891,14191,Aquamarine,364
Comedy,6.0121283531188965,10472,Down to You,70
Comedy,6.011976718902588,9824,Mystery Men,250
Comedy,6.011966705322266,10735,What a Girl Wants,368
Comedy,6.011807441711426,2539,Spanglish,369
Comedy,6.011719226837158,45649,Rubber,251
Comedy,6.0112128257751465,9304,Multiplicity,154
Comedy,6.011171340942383,65759,Happy Feet Two,373
Comedy,6.010948181152344,10833,Heartbreakers,254
Comedy,6.010948181152344,175574,Free Birds,254
Comedy,6.010303497314453,133698,Fly Me to the Moon,194
Comedy,6.009716510772705,14536,New in Town,99
Comedy,6.0095977783203125,252512,While We're Young,383
Comedy,6.009368896484375,49520,The Change-Up,736
Comedy,6.0092387199401855,11870,Big Fat Liar,197
Comedy,6.008983135223389,10313,The Men Who Stare at Goats,742
Comedy,6.008864402770996,9074,The Man,133
Comedy,6.00885009765625,165864,Hansel and Gretel Get Baked,67
Comedy,6.008471965789795,13476,Win a Date with Tad Hamilton!,160
Comedy,6.008355617523193,11775,Intolerable Cruelty,391
Comedy,6.008307456970215,11066,Boomerang,134
Comedy,6.007822036743164,10646,Tomcats,74
Comedy,6.0078020095825195,67911,Bucky Larson: Born to Be a Star,51
Comedy,6.00451135635376,206213,Zombie Hunter,34
Comedy,6.004423141479492,18736,The Lizzie McGuire Movie,280
Comedy,6.00429105758667,12771,Serving Sara,85
Comedy,6.002797603607178,258509,Alvin and the Chipmunks: The Road Chip,428
Comedy,6.002715110778809,157058,30 Nights of Paranormal Activity With the Devil Inside the Girl With the Dragon Tattoo,28
Comedy,6.002474784851074,18238,Lesbian Vampire Killers,124
Comedy,6.002137660980225,10521,Bride Wars,856
Comedy,6.002025127410889,11452,National Lampoon’s Van Wilder,858
Comedy,6.001826763153076,280391,Why I Did (Not) Eat My Father,125
Comedy,6.000914096832275,6073,The Mexican,441
Comedy,6.0007500648498535,80271,LOL,881
Comedy,5.999887943267822,14846,Little Black Book,112
Comedy,5.999785900115967,14220,Strange Wilderness,69
Comedy,5.999666690826416,10202,Bedtime Stories,901
Comedy,5.999560832977295,16991,Observe and Report,225
Comedy,5.9979634284973145,12120,My Stepmother is an Alien,131
Comedy,5.997546195983887,12589,Jimmy Neutron: Boy Genius,231
Comedy,5.997414588928223,257091,Get Hard,944
Comedy,5.997376441955566,10878,Saving Silverman,154
Comedy,5.9973602294921875,11025,New York Minute,185
Comedy,5.997262001037598,21724,Dance Flick,71
Comedy,5.99708890914917,15544,Extreme Movie,44
Comedy,5.995655536651611,818,Austin Powers in Goldmember,979
Comedy,5.994239807128906,38570,The 41–Year–Old Virgin Who Knocked Up Sarah Marshall and Felt Superbad About It,34
Comedy,5.993986129760742,10025,Just My Luck,491
Comedy,5.993602275848389,11217,Club Dread,107
Comedy,5.992247581481934,10154,Mickey Blue Eyes,140
Comedy,5.992161273956299,68179,Escape from Planet Earth,332
Comedy,5.991947174072266,8849,Alfie,248
Comedy,5.991947174072266,73937,The Big Year,248
Comedy,5.991929054260254,9969,Deck the Halls,109
Comedy,5.990479469299316,333348,Love the Coopers,167
Comedy,5.990066051483154,25704,Post Grad,100
Comedy,5.989748954772949,13411,Malibu's Most Wanted,77
Comedy,5.9896559715271,15648,The Perfect Man,203
Comedy,5.989112377166748,13160,Over Her Dead Body,145
Comedy,5.989082336425781,35056,Date Night,1122
Comedy,5.988839626312256,8944,What Just Happened,127
Comedy,5.9885053634643555,14396,Code Name: The Cleaner,78
Comedy,5.988338470458984,15582,Teen Wolf Too,46
Comedy,5.987048149108887,17708,Corky Romano,54
Comedy,5.986626148223877,271718,Trainwreck,1181
Comedy,5.986401557922363,11459,Sky High,550
Comedy,5.986176013946533,59861,Larry Crowne,359
Comedy,5.985824108123779,259694,How to Be Single,1201
Comedy,5.9857497215271,9310,American Dreamz,95
Comedy,5.9857497215271,16300,Down to Earth,95
Comedy,5.98569393157959,116977,Foodfight!,28
Comedy,5.984204292297363,1588,Bring It On,568
Comedy,5.98415470123291,9794,Employee of the Month,153
Comedy,5.983992099761963,17709,Dudley Do-Right,48
Comedy,5.983363628387451,6282,Coyote Ugly,575
Comedy,5.98220682144165,10678,Bringing Down the House,183
Comedy,5.981688022613525,9932,Analyze That,380
Comedy,5.9812188148498535,73935,Vamps,91
Comedy,5.981120586395264,76494,What to Expect When You're Expecting,594
Comedy,5.980963706970215,109513,Hit & Run,224
Comedy,5.980557441711426,11638,Guess Who,225
Comedy,5.980388164520264,6439,Racing Stripes,123
Comedy,5.979599475860596,20829,Funny People,390
Comedy,5.978952407836914,59962,This Means War,1389
Comedy,5.978252410888672,9836,Happy Feet,1410
Comedy,5.977240085601807,951,Kindergarten Cop,628
Comedy,5.976681709289551,17047,Agent Cody Banks 2: Destination London,144
Comedy,5.976655960083008,10715,Looney Tunes: Back in Action,297
Comedy,5.9763383865356445,8998,Friends with Money,128
Comedy,5.974712371826172,87567,The Big Wedding,414
Comedy,5.9745683670043945,10136,The Golden Child,304
Comedy,5.973974227905273,37834,Knight and Day,1547
Comedy,5.97391414642334,10314,She's All That,418
Comedy,5.973755359649658,10956,Joe Dirt,242
Comedy,5.973256587982178,180296,They Came Together,171
Comedy,5.97293758392334,15045,Fat Albert,69
Comedy,5.9717912673950195,9825,Lake Placid,247
Comedy,5.971714496612549,10642,Loser,120
Comedy,5.970767974853516,7364,Sahara,434
Comedy,5.970486640930176,138697,Don Jon,1671
Comedy,5.970395565032959,4723,Southland Tales,153
Comedy,5.969842910766602,11467,America's Sweethearts,252
Comedy,5.969513893127441,9713,Holy Man,111
Comedy,5.968608379364014,76493,The Dictator,1743
Comedy,5.967628002166748,228165,The SpongeBob Movie: Sponge Out of Water,719
Comedy,5.967013359069824,10488,Nim's Island,330
Comedy,5.966746807098389,4806,Runaway Bride,455
Comedy,5.966444492340088,6068,Six Days Seven Nights,332
Comedy,5.966370105743408,72207,The Five-Year Engagement,457
Comedy,5.966182231903076,34806,The Back-Up Plan,458
Comedy,5.965017318725586,11888,Snow Dogs,185
Comedy,5.963935375213623,13596,My Best Friend's Girl,220
Comedy,5.9632697105407715,18360,Night at the Museum: Battle of the Smithsonian,1971
Comedy,5.963230133056641,14324,Virgin Territory,75
Comedy,5.9629807472229,11517,Money Train,222
Comedy,5.962401866912842,5966,Along Came Polly,773
Comedy,5.96157693862915,39691,Cats & Dogs 2 : The Revenge of Kitty Galore,119
Comedy,5.961085796356201,8457,Drillbit Taylor,275
Comedy,5.960134983062744,3132,Bad Company,228
Comedy,5.959967613220215,2122,The Whole Ten Yards,278
Comedy,5.959359169006348,290825,Yoga Hosers,102
Comedy,5.958937644958496,9353,Nacho Libre,359
Comedy,5.958418369293213,23685,Monkeybone,78
Comedy,5.957581043243408,57157,Young Adult,364
Comedy,5.957421779632568,13972,The Women,96
Comedy,5.956180095672607,10022,The Pacifier,842
Comedy,5.955146312713623,274167,Daddy's Home,854
Comedy,5.95452880859375,77875,Playing for Keeps,240
Comedy,5.953993320465088,9641,Cheaper by the Dozen 2,526
Comedy,5.9531636238098145,70868,I Don't Know How She Does It,141
Comedy,5.953009605407715,9021,The Santa Clause 2,297
Comedy,5.952277183532715,12657,Soul Plane,108
Comedy,5.950855731964111,9396,Crocodile Dundee II,303
Comedy,5.950336933135986,4256,Scary Movie 3,912
Comedy,5.949487686157227,13260,Semi-Pro,251
Comedy,5.949458122253418,9029,What Happens in Vegas,923
Comedy,5.9490766525268555,10402,Deuce Bigalow: Male Gigolo,308
Comedy,5.949001789093018,9683,Bubble Boy,163
Comedy,5.948746681213379,59108,Tower Heist,932
Comedy,5.9485764503479,10762,Without a Paddle,214
Comedy,5.948471546173096,9493,Twins,559
Comedy,5.947206020355225,5393,Happily N'Ever After,104
Comedy,5.946652889251709,10137,Stuart Little,959
Comedy,5.9465789794921875,4379,Monster-in-Law,406
Comedy,5.946552276611328,14144,Daddy Day Camp,91
Comedy,5.946347713470459,308531,Teenage Mutant Ninja Turtles: Out of the Shadows,963
Comedy,5.946281433105469,38579,Marmaduke,149
Comedy,5.946051120758057,14113,Zoom,135
Comedy,5.945985794067383,10012,Cursed,167
Comedy,5.945653915405273,31117,Superbabies: Baby Geniuses 2,35
Comedy,5.945211410522461,227783,The Nut Job,319
Comedy,5.944168567657471,302688,My Big Fat Greek Wedding 2,322
Comedy,5.94364595413208,13673,Christmas with the Kranks,193
Comedy,5.942872047424316,9894,The Cable Guy,594
Comedy,5.9425506591796875,9907,Barnyard,225
Comedy,5.941433429718018,9292,Hudson Hawk,269
Comedy,5.9412922859191895,76489,The Three Stooges,140
Comedy,5.941069602966309,50359,Hop,331
Comedy,5.93787145614624,57089,Hoodwinked Too! Hood VS. Evil,131
Comedy,5.93734073638916,129139,The To Do List,342
Comedy,5.937065124511719,37931,MacGruber,179
Comedy,5.936334133148193,23172,The Spy Next Door,345
Comedy,5.936185836791992,256092,Drive Hard,74
Comedy,5.934916973114014,6116,Spice World,123
Comedy,5.93489933013916,82687,The Guilt Trip,284
Comedy,5.934701442718506,10535,Spy Hard,147
Comedy,5.934667587280273,11932,Bride of Chucky,350
Comedy,5.933407783508301,13166,Freddy Got Fingered,115
Comedy,5.933403491973877,1499,Teenage Mutant Ninja Turtles III,184
Comedy,5.933055877685547,109418,Grown Ups 2,1155
Comedy,5.932831287384033,13121,Teeth,210
Comedy,5.932831287384033,22949,Old Dogs,210
Comedy,5.93240213394165,20856,Aliens in the Attic,244
Comedy,5.931982040405273,11375,Hollywood Homicide,166
Comedy,5.931478977203369,4551,Be Cool,292
Comedy,5.9312567710876465,10204,Around the World in 80 Days,672
Comedy,5.930497169494629,1792,Stuck on You,188
Comedy,5.930207252502441,8869,Eight Legged Freaks,295
Comedy,5.929581165313721,10710,Envy,139
Comedy,5.929419040679932,9906,The Ant Bully,366
Comedy,5.9292192459106445,14623,Thunderbirds,91
Comedy,5.928018569946289,12158,Vampire in Brooklyn,111
Comedy,5.92761754989624,7303,Maid in Manhattan,485
Comedy,5.9266157150268555,41515,Yogi Bear,220
Comedy,5.926429271697998,144340,Admission,304
Comedy,5.926000118255615,11637,Are We There Yet?,221
Comedy,5.92491340637207,62838,New Year's Eve,718
Comedy,5.9240312576293945,19840,"I Love You, Beth Cooper",197
Comedy,5.924021244049072,88751,Journey to the Center of the Earth,1309
Comedy,5.923590183258057,9072,Little Man,261
Comedy,5.923183441162109,9889,Shallow Hal,731
Comedy,5.922921657562256,9600,Big Momma's House,506
Comedy,5.922921657562256,10708,Daddy Day Care,506
Comedy,5.922393798828125,107811,21 & Over,737
Comedy,5.921604156494141,1636,Bedazzled,512
Comedy,5.9205732345581055,58224,Mr. Popper's Penguins,751
Comedy,5.9189839363098145,6877,Failure to Launch,399
Comedy,5.9179301261901855,12620,The House Bunny,529
Comedy,5.9178972244262695,37821,Killers,772
Comedy,5.917819499969482,57431,The Sitter,325
Comedy,5.917503356933594,62206,30 Minutes or Less,531
Comedy,5.915895938873291,188161,A Million Ways to Die in the West,1468
Comedy,5.91580057144165,27022,The Sorcerer's Apprentice,1470
Comedy,5.914339065551758,81836,To Rome with Love,546
Comedy,5.914215087890625,9890,The Stepford Wives,334
Comedy,5.914027214050293,11812,The Sweetest Thing,280
Comedy,5.913532257080078,10610,The Medallion,281
Comedy,5.913505554199219,12096,The Pink Panther,550
Comedy,5.913305759429932,9957,The Benchwarmers,242
Comedy,5.913288116455078,13908,The Master of Disguise,78
Comedy,5.912263870239258,16866,Planet 51,556
Comedy,5.911796569824219,10555,Shark Tale,1557
Comedy,5.910879611968994,17711,The Adventures of Rocky & Bullwinkle,87
Comedy,5.910519599914551,2018,The Wedding Planner,427
Comedy,5.909486770629883,184345,A Haunted House 2,346
Comedy,5.909337997436523,11397,Not Another Teen Movie,431
Comedy,5.909337997436523,323676,The Boss,431
Comedy,5.909212589263916,9290,Crocodile Dundee in Los Angeles,146
Comedy,5.909212589263916,9557,Boat Trip,146
Comedy,5.908456802368164,306,Beverly Hills Cop III,434
Comedy,5.90779447555542,77953,The Campaign,578
Comedy,5.907271385192871,10658,Howard the Duck,221
Comedy,5.907271385192871,11132,Confessions of a Teenage Drama Queen,221
Comedy,5.906831741333008,2959,License to Wed,253
Comedy,5.905545234680176,10030,Good Luck Chuck,444
Comedy,5.902960300445557,87428,That's My Boy,453
Comedy,5.901022911071777,23988,Stan Helsing,97
Comedy,5.899909973144531,11565,Big Momma's House 2,371
Comedy,5.898097515106201,38322,"Big Mommas: Like Father, Like Son",313
Comedy,5.897622108459473,8427,I Spy,269
Comedy,5.897593021392822,56715,Just Visiting,171
Comedy,5.896222114562988,17130,Crossroads,158
Comedy,5.89561653137207,316002,Accidental Love,95
Comedy,5.8951215744018555,2022,Mr. Deeds,644
Comedy,5.8951215744018555,9384,Starsky & Hutch,644
Comedy,5.894387245178223,11199,Wild Hogs,648
Comedy,5.894142150878906,10067,The Shaggy Dog,137
Comedy,5.894010543823242,49013,Cars 2,2033
Comedy,5.892490863800049,35169,Furry Vengeance,149
Comedy,5.891602993011475,43935,Dylan Dog: Dead of Night,139
Comedy,5.891267776489258,32856,Valentine's Day,1013
Comedy,5.8906965255737305,22345,Baby Geniuses,75
Comedy,5.88975191116333,12193,Four Christmases,331
Comedy,5.886734962463379,1819,"You, Me and Dupree",407
Comedy,5.885709285736084,889,The Flintstones in Viva Rock Vegas,134
Comedy,5.883901119232178,11011,Ri¢hie Ri¢h,415
Comedy,5.882070064544678,2752,40 Days and 40 Nights,297
Comedy,5.881865978240967,38778,Dinner for Schmucks,531
Comedy,5.8800578117370605,37786,Sex and the City 2,426
Comedy,5.879777431488037,14405,Beverly Hills Chihuahua,209
Comedy,5.878289699554443,44564,The Dilemma,304
Comedy,5.878242015838623,98566,Teenage Mutant Ninja Turtles,2636
Comedy,5.877753257751465,9447,Babe: Pig in the City,305
Comedy,5.877079963684082,5559,Bee Movie,1171
Comedy,5.874913692474365,11692,The Adventures of Pluto Nash,142
Comedy,5.873898983001709,8676,Fool's Gold,444
Comedy,5.873826026916504,11284,Freddy's Dead: The Final Nightmare,272
Comedy,5.871319770812988,24438,Did You Hear About the Morgans?,276
Comedy,5.870912551879883,9279,Jingle All the Way,575
Comedy,5.870072841644287,11817,Bulletproof Monk,278
Comedy,5.868172645568848,42888,How Do You Know,223
Comedy,5.867746353149414,18162,Land of the Lost,381
Comedy,5.866305351257324,270487,"Hail, Caesar!",1309
Comedy,5.8662238121032715,4442,The Brothers Grimm,818
Comedy,5.864795684814453,54054,One for the Money,388
Comedy,5.864510536193848,11469,Black Knight,287
Comedy,5.864142894744873,9767,The Break-Up,832
Comedy,5.86229133605957,50647,Wanderlust,394
Comedy,5.860762119293213,55301,Alvin and the Chipmunks: Chipwrecked,484
Comedy,5.8594841957092285,291870,Dirty Grandpa,1406
Comedy,5.858165740966797,12090,Just Married,404
Comedy,5.856962203979492,10603,George of the Jungle,496
Comedy,5.8558349609375,58431,Pride and Prejudice and Zombies,640
Comedy,5.855709552764893,11024,Scooby-Doo 2: Monsters Unleashed,500
Comedy,5.855029582977295,89492,This Is 40,896
Comedy,5.850766181945801,139038,A Haunted House,516
Comedy,5.850155830383301,18480,Brüno,518
Comedy,5.849696636199951,10040,Miss Congeniality 2: Armed and Fabulous,425
Comedy,5.848883628845215,10481,102 Dalmatians,313
Comedy,5.848597049713135,9982,Chicken Little,944
Comedy,5.847121715545654,6519,The Dukes of Hazzard,316
Comedy,5.8440022468566895,77931,The Smurfs 2,695
Comedy,5.842252254486084,84174,Bachelorette,444
Comedy,5.828530311584473,11453,Deuce Bigalow: European Gigolo,225
Comedy,5.827586650848389,10771,The Tuxedo,483
Comedy,5.825706958770752,2830,My Boss's Daughter,180
Comedy,5.825037956237793,9531,Superman III,490
Comedy,5.823490619659424,48988,Hall Pass,611
Comedy,5.822951793670654,10996,Stuart Little 2,613
Comedy,5.822154998779297,38317,Zookeeper,498
Comedy,5.819765567779541,239573,Unfinished Business,320
Comedy,5.818928241729736,246403,Tusk,366
Comedy,5.8184428215026855,11249,Seed of Chucky,287
Comedy,5.817537307739258,23742,Cop Out,511
Comedy,5.815919876098633,4327,Charlie's Angels,1232
Comedy,5.815029144287109,62213,Dark Shadows,2320
Comedy,5.813997745513916,268920,Hot Pursuit,647
Comedy,5.813228130340576,9678,Little Nicky,438
Comedy,5.813008785247803,10327,"Legally Blonde 2: Red, White & Blonde",377
Comedy,5.811599254608154,10054,Spy Kids,867
Comedy,5.809156894683838,23398,Alvin and the Chipmunks: The Squeakquel,666
Comedy,5.804182529449463,3050,Doctor Dolittle,686
Comedy,5.801178932189941,10756,The Haunted Mansion,466
Comedy,5.800289154052734,9327,The Nutty Professor,702
Comedy,5.799756050109863,10992,Cats & Dogs,352
Comedy,5.798537731170654,243938,Hot Tub Time Machine 2,354
Comedy,5.795406818389893,325133,Neighbors 2: Sorority Rising,1462
Comedy,5.794013023376465,43593,Piranha 3D,581
Comedy,5.791777610778809,19899,Couples Retreat,588
Comedy,5.788331031799316,11260,Meet Dave,371
Comedy,5.78676700592041,38319,Your Highness,501
Comedy,5.7835693359375,8859,"Dude, Where’s My Car?",509
Comedy,5.7834978103637695,10661,You Don't Mess with the Zohan,1048
Comedy,5.781674385070801,109431,Identity Thief,1645
Comedy,5.781249046325684,11546,Police Academy: Mission to Moscow,178
Comedy,5.781187057495117,224141,Into the Woods,1652
Comedy,5.780017375946045,10628,Kangaroo Jack,203
Comedy,5.7750043869018555,56288,Spy Kids: All the Time in the World,222
Comedy,5.774471759796143,62764,Mirror Mirror,1114
Comedy,5.773737907409668,9637,Scooby-Doo,820
Comedy,5.769416809082031,9513,Garfield: A Tail of Two Kitties,464
Comedy,5.766376495361328,6477,Alvin and the Chipmunks,1177
Comedy,5.766127109527588,41513,The Smurfs,1179
Comedy,5.765534400939941,23706,All About Steve,295
Comedy,5.763682842254639,10588,The Cat in the Hat,366
Comedy,5.759963512420654,9574,Flubber,695
Comedy,5.7574567794799805,40805,The Green Hornet,1251
Comedy,5.75529146194458,11918,Superhero Movie,379
Comedy,5.75203800201416,124459,The Incredible Burt Wonderstone,724
Comedy,5.749577045440674,347969,The Ridiculous 6,388
Comedy,5.748454570770264,19585,G-Force,510
Comedy,5.747976303100586,223702,Sausage Party,2238
Comedy,5.745161056518555,4257,Scary Movie 4,750
Comedy,5.744706630706787,8285,The Spirit,320
Comedy,5.742545127868652,4248,Scary Movie 2,982
Comedy,5.736255645751953,257344,Pixels,2513
Comedy,5.735924243927002,10808,Dr. Dolittle 2,410
Comedy,5.735226631164551,10152,Dumb and Dumberer: When Harry Met Lloyd,210
Comedy,5.734996318817139,12107,Nutty Professor II: The Klumps,332
Comedy,5.734630107879639,11451,Herbie Fully Loaded,542
Comedy,5.733871936798096,11090,The Animal,304
Comedy,5.733202934265137,2395,Asterix at the Olympic Games,471
Comedy,5.731956481933594,12177,The Love Guru,242
Comedy,5.730129241943359,210860,Mortdecai,1055
Comedy,5.729311466217041,39451,Little Fockers,1060
Comedy,5.723597049713135,19994,Jennifer's Body,837
Comedy,5.71888542175293,222936,Aloha,692
Comedy,5.718734264373779,100042,Dumb and Dumber To,1127
Comedy,5.718629360198975,226486,Tammy,500
Comedy,5.713467597961426,80035,The Watch,881
Comedy,5.699630260467529,49524,R.I.P.D.,1260
Comedy,5.698055744171143,888,The Flintstones,543
Comedy,5.690371990203857,14560,Paul Blart: Mall Cop,788
Comedy,5.687077522277832,256961,Paul Blart: Mall Cop 2,567
Comedy,5.68554162979126,9607,Super Mario Bros.,232
Comedy,5.685281753540039,4474,My Super Ex-Girlfriend,442
Comedy,5.681551456451416,8920,Garfield,820
Comedy,5.661455154418945,52449,Bad Teacher,1584
Comedy,5.660559177398682,2698,Evan Almighty,1151
Comedy,5.657383918762207,9471,Charlie's Angels: Full Throttle,914
Comedy,5.646734714508057,332,Inspector Gadget,318
Comedy,5.633162975311279,351819,Fifty Shades of Black,331
Comedy,5.625180721282959,40264,Vampires Suck,315
Comedy,5.6246232986450195,10073,Date Movie,222
Comedy,5.624290943145752,38745,Gulliver's Travels,621
Comedy,5.608965873718262,12279,Spy Kids 3-D: Game Over,511
Comedy,5.586654186248779,225886,Sex Tape,1695
Comedy,5.581344127655029,8487,Wild Wild West,1020
Comedy,5.565664291381836,17610,Year One,524
Comedy,5.5453338623046875,43074,Ghostbusters,2142
Comedy,5.474128246307373,13805,Disaster Movie,240
Comedy,5.460922718048096,329833,Zoolander 2,797
Comedy,5.443546772003174,10214,Son of the Mask,338
Comedy,5.441411018371582,7278,Meet the Spartans,359
Comedy,5.4173970222473145,4258,Scary Movie 5,793
Comedy,5.359283924102783,9760,Epic Movie,326
Comedy,5.324760913848877,87818,Movie 43,797
Comedy,5.323019981384277,71880,Jack and Jill,604
Action,8.044122695922852,155,The Dark Knight,12002
Action,7.969184875488281,27205,Inception,13752
Action,7.904545307159424,1891,The Empire Strikes Back,5879
Action,7.886720657348633,122,The Lord of the Rings: The Return of the King,8064
Action,7.846219062805176,11,Star Wars,6624
Action,7.810790538787842,120,The Lord of the Rings: The Fellowship of the Ring,8705
Action,7.783504486083984,121,The Lord of the Rings: The Two Towers,7487
Action,7.738088130950928,118340,Guardians of the Galaxy,9742
Action,7.724384784698486,603,The Matrix,8907
Action,7.665513515472412,16869,Inglourious Basterds,6430
Action,7.629193305969238,98,Gladiator,5439
Action,7.591923713684082,1892,Return of the Jedi,4665
Action,7.58085823059082,348,Alien,4470
Action,7.569281101226807,177572,Big Hero 6,6135
Action,7.531988620758057,111,Scarface,2948
Action,7.4564409255981445,49026,The Dark Knight Rises,9106
Action,7.439197540283203,24,Kill Bill: Vol. 1,4949
Action,7.414715766906738,752,V for Vendetta,4442
Action,7.400462627410889,280,Terminator 2: Judgment Day,4185
Action,7.385077953338623,100402,Captain America: The Winter Soldier,5764
Action,7.3798627853393555,85,Raiders of the Lost Ark,3854
Action,7.370344161987305,670,Oldboy,1945
Action,7.351603984832764,137113,Edge of Tomorrow,4858
Action,7.34125280380249,197,Braveheart,3336
Action,7.3378190994262695,272,Batman Begins,7359
Action,7.331294536590576,679,Aliens,3220
Action,7.330183982849121,22,Pirates of the Caribbean: The Curse of the Black Pearl,6985
Action,7.307034969329834,127585,X-Men: Days of Future Past,6032
Action,7.305539131164551,393,Kill Bill: Vol. 2,3948
Action,7.301600456237793,24428,The Avengers,11776
Action,7.29517126083374,293660,Deadpool,10995
Action,7.271276950836182,1726,Iron Man,8776
Action,7.248523235321045,89,Indiana Jones and the Last Crusade,3152
Action,7.244545936584473,82702,How to Train Your Dragon 2,3106
Action,7.231886386871338,101299,The Hunger Games: Catching Fire,6495
Action,7.2250823974609375,562,Die Hard,3948
Action,7.223850250244141,96721,Rush,2277
Action,7.194940090179443,9806,The Incredibles,5152
Action,7.176642417907715,109424,Captain Phillips,2454
Action,7.171203136444092,13475,Star Trek,4518
Action,7.169137954711914,190859,American Sniper,4469
Action,7.166948318481445,54138,Star Trek Into Darkness,4418
Action,7.150217533111572,99861,Avengers: Age of Ultron,6767
Action,7.144521713256836,228150,Fury,3946
Action,7.132467746734619,64690,Drive,3725
Action,7.116817951202393,19995,Avatar,11800
Action,7.1002068519592285,346,Seven Samurai,878
Action,7.097812652587891,76341,Mad Max: Fury Road,9427
Action,7.084462642669678,119450,Dawn of the Planet of the Apes,4410
Action,7.07464075088501,168259,Furious 7,4176
Action,7.072514057159424,218,The Terminator,4128
Action,7.061102390289307,18,The Fifth Element,3885
Action,7.0596137046813965,36557,Casino Royale,3855
Action,7.045217990875244,2501,The Bourne Identity,3583
Action,7.042907238006592,87827,Life of Pi,5797
Action,7.009358882904053,59440,Warrior,1272
Action,7.003191947937012,4638,Hot Fuzz,2199
Action,7.000803470611572,8681,Taken,4369
Action,6.9991888999938965,2503,The Bourne Ultimatum,2888
Action,6.986429214477539,9693,Children of Men,2071
Action,6.982265949249268,271110,Captain America: Civil War,7241
Action,6.942833423614502,1372,Blood Diamond,2281
Action,6.942765235900879,49538,X-Men: First Class,5181
Action,6.9311909675598145,122917,The Hobbit: The Battle of the Five Armies,4760
Action,6.927726745605469,23483,Kick-Ass,4645
Action,6.92083215713501,106,Predator,2093
Action,6.919524192810059,2502,The Bourne Supremacy,2825
Action,6.917574405670166,307081,Southpaw,2067
Action,6.909769535064697,1895,Star Wars: Episode III - Revenge of the Sith,4116
Action,6.90922737121582,187,Sin City,2691
Action,6.9060587882995605,49051,The Hobbit: An Unexpected Journey,8297
Action,6.895726203918457,193756,Lone Survivor,1526
Action,6.894526958465576,616,The Last Samurai,1895
Action,6.885534763336182,273481,Sicario,2416
Action,6.876607894897461,792,Platoon,1205
Action,6.87285852432251,102899,Ant-Man,5880
Action,6.870703220367432,10528,Sherlock Holmes,5766
Action,6.869204044342041,177677,Mission: Impossible - Rogue Nation,3224
Action,6.862635135650635,198663,The Maze Runner,5371
Action,6.859868049621582,58,Pirates of the Caribbean: Dead Man's Chest,5246
Action,6.855974197387695,22538,Scott Pilgrim vs. the World,2126
Action,6.854009628295898,1271,300,4997
Action,6.8537139892578125,2034,Training Day,1634
Action,6.853278636932373,156022,The Equalizer,2954
Action,6.841866493225098,87,Indiana Jones and the Temple of Doom,2781
Action,6.840601444244385,102651,Maleficent,4496
Action,6.839323043823242,9509,Man on Fire,1553
Action,6.8362932205200195,16320,Serenity,1264
Action,6.836125373840332,61791,Rise of the Planet of the Apes,4347
Action,6.8334879875183105,525,The Blues Brothers,1065
Action,6.829346656799316,180,Minority Report,2608
Action,6.820532321929932,58574,Sherlock Holmes: A Game of Shadows,3886
Action,6.81685209274292,855,Black Hawk Down,1811
Action,6.815802097320557,51497,Fast Five,2438
Action,6.809655666351318,37724,Skyfall,7604
Action,6.800551891326904,203801,The Man from U.N.C.L.E.,2265
Action,6.797824382781982,387,Das Boot,613
Action,6.796746253967285,187017,22 Jump Street,3319
Action,6.769358158111572,13183,Watchmen,2811
Action,6.7691650390625,1579,Apocalypto,1221
Action,6.766892433166504,6479,I Am Legend,4853
Action,6.766276836395264,1368,First Blood,1488
Action,6.762393951416016,157350,Divergent,4663
Action,6.7582855224609375,285,Pirates of the Caribbean: At World's End,4500
Action,6.755963325500488,607,Men in Black,4412
Action,6.741226673126221,134,"O Brother, Where Art Thou?",1112
Action,6.738284111022949,861,Total Recall,1710
Action,6.730597019195557,68721,Iron Man 3,8806
Action,6.725411891937256,94329,The Raid,1055
Action,6.715378284454346,268,Batman,2096
Action,6.712932586669922,5503,The Fugitive,1220
Action,6.710175514221191,319,True Romance,749
Action,6.696022987365723,8810,Mad Max 2: The Road Warrior,957
Action,6.694759368896484,9495,The Crow,953
Action,6.691112041473389,557,Spider-Man,5265
Action,6.681393146514893,76338,Thor: The Dark World,4755
Action,6.681257724761963,7347,Elite Squad,504
Action,6.665957450866699,36657,X-Men,4097
Action,6.662559509277344,56292,Mission: Impossible - Ghost Protocol,3972
Action,6.654614448547363,658,Goldfinger,987
Action,6.648214817047119,36658,X2,3506
Action,6.646075248718262,1669,The Hunt for Red October,957
Action,6.64425802230835,1572,Die Hard: With a Vengeance,2066
Action,6.642655849456787,142061,"Batman: The Dark Knight Returns, Part 2",419
Action,6.637264251708984,146,"Crouching Tiger, Hidden Dragon",927
Action,6.624758720397949,5236,Kiss Kiss Bang Bang,886
Action,6.610750198364258,72190,World War Z,5560
Action,6.6093878746032715,11969,Tombstone,626
Action,6.60906457901001,8374,The Boondock Saints,837
Action,6.607083797454834,9470,Kung Fu Hustle,831
Action,6.5988664627075195,68726,Pacific Rim,4794
Action,6.598040580749512,755,From Dusk Till Dawn,1603
Action,6.596103668212891,62177,Brave,4641
Action,6.591907501220703,7299,Equilibrium,1552
Action,6.591786861419678,154,Star Trek II: The Wrath of Khan,675
Action,6.58998441696167,225574,Non-Stop,2268
Action,6.589807033538818,558,Spider-Man 2,4321
Action,6.5843987464904785,64688,21 Jump Street,4074
Action,6.580454349517822,7485,Shooter,1462
Action,6.579660415649414,9802,The Rock,1456
Action,6.577563285827637,2048,"I, Robot",3793
Action,6.567828178405762,604,The Matrix Reloaded,3443
Action,6.567042827606201,49530,In Time,3417
Action,6.5620951652526855,602,Independence Day,3260
Action,6.561273097991943,291805,Now You See Me 2,3235
Action,6.553638935089111,2756,The Abyss,808
Action,6.552837371826172,1637,Speed,1783
Action,6.5474114418029785,110415,Snowpiercer,2854
Action,6.546075344085693,104,Run Lola Run,664
Action,6.5416340827941895,300671,13 Hours: The Secret Soldiers of Benghazi,938
Action,6.539305686950684,1771,Captain America: The First Avenger,7047
Action,6.537933349609375,954,Mission: Impossible,2631
Action,6.537766456604004,10138,Iron Man 2,6849
Action,6.535072326660156,10195,Thor,6525
Action,6.534178256988525,79,Hero,635
Action,6.533390998840332,754,Face/Off,1583
Action,6.529083251953125,9361,The Last of the Mohicans,732
Action,6.519819736480713,6978,Big Trouble in Little China,705
Action,6.514087677001953,59967,Looper,4697
Action,6.509479999542236,1924,Superman,1022
Action,6.502796649932861,1858,Transformers,4040
Action,6.501695156097412,131634,The Hunger Games: Mockingjay - Part 2,3984
Action,6.498835563659668,4512,The Assassination of Jesse James by the Coward Robert Ford,776
Action,6.497768402099609,38055,Megamind,1918
Action,6.492617130279541,646,Dr. No,940
Action,6.4925994873046875,1051,The French Connection,422
Action,6.492453098297119,1251,Letters from Iwo Jima,541
Action,6.489236354827881,9799,The Fast and the Furious,3428
Action,6.488275051116943,2787,Pitch Black,1789
Action,6.487424373626709,107985,The World's End,1778
Action,6.481023788452148,744,Top Gun,1698
Action,6.480439186096191,11362,The Count of Monte Cristo,453
Action,6.479154586791992,198184,Chappie,3062
Action,6.477761745452881,107846,Escape Plan,1659
Action,6.473387718200684,36955,True Lies,1116
Action,6.472904205322266,140300,Kung Fu Panda 3,1603
Action,6.471005916595459,39514,RED,2808
Action,6.47068977355957,2024,The Patriot,1099
Action,6.469027519226074,563,Starship Troopers,1560
Action,6.469013690948486,13809,RockNRolla,836
Action,6.466907501220703,39254,Real Steel,2692
Action,6.463259220123291,199,Star Trek: First Contact,661
Action,6.462228298187256,188927,Star Trek Beyond,2568
Action,6.4602251052856445,8337,They Live,550
Action,6.460005760192871,277,Underworld,2512
Action,6.459461688995361,135397,Jurassic World,8662
Action,6.456850528717041,924,Dawn of the Dead,1016
Action,6.452572822570801,254,King Kong,2337
Action,6.451035976409912,80274,Ender's Game,2303
Action,6.4499592781066895,657,From Russia with Love,760
Action,6.448307514190674,1930,The Amazing Spider-Man,6586
Action,6.447021007537842,90,Beverly Hills Cop,961
Action,6.446703910827637,49521,Man of Steel,6359
Action,6.444406032562256,20504,The Book of Eli,2164
Action,6.442777633666992,18533,Bronson,733
Action,6.435416221618652,9798,Enemy of the State,1240
Action,6.4345245361328125,1103,Escape from New York,703
Action,6.432555675506592,612,Munich,696
Action,6.4323835372924805,49049,Dredd,1940
Action,6.431674003601074,8068,Desperado,881
Action,6.4311604499816895,9654,The Italian Job,1919
Action,6.429800510406494,1573,Die Hard 2,1896
Action,6.4281697273254395,323677,Race,478
Action,6.427127361297607,1574,Chicago,677
Action,6.42409086227417,102382,The Amazing Spider-Man 2,4179
Action,6.416703224182129,4108,The Transporter,1692
Action,6.415380001068115,364,Batman Returns,1673
Action,6.409427642822266,9550,House of Flying Daggers,439
Action,6.4092936515808105,136400,2 Guns,1589
Action,6.403212070465088,8963,Crimson Tide,498
Action,6.400606632232666,787,Mr. & Mrs. Smith,2965
Action,6.381215572357178,12244,9,1262
Action,6.377506256103516,1487,Hellboy,2225
Action,6.376279830932617,9659,Mad Max,1213
Action,6.372189521789551,710,GoldenEye,1174
Action,6.371876239776611,8009,Highlander,624
Action,6.370358943939209,1495,Kingdom of Heaven,1157
Action,6.369706153869629,1948,Crank,1151
Action,6.369427680969238,956,Mission: Impossible III,2028
Action,6.369378089904785,10189,Pineapple Express,1148
Action,6.364850044250488,192141,No Escape,777
Action,6.363819599151611,36647,Blade,1905
Action,6.360207557678223,9631,The Negotiator,582
Action,6.359349727630615,1535,Spy Game,579
Action,6.357083320617676,1635,The Island,1770
Action,6.353265762329102,9737,Bad Boys,1699
Action,6.35147762298584,7446,Tropic Thunder,1667
Action,6.350208282470703,1865,Pirates of the Caribbean: On Stranger Tides,4948
Action,6.348928451538086,75612,Oblivion,4800
Action,6.346085071563721,136795,The Heat,1575
Action,6.3405938148498535,1894,Star Wars: Episode II - Attack of the Clones,3992
Action,6.340185642242432,8195,Ronin,658
Action,6.339592933654785,9476,A Knight's Tale,907
Action,6.3334503173828125,9362,Tremors,864
Action,6.333124160766602,68724,Elysium,3439
Action,6.32846736907959,8292,Four Brothers,607
Action,6.327467441558838,605,The Matrix Revolutions,3096
Action,6.326451778411865,294254,Maze Runner: The Scorch Trials,3040
Action,6.325953483581543,7304,Running Scared,331
Action,6.325494289398193,205775,In the Heart of the Sea,1276
Action,6.325024604797363,1701,Con Air,1270
Action,6.324631214141846,48138,Unknown,1265
Action,6.3244733810424805,50456,Hanna,1263
Action,6.322059154510498,285923,Grindhouse,459
Action,6.31657600402832,9829,United 93,367
Action,6.316303253173828,12207,The Legend of Drunken Master,242
Action,6.315652370452881,8909,Wanted,2528
Action,6.3145246505737305,95,Armageddon,2482
Action,6.313921928405762,2112,Payback,548
Action,6.31037712097168,9289,The Longest Day,234
Action,6.308373928070068,7191,Cloverfield,2251
Action,6.306878566741943,10590,We Were Soldiers,521
Action,6.305681228637695,6415,Three Kings,692
Action,6.305365085601807,43959,Soul Surfer,342
Action,6.30350399017334,1571,Live Free or Die Hard,2089
Action,6.302738189697266,1576,Resident Evil,2065
Action,6.301889419555664,152747,All Is Lost,671
Action,6.301028728485107,2100,The Last Castle,285
Action,6.299864292144775,3989,Team America: World Police,660
Action,6.298051834106445,2059,National Treasure,1926
Action,6.297998905181885,9387,Conan the Barbarian,650
Action,6.296800136566162,117251,White House Down,1891
Action,6.296798229217529,16995,State of Play,484
Action,6.294267654418945,1946,eXistenZ,475
Action,6.29081916809082,67913,The Guard,372
Action,6.289633274078369,12113,Body of Lies,895
Action,6.282844066619873,11194,Touching the Void,138
Action,6.281736850738525,834,Underworld: Evolution,1528
Action,6.281641960144043,146216,RED 2,1526
Action,6.281256198883057,62835,Colombiana,824
Action,6.279762268066406,16608,The Proposition,218
Action,6.279001235961914,11371,The Score,423
Action,6.277958393096924,75174,The Grey,1451
Action,6.275932788848877,174,Star Trek VI: The Undiscovered Country,413
Action,6.274945259094238,19898,Pandorum,774
Action,6.2730793952941895,9434,Grosse Pointe Blank,275
Action,6.2710089683532715,10027,Unleashed,518
Action,6.271007537841797,240832,Lucy,5878
Action,6.270601272583008,12289,Red Cliff,205
Action,6.268540382385254,691,The Spy Who Loved Me,507
Action,6.266891956329346,256040,Baahubali: The Beginning,135
Action,6.265344619750977,9702,Bound by Honor,115
Action,6.264882564544678,11770,Shaolin Soccer,491
Action,6.26352596282959,7305,Alive,374
Action,6.263461589813232,206647,Spectre,4466
Action,6.26323127746582,1893,Star Wars: Episode I - The Phantom Menace,4432
Action,6.2624382972717285,9516,Menace II Society,173
Action,6.261961936950684,15067,"The Good, The Bad, The Weird",193
Action,6.260450839996338,76170,The Wolverine,4053
Action,6.255794048309326,36668,X-Men: The Last Stand,3525
Action,6.255183696746826,9433,The Edge,349
Action,6.254843235015869,25941,Harry Brown,348
Action,6.254395484924316,8536,Superman II,629
Action,6.253889560699463,5175,Rush Hour 2,1054
Action,6.2529144287109375,45132,Super,441
Action,6.2524542808532715,11658,Tae Guk Gi: The Brotherhood of War,133
Action,6.249660968780518,316152,Free State of Jones,428
Action,6.248123645782471,1593,Night at the Museum,2862
Action,6.247837066650391,20526,TRON: Legacy,2841
Action,6.244081497192383,10045,District B13,565
Action,6.243576526641846,660,Thunderball,562
Action,6.243576526641846,841,Dune,562
Action,6.240259170532227,109414,This Is the End,2359
Action,6.23962926864624,204082,Homefront,875
Action,6.238574504852295,68735,Warcraft,2268
Action,6.238241672515869,667,You Only Live Twice,531
Action,6.237725257873535,59859,Kick-Ass 2,2224
Action,6.237643718719482,2142,Cop Land,382
Action,6.235040664672852,4349,The Kingdom,513
Action,6.234928131103516,6968,The Baader Meinhof Complex,157
Action,6.233830451965332,943,Lethal Weapon 3,811
Action,6.232435703277588,11690,Bloodsport,363
Action,6.227089881896973,10999,Commando,742
Action,6.226316928863525,11509,Silverado,146
Action,6.224510669708252,22972,Green Zone,717
Action,6.224367618560791,668,On Her Majesty's Secret Service,456
Action,6.223032474517822,865,The Running Man,703
Action,6.221621036529541,2789,The Chronicles of Riddick,1570
Action,6.221434593200684,8961,Bad Boys II,1564
Action,6.219409942626953,8834,Conspiracy Theory,431
Action,6.214456081390381,38985,Sorcerer,98
Action,6.2139668464660645,59961,Safe House,1345
Action,6.208807945251465,11576,"It's a Mad, Mad, Mad, Mad World",140
Action,6.208505153656006,365222,Ip Man 3,379
Action,6.208015441894531,9567,Tears of the Sun,573
Action,6.207460403442383,9342,The Mask of Zorro,1183
Action,6.206676006317139,44048,Unstoppable,1165
Action,6.20601224899292,23631,Machete,1150
Action,6.205923080444336,241554,Run All Night,1148
Action,6.204299449920654,10803,Logan's Run,269
Action,6.203132629394531,14736,Love & Basketball,88
Action,6.203000545501709,7516,Smokin' Aces,534
Action,6.202868461608887,253,Live and Let Die,533
Action,6.201542854309082,11382,Bullets Over Broadway,130
Action,6.201087951660156,27582,The Mechanic,1045
Action,6.200723171234131,11967,Young Guns,258
Action,6.20052433013916,11165,Tora! Tora! Tora!,147
Action,6.200325965881348,10159,The Rundown,514
Action,6.199782371520996,1911,The 13th Warrior,510
Action,6.199737071990967,9313,The Man in the Iron Mask,1018
Action,6.199737071990967,13027,Eagle Eye,1018
Action,6.198117256164551,8982,The Protector,167
Action,6.197994709014893,8456,Never Back Down,497
Action,6.194177627563477,3595,Ransom,470
Action,6.194051742553711,9367,El Mariachi,238
Action,6.1936211585998535,11412,The Long Kiss Goodnight,314
Action,6.19155216217041,193,Star Trek: Generations,452
Action,6.191404342651367,417859,Puss in Boots,451
Action,6.191267013549805,1369,Rambo: First Blood Part II,864
Action,6.189474582672119,11835,Death Sentence,297
Action,6.188858509063721,157,Star Trek III: The Search for Spock,434
Action,6.187945365905762,16290,Jackass 3D,428
Action,6.18778657913208,27936,Micmacs,148
Action,6.187246799468994,72387,Safe,799
Action,6.185156345367432,944,Lethal Weapon 4,767
Action,6.184450626373291,11022,Narc,142
Action,6.184041976928711,26039,Point Blank,95
Action,6.183882713317871,24748,Hud,66
Action,6.18337869644165,10705,Henry V,71
Action,6.183286190032959,11904,Young Sherlock Holmes,167
Action,6.182848930358887,59678,Attack the Block,733
Action,6.181824207305908,1494,Curse of the Golden Flower,203
Action,6.181323528289795,9331,Clear and Present Danger,386
Action,6.180017471313477,2163,Breakdown,198
Action,6.180011749267578,41154,Men in Black 3,4160
Action,6.1794538497924805,2080,X-Men Origins: Wolverine,4021
Action,6.177135944366455,10890,Stripes,249
Action,6.174712181091309,33542,Rumble in the Bronx,240
Action,6.174030303955078,117263,Olympus Has Fallen,2981
Action,6.173897743225098,8960,Hancock,2961
Action,6.171868324279785,300673,The Finest Hours,588
Action,6.170591831207275,3482,The Train,72
Action,6.170307636260986,330,The Lost World: Jurassic Park,2487
Action,6.169466018676758,435,The Day After Tomorrow,2392
Action,6.169438362121582,49017,Dracula Untold,2389
Action,6.1689019203186035,681,Diamonds Are Forever,553
Action,6.168766975402832,9543,Prince of Persia: The Sands of Time,2317
Action,6.166474342346191,27576,Salt,2093
Action,6.1663384437561035,682,The Man with the Golden Gun,524
Action,6.166014194488525,2140,Kiss of the Dragon,298
Action,6.166014194488525,12094,Jackass Number Two,298
Action,6.165824890136719,87421,Riddick,2035
Action,6.165792465209961,62630,The Devil's Double,208
Action,6.165744781494141,584,2 Fast 2 Furious,2028
Action,6.165339469909668,6950,Outbreak,513
Action,6.165218830108643,9766,Gridiron Gang,206
Action,6.16458797454834,253450,The Assassin,157
Action,6.164065361022949,12160,Wyatt Earp,202
Action,6.163759231567383,45610,Machine Gun Preacher,286
Action,6.163202285766602,699,For Your Eyes Only,490
Action,6.162615776062012,82682,Gangster Squad,1778
Action,6.162027835845947,34769,Defendor,195
Action,6.161004066467285,375290,Airlift,57
Action,6.1607818603515625,302699,Central Intelligence,1650
Action,6.160524845123291,8077,Alien³,1633
Action,6.1604084968566895,1729,The Forbidden Kingdom,461
Action,6.1600470542907715,123553,The Mortal Instruments: City of Bones,1602
Action,6.158858299255371,36586,Blade II,1528
Action,6.157600402832031,9869,Patriot Games,433
Action,6.157134532928467,12437,Underworld: Rise of the Lycans,1428
Action,6.156984329223633,12106,The Quick and the Dead,427
Action,6.156589031219482,20662,Robin Hood,1398
Action,6.15594482421875,75674,Act of Valor,417
Action,6.154552459716797,13922,The Great Raid,91
Action,6.154464244842529,5551,Space Cowboys,403
Action,6.153170585632324,200,Star Trek: Insurrection,391
Action,6.151264667510986,4107,Bloody Sunday,53
Action,6.1502203941345215,9555,Rabbit-Proof Fence,84
Action,6.150060653686523,1266,Street Kings,363
Action,6.149471759796143,1880,Red Dawn,215
Action,6.149471759796143,44147,Wild Target,215
Action,6.149346351623535,9335,Transporter 2,1061
Action,6.146080017089844,315011,Shin Godzilla,143
Action,6.145689964294434,49527,Man on a Ledge,925
Action,6.145517349243164,333355,Star Wars: Clone Wars: Volume 1,27
Action,6.145248889923096,9400,Set It Off,66
Action,6.144466876983643,9950,Find Me Guilty,138
Action,6.144166469573975,7450,Titan A.E.,313
Action,6.144166469573975,10074,Hot Rod,313
Action,6.143491744995117,12227,White Fang,135
Action,6.143308162689209,10388,The Limey,105
Action,6.143124103546143,9772,Air Force One,840
Action,6.14286994934082,49526,Premium Rush,832
Action,6.14265775680542,11536,The Misfits,72
Action,6.140283584594727,10105,Saints and Soldiers,98
Action,6.14020299911499,9414,The Man Who Knew Too Little,125
Action,6.139598369598389,8584,Shanghai Noon,735
Action,6.1394124031066895,5353,The Hunting Party,96
Action,6.1391072273254395,44865,The Grandmaster,273
Action,6.138913631439209,7461,Vantage Point,716
Action,6.138845443725586,9664,Flyboys,271
Action,6.138397693634033,9389,Renaissance,77
Action,6.138200283050537,9588,Quigley Down Under,119
Action,6.1380462646484375,26843,Lion of the Desert,34
Action,6.137923240661621,1687,Escape from the Planet of the Apes,264
Action,6.136839389801025,2207,16 Blocks,661
Action,6.136514663696289,290864,Kung Fu Jungle,114
Action,6.136317253112793,10135,Road House,252
Action,6.1359782218933105,10569,Small Time Crooks,155
Action,6.13572883605957,29427,The Crazies,633
Action,6.135199546813965,31867,Repo Men,620
Action,6.134806156158447,13807,Exiled,46
Action,6.134470462799072,2669,The Bounty,108
Action,6.134114742279053,1428,Once Upon a Time in Mexico,594
Action,6.131816387176514,20083,Shinjuku Incident,65
Action,6.131144046783447,700,Octopussy,527
Action,6.130993843078613,23330,The Ballad of Cable Hogue,47
Action,6.1305832862854,34813,The Losers,515
Action,6.130436420440674,3040,Night Watch,210
Action,6.130394458770752,11551,Small Soldiers,511
Action,6.130165100097656,11935,Capricorn One,131
Action,6.129147052764893,68818,Blackthorn,73
Action,6.1289215087890625,10743,Confidence,126
Action,6.1285295486450195,7873,Harsh Times,197
Action,6.127658843994141,29339,Nicholas Nickleby,49
Action,6.127342700958252,44092,Reign of Assassins,57
Action,6.126862049102783,708,The Living Daylights,440
Action,6.126417636871338,4911,Dark Blue,85
Action,6.125048637390137,11676,Nothing to Lose,174
Action,6.124598503112793,10428,Hackers,398
Action,6.123140335083008,9311,Smilla's Sense of Snow,60
Action,6.123067855834961,22832,Ninja Assassin,371
Action,6.122835636138916,10047,The Messenger: The Story of Joan of Arc,367
Action,6.122528076171875,24869,Ink,101
Action,6.1222662925720215,1619,The Way of the Gun,100
Action,6.121696949005127,33157,Waterloo,31
Action,6.120367050170898,25209,Annie Get Your Gun,22
Action,6.1198859214782715,17339,Force 10 from Navarone,91
Action,6.119558334350586,24266,The Man from Snowy River,37
Action,6.118977069854736,46528,The Warrior's Way,136
Action,6.1188578605651855,3172,Bandits,302
Action,6.1185455322265625,21610,Nighthawks,86
Action,6.118414402008057,10786,Robin and Marian,50
Action,6.118414402008057,27191,The Greatest Show on Earth,50
Action,6.1178154945373535,10782,Basic,286
Action,6.117749214172363,52015,Stake Land,285
Action,6.117644786834717,10622,Mr. Nice Guy,128
Action,6.117616653442383,2110,Wasabi,283
Action,6.117192268371582,8198,The Quiet American,81
Action,6.116983890533447,15797,Only the Strong,29
Action,6.116122245788574,30596,Bodyguards and Assassins,57
Action,6.11582612991333,13491,Arn: The Knight Templar,76
Action,6.115093231201172,15239,The Toxic Avenger,113
Action,6.114875316619873,4105,Black Rain,243
Action,6.113891124725342,13938,The Last Dragon,69
Action,6.113726615905762,38543,Ironclad,227
Action,6.112863063812256,22617,Dinner Rush,19
Action,6.1126909255981445,33196,Tidal Wave,48
Action,6.112246990203857,11128,Ladder 49,207
Action,6.111756801605225,15158,Phantasm II,94
Action,6.111396312713623,45380,Crazy Stone,22
Action,6.111146926879883,14538,Three Kingdoms: Resurrection of the Dragon,35
Action,6.110781669616699,33106,Silver Medalist,13
Action,6.110369682312012,15049,Bon Cop Bad Cop,42
Action,6.110315799713135,10534,White Squall,86
Action,6.110315799713135,10656,Subway,86
Action,6.109941005706787,10935,Heaven's Gate,55
Action,6.10991907119751,43090,Gunless,27
Action,6.109769821166992,14392,The Warlords,83
Action,6.109220504760742,2185,Big Trouble,80
Action,6.1084136962890625,35691,Letters to God,37
Action,6.108315467834473,81390,A Lonely Place to Die,157
Action,6.107679843902588,19644,Silmido,28
Action,6.1065568923950195,9515,The Matador,136
Action,6.106325626373291,43884,The Charge of the Light Brigade,18
Action,6.104902744293213,22600,Gangster's Paradise: Jerusalema,16
Action,6.104516983032227,15745,Made,55
Action,6.104188919067383,27342,Malone,15
Action,6.1023077964782715,28932,F.I.S.T.,29
Action,6.102051734924316,347755,Wind Walkers,6
Action,6.102035045623779,16651,The Other Side of Heaven,14
Action,6.101419925689697,59917,Cotton Comes to Harlem,13
Action,6.101097583770752,1123,Catch a Fire,25
Action,6.100808143615723,45138,Machine Gun McCain,6
Action,6.100783824920654,27759,55 Days at Peking,36
Action,6.10066032409668,9548,The Adventures of Ford Fairlane,71
Action,6.100183486938477,15173,Jonah: A VeggieTales Movie,22
Action,6.100175380706787,11564,Class of 1984,66
Action,6.099979400634766,69848,One Man's Hero,2
Action,6.09988260269165,20391,Paint Your Wagon,63
Action,6.098761558532715,42151,Down Terrace,26
Action,6.098692893981934,22820,Gentlemen Broncos,51
Action,6.09849214553833,38356,Transformers: Dark of the Moon,3299
Action,6.098386764526367,1724,The Incredible Hulk,3021
Action,6.098363876342773,10764,Quantum of Solace,2965
Action,6.098351955413818,13197,10th & Wolf,24
Action,6.098334789276123,76163,The Expendables 2,2896
Action,6.098272323608398,82675,Taken 2,2757
Action,6.098086833953857,53182,300: Rise of an Empire,2397
Action,6.098032474517822,228967,The Interview,2304
Action,6.097967624664307,260346,Taken 3,2200
Action,6.097917556762695,35944,Lucky Break,11
Action,6.097917556762695,49529,John Carter,2124
Action,6.097782135009766,34723,The Adventures of Huck Finn,42
Action,6.097724437713623,52520,Underworld: Awakening,1862
Action,6.097668647766113,138103,The Expendables 3,1795
Action,6.09758996963501,9615,The Fast and the Furious: Tokyo Drift,1705
Action,6.097464561462402,134374,Pain & Gain,1573
Action,6.097410202026367,136797,Need for Speed,1520
Action,6.097373008728027,9679,Gone in Sixty Seconds,1485
Action,6.097258567810059,27581,The Other Guys,1383
Action,6.097165584564209,316727,The Purge: Election Year,1306
Action,6.0971479415893555,7737,Resident Evil: Extinction,1292
Action,6.097115993499756,1577,Resident Evil: Apocalypse,1267
Action,6.097095966339111,10034,High Heels and Low Lifes,12
Action,6.097062587738037,26268,Harper,35
Action,6.0968546867370605,18712,Sands of Iwo Jima,33
Action,6.096783638000488,19150,The Crew,11
Action,6.096656322479248,1493,Miss Congeniality,961
Action,6.096636772155762,664,Twister,950
Action,6.096604824066162,9705,Swordfish,932
Action,6.096457004547119,168530,Ride Along,853
Action,6.096314430236816,5174,Rush Hour 3,783
Action,6.096286773681641,77866,Contraband,770
Action,6.096278190612793,7220,The Punisher,766
Action,6.096158027648926,9593,Last Action Hero,712
Action,6.096118450164795,49021,Killer Elite,695
Action,6.096070766448975,26389,From Paris with Love,675
Action,6.096036911010742,619,The Bodyguard,661
Action,6.095915794372559,96,Beverly Hills Cop II,613
Action,6.095849990844727,9350,Cliffhanger,588
Action,6.095795631408691,41283,Faster,568
Action,6.095759391784668,323675,Ride Along 2,555
Action,6.09570837020874,9759,Cellular,537
Action,6.095679759979248,4824,The Jackal,527
Action,6.0955352783203125,201,Star Trek: Nemesis,479
Action,6.0954694747924805,9618,Tango & Cash,458
Action,6.095410346984863,56930,Tycoon,4
Action,6.095306873321533,16577,Astro Boy,409
Action,6.09527587890625,2043,Along Came a Spider,400
Action,6.095163822174072,22314,In Too Deep,17
Action,6.095102787017822,11001,Blue Streak,352
Action,6.095057964324951,3536,U-571,340
Action,6.095056533813477,25388,March or Die,16
Action,6.094627380371094,1688,Conquest of the Planet of the Apes,236
Action,6.094579219818115,312113,Black November,4
Action,6.094559192657471,9425,Soldier,221
Action,6.094508171081543,8987,The River Wild,210
Action,6.094262599945068,10070,Feast,160
Action,6.094257831573486,11891,Kung Pow: Enter the Fist,159
Action,6.094152927398682,15070,Undisputed,139
Action,6.0941314697265625,4965,Impostor,135
Action,6.094110012054443,9570,The Black Hole,131
Action,6.093999862670898,507,Killing Zoe,111
Action,6.09398889541626,9448,The Big Hit,109
Action,6.09391450881958,7515,London,96
Action,6.093856334686279,208869,Plastic,86
Action,6.093832969665527,2453,Harley Davidson and the Marlboro Man,82
Action,6.0938029289245605,2370,Topaz,77
Action,6.09377908706665,14576,Shade,73
Action,6.093541145324707,17622,Fifty Dead Men Walking,35
Action,6.093442440032959,13064,Airborne,20
Action,6.093435764312744,22301,Hell's Angels,19
Action,6.093429088592529,66607,Saving Private Perez,18
Action,6.093354225158691,25212,Deterrence,7
Action,6.093354225158691,31668,All The Queen's Men,7
Action,6.0933403968811035,43213,Chicago Overcoat,5
Action,6.093305587768555,51955,Hav Plenty,0
Action,6.093305587768555,69382,The Legend of God's Gun,0
Action,6.093305587768555,295914,Queen of the Mountains,0
Action,6.093305587768555,354624,Heroes of Dirt,0
Action,6.093305587768555,378237,Amidst the Devil's Wings,0
Action,6.0929999351501465,41317,Caravans,1
Action,6.092695236206055,20406,Rockaway,2
Action,6.092166900634766,67373,This Thing of Ours,1
Action,6.092166900634766,270554,Echo Dr.,1
Action,6.092070579528809,26916,Mercy Streets,2
Action,6.0917744636535645,62255,Tracker,16
Action,6.09102725982666,381902,The Monkey King 2,24
Action,6.090831756591797,38717,Madison,3
Action,6.090519905090332,380733,Fight to the Finish,3
Action,6.090384006500244,26352,A Low Down Dirty Shame,31
Action,6.090328693389893,26486,The Last Shot,15
Action,6.090328693389893,47816,3 Strikes,15
Action,6.090083122253418,323271,Unsullied,1
Action,6.090010166168213,47534,Fighting Tommy Riley,4
Action,6.08997917175293,244339,Out of Inferno,11
Action,6.0897440910339355,19187,The Hebrew Hammer,18
Action,6.0896806716918945,22488,Love's Abiding Joy,12
Action,6.089569568634033,37737,Kites,40
Action,6.089041709899902,224569,Taxman,1
Action,6.088281631469727,63006,Dum Maaro Dum,7
Action,6.088070869445801,9455,The Corruptor,57
Action,6.0879998207092285,10914,All Hat,1
Action,6.087901592254639,13072,Brooklyn Rules,18
Action,6.087569713592529,18869,Jimmy and Judy,8
Action,6.087569713592529,40505,I Got the Hook Up,8
Action,6.087252616882324,21512,The Blood of Heroes,31
Action,6.086777687072754,77156,Alien Zone,3
Action,6.086577415466309,29015,The Specials,11
Action,6.086078643798828,112456,Hardflip,5
Action,6.085010051727295,10643,Godzilla 2000,43
Action,6.085010051727295,244114,Firestorm,43
Action,6.08482551574707,42807,The Newton Boys,44
Action,6.084734916687012,16441,The Beastmaster,97
Action,6.084734916687012,19457,The Yards,97
Action,6.084696292877197,407887,Operation Chromite,29
Action,6.084309101104736,352978,Chain of Command,11
Action,6.0836591720581055,173931,Legend of a Rabbit,3
Action,6.083433151245117,65448,Penitentiary,8
Action,6.083209037780762,70829,The Last Godfather,7
Action,6.082693576812744,24746,Six-String Samurai,36
Action,6.082394123077393,11702,The Replacement Killers,127
Action,6.082118511199951,322194,Subconscious,4
Action,6.082091808319092,38780,Rampage,131
Action,6.081357955932617,39349,Sugar Hill,13
Action,6.080990791320801,16016,Journey to Saturn,10
Action,6.080989837646484,18886,Flight of the Intruder,31
Action,6.080591678619385,39833,Love Me Tender,21
Action,6.080540180206299,16353,Ong Bak 2,152
Action,6.080395221710205,9457,Deep Rising,154
Action,6.08035135269165,49478,Warriors of Virtue,9
Action,6.080310344696045,11818,Valley of the Wolves: Iraq,7
Action,6.079838752746582,21338,Stone Cold,34
Action,6.079836368560791,13503,Texas Rangers,19
Action,6.079324722290039,13950,All About the Benjamins,48
Action,6.079310894012451,51995,Salvation Boulevard,28
Action,6.079075336456299,2088,Romeo Is Bleeding,36
Action,6.079047679901123,329540,The Marine 4: Moving Target,49
Action,6.078861236572266,299552,Born Of War,7
Action,6.078819751739502,18828,Double Take,24
Action,6.078249931335449,9770,Mad City,81
Action,6.078219413757324,10871,Switchback,52
Action,6.078219413757324,15644,Paparazzi,52
Action,6.077944278717041,10632,The Hunted,189
Action,6.0777459144592285,317930,Compadres,17
Action,6.077505111694336,147767,Khiladi 786,11
Action,6.077227592468262,9416,Money Talks,87
Action,6.076862812042236,24227,Excessive Force,10
Action,6.076847553253174,192210,Open Road,18
Action,6.0766754150390625,11983,Proof of Life,208
Action,6.076474189758301,19803,Underclassman,28
Action,6.076467990875244,48620,The Mighty Macs,15
Action,6.076378345489502,29076,Gun Shy,24
Action,6.07615327835083,4515,Lions for Lambs,216
Action,6.075510501861572,10589,After the Sunset,226
Action,6.075364112854004,14877,September Dawn,16
Action,6.075160503387451,98549,The Legend of Hell's Gate: An American Conspiracy,8
Action,6.075160503387451,385383,Fight Valley,8
Action,6.074979782104492,18808,Highway,37
Action,6.074725151062012,16911,The Inhabited Island,23
Action,6.0746941566467285,53502,The Dead Undead,6
Action,6.074186325073242,10179,The Ice Pirates,49
Action,6.074163436889648,24575,Raise the Titanic,21
Action,6.073766708374023,14351,Crossover,10
Action,6.073739528656006,10017,The Wraith,108
Action,6.072990894317627,13201,Deuces Wild,34
Action,6.07295560836792,17186,Supercross,29
Action,6.07295560836792,38940,Men of War,29
Action,6.072829246520996,40914,Royal Kill,6
Action,6.072678565979004,30379,Megiddo: The Omega Code 2,8
Action,6.0723652839660645,13408,The Wash,26
Action,6.071972370147705,13496,American Outlaws,55
Action,6.071172714233398,13282,Death Race 2000,124
Action,6.07114315032959,356483,Unnatural,12
Action,6.0705108642578125,16205,Jack Brooks: Monster Slayer,59
Action,6.070241928100586,182873,Green Street Hooligans: Underground,33
Action,6.070165634155273,370464,The Masked Saint,7
Action,6.0700201988220215,2162,Chill Factor,29
Action,6.0695672035217285,38153,Shadow Conspiracy,11
Action,6.069417953491211,2085,Romeo Must Die,330
Action,6.0691423416137695,10991,Pokémon: Spell of the Unknown,137
Action,6.069060802459717,13006,Split Second,63
Action,6.069054126739502,41009,Perrier’s Bounty,24
Action,6.068787097930908,24206,Silent Trigger,22
Action,6.068787097930908,24264,Sheena,22
Action,6.068680763244629,12085,Mad Money,140
Action,6.068253040313721,9882,The Siege,352
Action,6.067983627319336,356841,Checkmate,13
Action,6.0679168701171875,300168,Dragon Blade,145
Action,6.06743049621582,8838,Mercury Rising,368
Action,6.0673346519470215,56491,In Her Line of Fire,9
Action,6.067295074462891,27549,Beastmaster 2: Through the Portal of Time,17
Action,6.066776275634766,11358,Walking Tall,381
Action,6.066478252410889,9691,Assassins,387
Action,6.0661492347717285,32740,Krrish,46
Action,6.066143035888672,17043,The Crocodile Hunter: Collision Course,34
Action,6.066134452819824,22907,Takers,394
Action,6.0660858154296875,4421,G.I. Jane,395
Action,6.065793037414551,5822,Sweet Sweetback's Baadasssss Song,18
Action,6.065356254577637,19419,Screwed,23
Action,6.065171241760254,10431,War,414
Action,6.064858913421631,10425,The Death and Life of Bobby Z,103
Action,6.064840793609619,342521,Keanu,421
Action,6.064602851867676,18065,Next Day Air,36
Action,6.063835144042969,256740,Wicked Blood,37
Action,6.0638041496276855,13495,Alatriste,61
Action,6.0638041496276855,327833,Skin Trade,61
Action,6.063777446746826,9923,Domino,444
Action,6.06376314163208,1613,The 51st State,173
Action,6.06376314163208,11495,Firestarter,173
Action,6.0635528564453125,10615,Pootie Tang,43
Action,6.0633673667907715,25763,Damnation Alley,27
Action,6.063191890716553,8007,Behind Enemy Lines,457
Action,6.063043117523193,72431,Red Tails,178
Action,6.062673091888428,6071,Kiss of Death,81
Action,6.062324523925781,290555,Wolves,82
Action,6.062304496765137,28165,The Toxic Avenger Part II,39
Action,6.062289714813232,15074,Extreme Ops,28
Action,6.062069892883301,19495,Nomad: The Warrior,17
Action,6.061305999755859,256687,Swelter,21
Action,6.061214447021484,2008,The Promise,29
Action,6.0610785484313965,707,A View to a Kill,506
Action,6.0605950355529785,389425,Code of Honor,16
Action,6.0589494705200195,49852,The Nutcracker: The Untold Story,50
Action,6.058869361877441,38665,The Legend of the Lone Ranger,14
Action,6.0588555335998535,10090,Reno 911!: Miami,72
Action,6.058851718902588,9822,Mighty Joe Young,208
Action,6.058851718902588,253626,Good Kill,208
Action,6.058529376983643,849,Krull,129
Action,6.057855606079102,13154,Showdown in Little Tokyo,95
Action,6.057366847991943,40160,Meteor,36
Action,6.057111740112305,9449,The Borrowers,135
Action,6.0568766593933105,70006,Never Back Down 2: The Beatdown,136
Action,6.056731700897217,326284,Pound of Flesh,63
Action,6.056175231933594,12610,Osmosis Jones,228
Action,6.05617094039917,19901,Daybreakers,634
Action,6.055994987487793,254904,The November Man,639
Action,6.0552449226379395,14043,Nancy Drew,143
Action,6.054963111877441,6278,Reign of Fire,669
Action,6.054741859436035,15983,Invasion U.S.A.,49
Action,6.054561614990234,14854,Lone Wolf McQuade,67
Action,6.054197311401367,6038,Shanghai Knights,692
Action,6.054117679595947,11863,Jade,44
Action,6.053367614746094,27380,Megaforce,15
Action,6.053206443786621,8592,Dick Tracy,251
Action,6.053164958953857,116613,The Sweeney,109
Action,6.05294942855835,9989,Antitrust,153
Action,6.052708148956299,13191,"War, Inc.",86
Action,6.052407741546631,270938,Falcon Rising,71
Action,6.051950931549072,22821,The Boondock Saints II: All Saints Day,261
Action,6.051570415496826,18550,Fled,47
Action,6.0509819984436035,540,D.E.B.S.,90
Action,6.050846099853516,205126,Independence Daysaster,22
Action,6.04940938949585,9486,Johnny English,852
Action,6.049259185791016,11678,Vertical Limit,283
Action,6.049138069152832,36643,The World Is Not Enough,862
Action,6.049023151397705,79698,The Lovers,34
Action,6.048577785491943,192102,3 Days to Kill,883
Action,6.048480033874512,76349,1911,41
Action,6.047494888305664,714,Tomorrow Never Dies,925
Action,6.047388076782227,12138,3000 Miles to Graceland,178
Action,6.047360897064209,1537,Changing Lanes,299
Action,6.04701042175293,10003,The Saint,302
Action,6.046512603759766,9288,Dungeons & Dragons: Wrath of the Dragon God,36
Action,6.045968532562256,6520,First Knight,311
Action,6.04551362991333,58233,Johnny English Reborn,1007
Action,6.045395851135254,48572,Red State,316
Action,6.045042514801025,11141,Laws of Attraction,104
Action,6.044517517089844,11665,Get Smart,1051
Action,6.044456481933594,1408,Cutthroat Island,136
Action,6.04401969909668,11370,The Musketeer,56
Action,6.041930675506592,10483,Death Race,1175
Action,6.041330337524414,34851,Predators,1206
Action,6.0406904220581055,242166,Red Sky,26
Action,6.039594650268555,12704,Ishtar,28
Action,6.039059638977051,34314,Turbulence,62
Action,6.03903865814209,252360,In the Name of the King III,19
Action,6.038965702056885,13389,Righteous Kill,375
Action,6.038050651550293,15365,Witless Protection,26
Action,6.0378289222717285,23759,Centurion,386
Action,6.037567615509033,5820,The Sentinel,225
Action,6.037554740905762,12484,The Forsaken,47
Action,6.036570072174072,39180,See Spot Run,44
Action,6.0360517501831055,290595,The Huntsman: Winter's War,1523
Action,6.035380840301514,10623,Cradle 2 the Grave,236
Action,6.035297393798828,25678,American Ninja 2: The Confrontation,49
Action,6.0346760749816895,12088,Fortress,168
Action,6.034172534942627,10117,Action Jackson,50
Action,6.033664226531982,37710,The Tourist,1699
Action,6.033175468444824,2114,Final Fantasy: The Spirits Within,433
Action,6.0327935218811035,4614,The Sum of All Fears,437
Action,6.032431602478027,11398,The Art of War,135
Action,6.032233238220215,72710,The Host,1817
Action,6.031929016113281,10783,Lucky Numbers,52
Action,6.031696796417236,6623,The Peacemaker,255
Action,6.031696796417236,9945,Vampires,255
Action,6.031506061553955,2320,Executive Decision,256
Action,6.0312604904174805,12277,Undercover Brother,112
Action,6.031125545501709,8409,A Man Apart,258
Action,6.030116081237793,58626,The Hit List,73
Action,6.029694080352783,325173,Close Range,54
Action,6.029346466064453,14034,What's the Worst That Could Happen?,66
Action,6.029292106628418,11519,1941,143
Action,6.028646945953369,7288,Duplex,482
Action,6.028271675109863,1734,The Mummy Returns,2206
Action,6.0281267166137695,11212,Baby's Day Out,274
Action,6.027982711791992,2749,15 Minutes,191
Action,6.027810573577881,10413,Nowhere to Run,119
Action,6.026914596557617,367551,American Hero,62
Action,6.026656150817871,25769,Carriers,282
Action,6.025927543640137,1497,Teenage Mutant Ninja Turtles II: The Secret of the Ooze,286
Action,6.025575160980225,20697,Ready to Rumble,49
Action,6.024786472320557,49040,The Bourne Legacy,2651
Action,6.023586750030518,698,Moonraker,541
Action,6.023586750030518,709,Licence to Kill,541
Action,6.023032188415527,27578,The Expendables,2926
Action,6.022785663604736,254128,San Andreas,2968
Action,6.02237606048584,49010,Hobo with a Shotgun,211
Action,6.022180080413818,1969,Bandidas,307
Action,6.022149085998535,244316,Into the Grizzly Maze,74
Action,6.021968841552734,608,Men in Black II,3114
Action,6.021840572357178,8373,Transformers: Revenge of the Fallen,3138
Action,6.021321773529053,9955,Blades of Glory,569
Action,6.020376682281494,9620,Paycheck,581
Action,6.0199151039123535,17134,12 Rounds,220
Action,6.018669128417969,9067,Tank Girl,138
Action,6.0181965827941895,10724,Firefox,139
Action,6.017358303070068,18885,3 Ninjas Kick Back,48
Action,6.01686954498291,36670,Never Say Never Again,338
Action,6.016702651977539,48340,Sanctum,339
Action,6.016369342803955,12100,Windtalkers,341
Action,6.016200065612793,13498,Man of the House,120
Action,6.016080379486084,102362,Dead Man Down,638
Action,6.015800952911377,12770,Stealing Harvard,46
Action,6.012768745422363,13460,Doomsday,363
Action,6.011976718902588,9824,Mystery Men,250
Action,6.011674404144287,10877,Exit Wounds,110
Action,6.01038122177124,11228,Daylight,378
Action,6.009757041931152,169,Predator 2,730
Action,6.0095977783203125,9610,Conan the Destroyer,383
Action,6.008864402770996,9074,The Man,133
Action,6.008599758148193,9355,Mad Max Beyond Thunderdome,748
Action,6.008188724517822,10861,Maximum Risk,101
Action,6.0078253746032715,8854,Steel,48
Action,6.006138801574707,37498,Knock Off,64
Action,6.006089210510254,8850,The Shadow,138
Action,6.005681037902832,20483,Catch That Kid,76
Action,6.005408763885498,11866,Flight of the Phoenix,276
Action,6.004687786102295,3512,Under Siege 2: Dark Territory,210
Action,6.00451135635376,206213,Zombie Hunter,34
Action,6.003123760223389,10375,D-Tox,123
Action,6.002193927764893,8656,Deep Impact,855
Action,6.001857280731201,15092,Crank: High Voltage,861
Action,6.000914096832275,6073,The Mexican,441
Action,6.000781536102295,335778,Risen,295
Action,6.000097274780273,1656,The Legend of Zorro,893
Action,5.999477386474609,361159,Navy Seals vs. Zombies,36
Action,5.998503684997559,11968,Into the Blue,458
Action,5.997546195983887,12589,Jimmy Neutron: Boy Genius,231
Action,5.997262001037598,21724,Dance Flick,71
Action,5.996301174163818,1620,Hitman,966
Action,5.995018005371094,9804,Waterworld,992
Action,5.992584705352783,9271,Virtuosity,163
Action,5.9885053634643555,14396,Code Name: The Cleaner,78
Action,5.987557888031006,4597,Armored,208
Action,5.987265586853027,7459,Speed Racer,354
Action,5.987048149108887,17708,Corky Romano,54
Action,5.9869513511657715,137094,Jack Ryan: Shadow Recruit,1173
Action,5.986063003540039,19959,Surrogates,1195
Action,5.98569393157959,116977,Foodfight!,28
Action,5.984650611877441,1705,Battle for the Planet of the Apes,215
Action,5.983675956726074,17577,The Devil's Tomb,53
Action,5.981129169464111,64686,47 Ronin,1326
Action,5.980963706970215,109513,Hit & Run,224
Action,5.979767799377441,8078,Alien: Resurrection,1365
Action,5.978952407836914,59962,This Means War,1389
Action,5.978659629821777,13025,Diary of the Dead,190
Action,5.97755765914917,13056,Punisher: War Zone,294
Action,5.976905822753906,2135,The Time Machine,631
Action,5.975820064544678,13811,Knowing,1486
Action,5.975677013397217,10167,Half Past Dead,82
Action,5.9745683670043945,10136,The Golden Child,304
Action,5.973974227905273,37834,Knight and Day,1547
Action,5.973388671875,46529,I Am Number Four,1567
Action,5.971939563751221,9619,Dante's Peak,428
Action,5.971796989440918,23629,Sucker Punch,1623
Action,5.9717912673950195,9825,Lake Placid,247
Action,5.970767974853516,7364,Sahara,434
Action,5.970461845397949,336004,Heist,318
Action,5.970395565032959,4723,Southland Tales,153
Action,5.970186233520508,10796,The One,437
Action,5.969799518585205,5137,Sky Captain and the World of Tomorrow,439
Action,5.968028545379639,81796,Lockout,715
Action,5.9671244621276855,9208,Broken Arrow,453
Action,5.966444492340088,6068,Six Days Seven Nights,332
Action,5.964211940765381,955,Mission: Impossible II,1928
Action,5.9632697105407715,18360,Night at the Museum: Battle of the Smithsonian,1971
Action,5.963230133056641,14324,Virgin Territory,75
Action,5.9629807472229,11517,Money Train,222
Action,5.96268367767334,9257,S.W.A.T.,770
Action,5.961737632751465,9625,The Glimmer Man,100
Action,5.9615478515625,118957,Bait,191
Action,5.9603047370910645,1642,The Net,354
Action,5.960134983062744,3132,Bad Company,228
Action,5.959761619567871,296,Terminator 3: Rise of the Machines,2143
Action,5.959140300750732,10077,A Sound of Thunder,111
Action,5.958485126495361,8831,Timecop,282
Action,5.958418369293213,23685,Monkeybone,78
Action,5.958378314971924,216282,Into the Storm,817
Action,5.956691265106201,57201,The Lone Ranger,2311
Action,5.956180095672607,10022,The Pacifier,842
Action,5.956175804138184,324668,Jason Bourne,2341
Action,5.955165386199951,10061,Escape from L.A.,373
Action,5.954367160797119,172,Star Trek V: The Final Frontier,376
Action,5.9541730880737305,534,Terminator Salvation,2463
Action,5.9534592628479,146631,U.F.O.,47
Action,5.9490766525268555,479,Shaft,308
Action,5.9487996101379395,302156,Criminal,557
Action,5.948746681213379,59108,Tower Heist,932
Action,5.9485764503479,10762,Without a Paddle,214
Action,5.948023796081543,9594,Double Impact,215
Action,5.9473114013671875,2636,The Specialist,313
Action,5.947119235992432,10350,Wing Commander,72
Action,5.946347713470459,308531,Teenage Mutant Ninja Turtles: Out of the Shadows,963
Action,5.945275783538818,22787,Whiteout,220
Action,5.944215297698975,308529,Kickboxer: Vengeance,99
Action,5.94231653213501,8870,Red Planet,267
Action,5.941433429718018,9292,Hudson Hawk,269
Action,5.941417694091797,72545,Journey 2: The Mysterious Island,1030
Action,5.940877437591553,559,Spider-Man 3,3576
Action,5.939631462097168,254473,Brick Mansions,615
Action,5.9394989013671875,10718,Torque,119
Action,5.937422275543213,9624,On Deadly Ground,104
Action,5.937142848968506,36669,Die Another Day,1092
Action,5.937065124511719,37931,MacGruber,179
Action,5.936334133148193,23172,The Spy Next Door,345
Action,5.936185836791992,256092,Drive Hard,74
Action,5.935332775115967,24418,Cirque du Freak: The Vampire's Assistant,348
Action,5.934701442718506,10535,Spy Hard,147
Action,5.934473991394043,8975,The Marine,163
Action,5.934469223022461,174751,Jane Got a Gun,285
Action,5.933403491973877,1499,Teenage Mutant Ninja Turtles III,184
Action,5.931982040405273,11375,Hollywood Homicide,166
Action,5.9312567710876465,10204,Around the World in 80 Days,672
Action,5.930207252502441,8869,Eight Legged Freaks,295
Action,5.929354667663574,8011,Highlander: The Final Dimension,110
Action,5.9292192459106445,14623,Thunderbirds,91
Action,5.928732395172119,1370,Rambo III,690
Action,5.928579330444336,10550,Ballistic: Ecks vs. Sever,97
Action,5.927638530731201,12211,Highlander: Endgame,104
Action,5.924021244049072,88751,Journey to the Center of the Earth,1309
Action,5.9234418869018555,10461,Get Carter,145
Action,5.923141956329346,70435,Haywire,505
Action,5.922024250030518,297761,Suicide Squad,7458
Action,5.921154499053955,266396,The Gunman,392
Action,5.921136856079102,35791,Resident Evil: Afterlife,1363
Action,5.920657634735107,9562,Timeline,318
Action,5.920482158660889,9042,The Cave,202
Action,5.920255661010742,9826,The Phantom,136
Action,5.918035984039307,7451,xXx,1424
Action,5.9178972244262695,37821,Killers,772
Action,5.917503356933594,62206,30 Minutes or Less,531
Action,5.91580057144165,27022,The Sorcerer's Apprentice,1470
Action,5.914966583251953,9268,Eraser,543
Action,5.914215087890625,9890,The Stepford Wives,334
Action,5.913532257080078,10610,The Medallion,281
Action,5.913505554199219,12096,The Pink Panther,550
Action,5.913328170776367,152760,The Monuments Men,1523
Action,5.912781715393066,9978,Stormbreaker,213
Action,5.912051677703857,12123,Chain Reaction,284
Action,5.911796569824219,10555,Shark Tale,1557
Action,5.910879611968994,17711,The Adventures of Rocky & Bullwinkle,87
Action,5.910519599914551,9884,Collateral Damage,427
Action,5.909023284912109,267860,London Has Fallen,1621
Action,5.908456802368164,306,Beverly Hills Cop III,434
Action,5.9051008224487305,37958,Immortals,880
Action,5.902960300445557,9348,Species,453
Action,5.902674198150635,8914,Deep Blue Sea,604
Action,5.900755882263184,9053,DOA: Dead or Alive,205
Action,5.899982929229736,9626,Red Sonja,206
Action,5.8992109298706055,9703,The Last Legion,207
Action,5.898097515106201,38322,"Big Mommas: Like Father, Like Son",313
Action,5.897622108459473,8427,I Spy,269
Action,5.896974086761475,9383,Hollow Man,634
Action,5.896222114562988,17130,Crossroads,158
Action,5.894850730895996,9946,End of Days,482
Action,5.8946075439453125,10329,Congo,213
Action,5.894387245178223,11199,Wild Hogs,648
Action,5.891602993011475,43935,Dylan Dog: Dead of Night,139
Action,5.8885040283203125,10253,Dragon Wars: D-War,104
Action,5.888238430023193,11237,Anacondas: The Hunt for the Blood Orchid,199
Action,5.8875885009765625,13836,Race to Witch Mountain,509
Action,5.886992931365967,9954,The Covenant,288
Action,5.878419876098633,8698,The League of Extraordinary Gentlemen,1155
Action,5.878242015838623,98566,Teenage Mutant Ninja Turtles,2636
Action,5.875812530517578,144336,Sabotage,555
Action,5.875206470489502,18501,Gamer,760
Action,5.874913692474365,11692,The Adventures of Pluto Nash,142
Action,5.874575138092041,9312,Mortal Kombat,442
Action,5.8705925941467285,36648,Blade: Trinity,1252
Action,5.870072841644287,11817,Bulletproof Monk,278
Action,5.869519233703613,76640,The Last Stand,1266
Action,5.869407653808594,146198,Triple 9,797
Action,5.869383335113525,91314,Transformers: Age of Extinction,3095
Action,5.868988513946533,503,Poseidon,583
Action,5.8662238121032715,4442,The Brothers Grimm,818
Action,5.865793228149414,274854,The Last Witch Hunter,1316
Action,5.864795684814453,54054,One for the Money,388
Action,5.863940238952637,15268,Street Fighter: The Legend of Chun-Li,112
Action,5.861280918121338,87101,Terminator Genisys,3631
Action,5.859671115875244,10366,Universal Soldier: The Return,135
Action,5.856616497039795,94348,Alex Cross,300
Action,5.8562469482421875,119283,Parker,1455
Action,5.8512372970581055,52451,The Three Musketeers,924
Action,5.850837707519531,1966,Alexander,927
Action,5.850766181945801,9341,The Core,516
Action,5.850478172302246,97430,The Man with the Iron Fists,358
Action,5.849696636199951,10040,Miss Congeniality 2: Armed and Fabulous,425
Action,5.8496928215026855,146227,Getaway,246
Action,5.847121715545654,6519,The Dukes of Hazzard,316
Action,5.846395969390869,59965,Abduction,961
Action,5.843507766723633,10923,Agent Cody Banks,284
Action,5.842689037322998,10477,Driven,179
Action,5.842689037322998,332411,I Am Wrath,179
Action,5.841707706451416,10357,Volcano,376
Action,5.83964204788208,250066,American Heist,158
Action,5.831066608428955,127493,Stolen,344
Action,5.827586650848389,10771,The Tuxedo,483
Action,5.826624393463135,257088,Point Break,783
Action,5.825239658355713,11535,Rollerball,106
Action,5.825037956237793,9531,Superman III,490
Action,5.824235916137695,331,Jurassic Park III,2077
Action,5.819701671600342,1995,Lara Croft: Tomb Raider,2192
Action,5.817537307739258,23742,Cop Out,511
Action,5.816720485687256,241254,The Prince,218
Action,5.816100120544434,2310,Beowulf,841
Action,5.815919876098633,4327,Charlie's Angels,1232
Action,5.814841270446777,869,Planet of the Apes,1243
Action,5.814262390136719,97020,RoboCop,2342
Action,5.814040660858154,9488,Spy Kids 2: The Island of Lost Dreams,521
Action,5.813997745513916,268920,Hot Pursuit,647
Action,5.813142776489258,27573,The Bounty Hunter,858
Action,5.812145709991455,13184,Bangkok Dangerous,332
Action,5.811599254608154,10054,Spy Kids,867
Action,5.809637069702148,10336,Spawn,336
Action,5.809200763702393,217,Indiana Jones and the Kingdom of the Crystal Skull,2495
Action,5.809173583984375,168705,BloodRayne,118
Action,5.8083577156066895,77948,The Cold Light of Day,271
Action,5.806654453277588,9381,Babylon A.D.,676
Action,5.802713394165039,38321,Priest,692
Action,5.801590442657471,171424,The Green Inferno,349
Action,5.800048351287842,8202,Æon Flux,703
Action,5.79491662979126,70074,Bullet to the Head,481
Action,5.789847373962402,60304,Hansel & Gretel: Witch Hunters,3239
Action,5.788270950317383,10016,Ghosts of Mars,296
Action,5.787992477416992,47327,Drive Angry,600
Action,5.787116050720215,10048,Stealth,331
Action,5.784869194030762,71679,Resident Evil: Retribution,1600
Action,5.7834978103637695,10661,You Don't Mess with the Zohan,1048
Action,5.7792649269104,184315,Hercules,1680
Action,5.778478145599365,106747,Machete Kills,631
Action,5.7750043869018555,56288,Spy Kids: All the Time in the World,222
Action,5.764348030090332,287948,The Transporter Refueled,559
Action,5.764264106750488,147441,Exodus: Gods and Kings,1921
Action,5.761958122253418,14869,G.I. Joe: The Rise of Cobra,1962
Action,5.76147985458374,395,AVP: Alien vs. Predator,1217
Action,5.7574567794799805,40805,The Green Hornet,1251
Action,5.755376815795898,72331,Abraham Lincoln: Vampire Hunter,1269
Action,5.75529146194458,11918,Superhero Movie,379
Action,5.754244327545166,326,Snakes on a Plane,497
Action,5.748454570770264,19585,G-Force,510
Action,5.748208045959473,18823,Clash of the Titans,2233
Action,5.747366428375244,209112,Batman v Superman: Dawn of Justice,7004
Action,5.744961738586426,13051,Max Payne,613
Action,5.744706630706787,8285,The Spirit,320
Action,5.739368915557861,1996,Lara Croft Tomb Raider: The Cradle of Life,1418
Action,5.737732887268066,9334,The Scorpion King,779
Action,5.736385345458984,44943,Battle: Los Angeles,1448
Action,5.736255645751953,257344,Pixels,2513
Action,5.733871936798096,11090,The Animal,304
Action,5.715874671936035,2312,In the Name of the King: A Dungeon Siege Tale,224
Action,5.699630260467529,49524,R.I.P.D.,1260
Action,5.690371990203857,14560,Paul Blart: Mall Cop,788
Action,5.687077522277832,256961,Paul Blart: Mall Cop 2,567
Action,5.685281753540039,4474,My Super Ex-Girlfriend,442
Action,5.685154438018799,44833,Battleship,2114
Action,5.681848049163818,1452,Superman Returns,1400
Action,5.6807026863098145,14161,2012,4903
Action,5.675285816192627,9920,Ultraviolet,458
Action,5.668673515319824,8814,Doom,609
Action,5.668543338775635,71469,The Darkest Hour,469
Action,5.6678900718688965,258489,The Legend of Tarzan,2430
Action,5.663796424865723,9823,Mortal Kombat: Annihilation,221
Action,5.659960746765137,81005,Jack the Giant Slayer,2598
Action,5.657383918762207,9471,Charlie's Angels: Full Throttle,914
Action,5.646734714508057,332,Inspector Gadget,318
Action,5.636455535888672,5550,RoboCop 3,305
Action,5.635848045349121,12142,Alone in the Dark,173
Action,5.608965873718262,12279,Spy Kids 3-D: Game Over,511
Action,5.608526706695557,9947,Elektra,575
Action,5.605288982391357,1927,Hulk,1533
Action,5.596930503845215,11411,Superman IV: The Quest for Peace,318
Action,5.588769435882568,11667,Street Fighter,325
Action,5.587395668029785,1979,Fantastic 4: Rise of the Silver Surfer,2589
Action,5.586061000823975,11679,xXx: State of the Union,549
Action,5.5848517417907715,76649,Pompeii,1267
Action,5.581344127655029,8487,Wild Wild West,1020
Action,5.577578067779541,20533,Jonah Hex,420
Action,5.57356071472168,440,Aliens vs Predator: Requiem,740
Action,5.566887378692627,72559,G.I. Joe: Retaliation,3025
Action,5.565166473388672,1735,The Mummy: Tomb of the Dragon Emperor,1387
Action,5.548669338226318,414,Batman Forever,1498
Action,5.5453338623046875,43074,Ghostbusters,2142
Action,5.520733833312988,1250,Ghost Rider,1712
Action,5.494174480438232,2486,Eragon,967
Action,5.488391399383545,188207,The Legend of Hercules,533
Action,5.474128246307373,13805,Disaster Movie,240
Action,5.472275733947754,1639,Speed 2: Cruise Control,434
Action,5.443558692932129,5491,Battlefield Earth,255
Action,5.4298577308654785,76757,Jupiter Ascending,2768
Action,5.398874759674072,218043,Left Behind,392
Action,5.392426013946533,47964,A Good Day to Die Hard,3493
Action,5.376430511474609,44912,Green Lantern,2487
Action,5.359283924102783,9760,Epic Movie,326
Action,5.338099479675293,71676,Ghost Rider: Spirit of Vengeance,1135
Action,5.333260536193848,10196,The Last Airbender,1151
Action,5.300337791442871,82700,After Earth,2532
Action,5.231704235076904,47933,Independence Day: Resurgence,2491
Action,5.2275495529174805,314,Catwoman,808
Action,5.055088043212891,14164,Dragonball Evolution,462
Action,4.963853359222412,415,Batman & Robin,1418
Action,4.9016618728637695,166424,Fantastic Four,2278
TV Movie,6.2868523597717285,13187,A Charlie Brown Christmas,153
TV Movie,6.09894323348999,231617,"Signed, Sealed, Delivered",6
TV Movie,6.096722602844238,10947,High School Musical,1000
TV Movie,6.089896202087402,78814,We Have Your Husband,3
TV Movie,6.0896806716918945,22488,Love's Abiding Joy,12
TV Movie,6.083433151245117,153397,Restless,8
TV Movie,6.075056076049805,158150,How to Fall in Love,20
TV Movie,5.33259916305542,205321,Sharknado,476
Music,7.0341315269470215,277216,Straight Outta Compton,1355
Music,6.995715141296387,279,Amadeus,1076
Music,6.939045429229736,114150,Pitch Perfect,2247
Music,6.845276832580566,824,Moulin Rouge!,1300
Music,6.8334879875183105,525,The Blues Brothers,1065
Music,6.82922887802124,872,Singin' in the Rain,727
Music,6.827998638153076,3933,Corpse Bride,1894
Music,6.77708101272583,198277,Begin Again,1254
Music,6.760422229766846,82695,Les Misérables,1884
Music,6.7404632568359375,15121,The Sound of Music,941
Music,6.686378002166748,786,Almost Famous,797
Music,6.666752338409424,71,Billy Elliot,750
Music,6.609946250915527,69,Walk the Line,718
Music,6.6080756187438965,86829,Inside Llewyn Davis,834
Music,6.599366188049316,756,Fantasia,808
Music,6.578714847564697,9473,"South Park: Bigger, Longer & Uncut",893
Music,6.566222667694092,254470,Pitch Perfect 2,1940
Music,6.518473148345947,16,Dancer in the Dark,377
Music,6.4959306716918945,304410,The Bélier Family,766
Music,6.480439186096191,5723,Once,453
Music,6.45573616027832,1677,Ray,467
Music,6.454816818237305,1584,School of Rock,1414
Music,6.452098369598389,243,High Fidelity,628
Music,6.444149494171143,11113,My Fair Lady,352
Music,6.43625545501709,10198,The Princess and the Frog,1247
Music,6.427127361297607,1574,Chicago,677
Music,6.423689842224121,164558,One Direction: This Is Us,201
Music,6.418400764465332,9837,The Prince of Egypt,817
Music,6.411827564239502,9762,Step Up,1060
Music,6.39479923248291,4688,Across the Universe,410
Music,6.354955673217773,1725,West Side Story,389
Music,6.341294765472412,85446,Step Up Revolution,663
Music,6.304940223693848,49948,Fantasia 2000,292
Music,6.299864292144775,3989,Team America: World Police,660
Music,6.293663501739502,11661,Joyeux Noël,212
Music,6.2731852531433105,704,A Hard Day's Night,168
Music,6.268808364868164,8872,Wayne's World,728
Music,6.266175270080566,2976,Hairspray,709
Music,6.25608491897583,8328,Step Up 2: The Streets,640
Music,6.2503485679626465,25196,Crazy Heart,274
Music,6.241746425628662,209451,Jersey Boys,255
Music,6.23818302154541,10776,Little Shop of Horrors,384
Music,6.232862949371338,64328,The Muppets,501
Music,6.230199337005615,1958,8 Women,196
Music,6.228508949279785,10537,The Doors,275
Music,6.222255706787109,244403,Rudderless,105
Music,6.217562198638916,13576,This Is It,247
Music,6.206334114074707,13963,The Last Waltz,64
Music,6.20621919631958,14283,The Red Violin,99
Music,6.19969367980957,159014,20 Feet from Stardom,85
Music,6.199098587036133,1788,Footloose,505
Music,6.193917274475098,13403,Hedwig and the Angry Inch,80
Music,6.191551685333252,16858,All That Jazz,85
Music,6.1850385665893555,6575,Walk Hard: The Dewey Cox Story,212
Music,6.181242942810059,17917,Oliver!,103
Music,6.180948734283447,264999,Magic Mike XXL,706
Music,6.18035364151001,1808,Velvet Goldmine,116
Music,6.180179595947266,12182,Nick and Norah's Infinite Playlist,379
Music,6.178925514221191,3902,I'm Not There.,195
Music,6.17833948135376,2054,Mr. Holland's Opus,113
Music,6.177414894104004,301351,We Are Your Friends,658
Music,6.174500942230225,256924,Danny Collins,183
Music,6.169562816619873,16620,La Bamba,116
Music,6.169037342071533,3080,Top Hat,59
Music,6.167690753936768,16448,Waiting for Guffman,63
Music,6.166529655456543,12763,Take the Lead,162
Music,6.16557502746582,16769,Coal Miner's Daughter,67
Music,6.159693717956543,14299,Cadillac Records,86
Music,6.1581268310546875,9459,Woodstock,66
Music,6.153936862945557,10560,Center Stage,90
Music,6.150594711303711,9781,Detroit Rock City,100
Music,6.150594711303711,14353,Repo! The Genetic Opera,100
Music,6.149641036987305,15765,What's Love Got to Do with It,72
Music,6.148802280426025,9816,Save the Last Dance,352
Music,6.147359848022461,9716,Everyone Says I Love You,147
Music,6.147090435028076,67675,Glee: The Concert Movie,79
Music,6.146939277648926,19933,The Brave Little Toaster,93
Music,6.145083904266357,12109,It's All Gone Pete Tong,52
Music,6.14363431930542,21525,Tupac: Resurrection,26
Music,6.14251708984375,11887,High School Musical 3: Senior Year,821
Music,6.141854286193848,7944,Shine a Light,44
Music,6.141631603240967,193613,Metallica: Through the Never,83
Music,6.136687755584717,239566,Get on Up,158
Music,6.136587142944336,27586,The Runaways,254
Music,6.1351542472839355,57825,Bride & Prejudice,110
Music,6.132372856140137,11172,Music and Lyrics,554
Music,6.129602909088135,13370,A Mighty Wind,74
Music,6.127152919769287,464,As It Is in Heaven,42
Music,6.12685489654541,2148,The Cotton Club,68
Music,6.126417636871338,101267,Katy Perry: Part of Me,85
Music,6.126322269439697,75861,To Write Love on Her Arms,47
Music,6.126059532165527,12535,High Anxiety,84
Music,6.120367050170898,25209,Annie Get Your Gun,22
Music,6.118179798126221,46435,Topsy-Turvy,41
Music,6.117884159088135,24662,Cats Don't Dance,24
Music,6.117192268371582,9526,A Prairie Home Companion,81
Music,6.115365028381348,6478,Beyond the Sea,55
Music,6.113871097564697,14902,1776,20
Music,6.113487720489502,63574,Joyful Noise,33
Music,6.113353729248047,16323,The Rose,28
Music,6.10816764831543,17820,Show Boat,18
Music,6.105782508850098,26320,Taking Woodstock,127
Music,6.104818820953369,13497,Drumline,116
Music,6.103587627410889,29463,Krush Groove,11
Music,6.102962017059326,14655,Soul Men,47
Music,6.102131366729736,35032,The Pirate,17
Music,6.102005958557129,292,Dave Chappelle's Block Party,28
Music,6.100806713104248,30867,Scott Walker: 30 Century Man,8
Music,6.099979877471924,15237,De-Lovely,32
Music,6.09988260269165,20391,Paint Your Wagon,63
Music,6.099568843841553,42618,Sweet Charity,15
Music,6.099566459655762,37003,U2 3D,10
Music,6.098692893981934,10269,Yentl,51
Music,6.098321437835693,37028,The Magic Flute,6
Music,6.098316192626953,173224,Along the Roadside,3
Music,6.097497463226318,188652,The Ghastly Love of Johnny X,8
Music,6.097497463226318,269057,Bang Bang Baby,8
Music,6.097273826599121,40920,The Business of Fancydancing,2
Music,6.097071647644043,43546,Bathing Beauty,4
Music,6.096722602844238,10947,High School Musical,1000
Music,6.096437454223633,13649,High School Musical 2,843
Music,6.096036911010742,619,The Bodyguard,661
Music,6.095378398895264,27686,State Fair,19
Music,6.094908714294434,535,Flashdance,302
Music,6.094216346740723,9899,The Producers,151
Music,6.093868255615234,1931,Stomp the Yard,88
Music,6.093742847442627,12637,"New York, New York",67
Music,6.093674659729004,12621,Hamlet 2,56
Music,6.0935540199279785,3062,42nd Street,37
Music,6.093469142913818,17768,A Funny Thing Happened on the Way to the Forum,24
Music,6.093388080596924,22479,Kansas City,12
Music,6.093305587768555,114065,Down & Out With The Dolls,0
Music,6.093305587768555,361398,Theresa Is a Mother,0
Music,6.093111515045166,285743,Alleluia! The Devil's Carnival,2
Music,6.092166900634766,324322,They Will Have to Kill Us First,1
Music,6.092070579528809,24034,Teacher's Pet,2
Music,6.092070579528809,268917,The Past Is a Grotesque Animal,2
Music,6.09102725982666,206284,Grace Unplugged,24
Music,6.090841293334961,60463,Sunday School Musical,4
Music,6.090746879577637,73191,The Nutcracker,5
Music,6.090238571166992,23655,Groove,6
Music,6.090201377868652,13994,Romance & Cigarettes,33
Music,6.089006423950195,26837,B-Girl,7
Music,6.088718891143799,62677,Songcatcher,9
Music,6.088492393493652,175541,Black Nativity,16
Music,6.088214874267578,157293,ABCD (Any Body Can Dance),10
Music,6.085842132568359,34099,Brave New Girl,3
Music,6.0853800773620605,30141,The Singing Detective,41
Music,6.085264205932617,43839,Alexander's Ragtime Band,6
Music,6.085010051727295,59981,Legends of Oz: Dorothy's Return,43
Music,6.084737300872803,297621,There's Always Woodstock,12
Music,6.083433151245117,42586,Darling Lili,8
Music,6.082693576812744,88036,Sparkle,36
Music,6.082281112670898,24961,The Wiz,58
Music,6.082210540771484,40932,Can't Stop the Music,9
Music,6.081357955932617,24356,Masked and Anonymous,13
Music,6.080591678619385,39833,Love Me Tender,21
Music,6.0796685218811035,55567,Standing Ovation,6
Music,6.077876567840576,12508,Rock Star,190
Music,6.077179908752441,13501,The Good Night,41
Music,6.0770583152771,109417,Battle of the Year,88
Music,6.076478481292725,14024,Raise Your Voice,211
Music,6.0760040283203125,13816,Idlewild,17
Music,6.072990894317627,18074,Duets,34
Music,6.072065353393555,65203,The Broadway Melody,19
Music,6.071807384490967,8818,Evita,120
Music,6.070903301239014,10028,Honey,303
Music,6.066577434539795,80585,Rock of Ages,385
Music,6.063877105712891,66767,Beat the World,16
Music,6.06355094909668,18126,Hannah Montana: The Movie,449
Music,6.037904739379883,19366,Josie and the Pussycats,72
Music,6.024287223815918,10186,The Rocker,156
Music,6.020091533660889,3682,54,135
Music,6.020091533660889,28665,Fame,135
Music,6.016315937042236,206296,The Last Five Years,143
Music,6.012792587280273,23367,Bandslam,126
Music,5.997262001037598,21724,Dance Flick,71
Music,5.94749116897583,10197,Nine,165
Music,5.934916973114014,6116,Spice World,123
Music,5.914357662200928,54518,Justin Bieber: Never Say Never,154
Music,5.896222114562988,17130,Crossroads,158
Music,5.860762119293213,55301,Alvin and the Chipmunks: Chipwrecked,484
Music,5.809156894683838,23398,Alvin and the Chipmunks: The Squeakquel,666
Music,5.781187057495117,224141,Into the Woods,1652
Music,5.766376495361328,6477,Alvin and the Chipmunks,1177
War,7.899806976318359,424,Schindler's List,4329
War,7.726351261138916,205596,The Imitation Game,5723
War,7.665513515472412,16869,Inglourious Basterds,6430
War,7.611566543579102,857,Saving Private Ryan,5048
War,7.393324375152588,28,Apocalypse Now,2055
War,7.352277755737305,423,The Pianist,1864
War,7.34125280380249,197,Braveheart,3336
War,7.238770008087158,1417,Pan's Labyrinth,3041
War,7.238433837890625,935,Dr. Strangelove or: How I Learned to Stop Worrying and Love the Bomb,1442
War,7.169137954711914,190859,American Sniper,4469
War,7.144521713256836,228150,Fury,3946
War,7.06065559387207,14574,The Boy in the Striped Pyjamas,1451
War,6.929404258728027,11778,The Deer Hunter,921
War,6.928046226501465,613,Downfall,1037
War,6.901233673095703,770,Gone with the Wind,970
War,6.895734786987305,947,Lawrence of Arabia,851
War,6.895726203918457,193756,Lone Survivor,1526
War,6.894526958465576,616,The Last Samurai,1895
War,6.876607894897461,792,Platoon,1205
War,6.854009628295898,1271,300,4997
War,6.823436737060547,5925,The Great Escape,717
War,6.820821762084961,12162,The Hurt Locker,1840
War,6.81685209274292,855,Black Hawk Down,1811
War,6.809444904327393,227306,Unbroken,1400
War,6.797824382781982,387,Das Boot,613
War,6.766276836395264,1368,First Blood,1488
War,6.730011463165283,205,Hotel Rwanda,793
War,6.695118427276611,46738,Incendies,479
War,6.691926002502441,652,Troy,2759
War,6.673470973968506,826,The Bridge on the River Kwai,542
War,6.657957077026367,853,Enemy at the Gates,999
War,6.64752721786499,3175,Barry Lyndon,505
War,6.586520195007324,8741,The Thin Red Line,771
War,6.554320812225342,57212,War Horse,992
War,6.5416340827941895,300671,13 Hours: The Secret Soldiers of Benghazi,938
War,6.529083251953125,9361,The Last of the Mohicans,732
War,6.5274271965026855,4476,Legends of the Fall,619
War,6.4969892501831055,801,"Good Morning, Vietnam",642
War,6.492453098297119,1251,Letters from Iwo Jima,541
War,6.490623950958252,8885,Waltz with Bashir,291
War,6.481023788452148,744,Top Gun,1698
War,6.47068977355957,2024,The Patriot,1099
War,6.466229438781738,9665,Glory,383
War,6.427101135253906,2253,Valkyrie,1173
War,6.423301696777344,676,Pearl Harbor,1791
War,6.420706272125244,409,The English Patient,542
War,6.397332191467285,11202,Patton,323
War,6.381215572357178,22971,Dear John,1262
War,6.37429666519165,7445,Brothers,633
War,6.370358943939209,1495,Kingdom of Heaven,1157
War,6.360928535461426,907,Doctor Zhivago,247
War,6.341326713562012,9075,Black Book,277
War,6.318143844604492,25,Jarhead,765
War,6.312431812286377,256917,The Water Diviner,431
War,6.31037712097168,9289,The Longest Day,234
War,6.308201789855957,3683,Flags of Our Fathers,526
War,6.306878566741943,10590,We Were Soldiers,521
War,6.302609920501709,9952,Rescue Dawn,336
War,6.293663501739502,11661,Joyeux Noël,212
War,6.281108379364014,53457,Sarah's Key,196
War,6.2702956199646,2604,Born on the Fourth of July,395
War,6.266891956329346,256040,Baahubali: The Beginning,135
War,6.257574081420898,76758,The Flowers of War,187
War,6.2524542808532715,11658,Tae Guk Gi: The Brotherhood of War,133
War,6.249660968780518,316152,Free State of Jones,428
War,6.239930152893066,256962,Little Boy,185
War,6.236517906188965,5902,A Bridge Too Far,207
War,6.232596397399902,1116,The Wind That Shakes the Barley,154
War,6.228095054626465,11426,From Here to Eternity,133
War,6.224510669708252,22972,Green Zone,717
War,6.208015441894531,9567,Tears of the Sun,573
War,6.20052433013916,11165,Tora! Tora! Tora!,147
War,6.191267013549805,1369,Rambo: First Blood Part II,864
War,6.18337869644165,10705,Henry V,71
War,6.175029754638672,21345,City of Life and Death,55
War,6.170591831207275,3482,The Train,72
War,6.169438362121582,49017,Dracula Untold,2389
War,6.165792465209961,62630,The Devil's Double,208
War,6.15594482421875,75674,Act of Valor,417
War,6.155734539031982,9839,Beyond Borders,110
War,6.154552459716797,13922,The Great Raid,91
War,6.151144981384277,9093,The Four Feathers,159
War,6.1416215896606445,43418,Beneath Hill 60,40
War,6.140283584594727,10105,Saints and Soldiers,98
War,6.140097141265869,8883,Flame & Citron,68
War,6.138845443725586,9664,Flyboys,271
War,6.138809680938721,16564,Winter in Wartime,66
War,6.1380462646484375,26843,Lion of the Desert,34
War,6.136777877807617,10655,Gettysburg,90
War,6.135673999786377,10364,Catch-22,72
War,6.132519721984863,31174,Richard III,49
War,6.129258632659912,9104,Buffalo Soldiers,93
War,6.122835636138916,10047,The Messenger: The Story of Joan of Arc,367
War,6.1198859214782715,17339,Force 10 from Navarone,91
War,6.117936611175537,22267,Ride with the Devil,49
War,6.115049839019775,283708,Far from Men,43
War,6.114223480224609,13405,The Children of Huang Shi,52
War,6.114089012145996,10684,Courage Under Fire,232
War,6.112734794616699,3060,The Big Parade,21
War,6.111039161682129,12412,Miracle at St. Anna,90
War,6.108719348907471,11876,The Horseman on the Roof,25
War,6.106325626373291,43884,The Charge of the Light Brigade,18
War,6.1048431396484375,41508,Fateless,28
War,6.100183486938477,18516,Adam Resurrected,22
War,6.098761558532715,14582,Passchendaele,26
War,6.098086833953857,53182,300: Rise of an Empire,2397
War,6.097372055053711,29715,Major Dundee,38
War,6.097269058227539,11600,Redacted,37
War,6.0968546867370605,18712,Sands of Iwo Jima,33
War,6.096332550048828,22649,A Farewell to Arms,28
War,6.096133232116699,17044,The Land Girls,3
War,6.095057964324951,3536,U-571,340
War,6.095056533813477,25388,March or Die,16
War,6.094559192657471,9425,Soldier,221
War,6.094151973724365,113464,Inchon,2
War,6.093832969665527,8988,Stop-Loss,82
War,6.093735694885254,281230,Fort McCoy,2
War,6.093624591827393,16072,Gods and Generals,48
War,6.093111515045166,72913,Amigo,2
War,6.092533588409424,43306,A Guy Named Joe,8
War,6.089085102081299,184374,Cinco de Mayo: La Batalla,14
War,6.087569713592529,29996,Solomon and Sheba,8
War,6.087129592895508,27329,The Legend of Suriyothai,6
War,6.086851119995117,16351,Ararat,16
War,6.084696292877197,407887,Operation Chromite,29
War,6.083834648132324,10368,Tea with Mussolini,32
War,6.0801591873168945,79777,In the Land of Blood and Honey,45
War,6.078861236572266,299552,Born Of War,7
War,6.078249931335449,11858,Renaissance Man,81
War,6.077397346496582,182,The Good German,86
War,6.075494766235352,50601,5 Days of War,62
War,6.064112663269043,10733,The Alamo,106
War,6.063191890716553,8007,Behind Enemy Lines,457
War,6.063043117523193,72431,Red Tails,178
War,6.062069892883301,19495,Nomad: The Warrior,17
War,6.054483413696289,10592,Hart's War,241
War,6.048480033874512,76349,1911,41
War,6.016369342803955,12100,Windtalkers,341
War,6.008983135223389,10313,The Men Who Stare at Goats,742
War,5.928732395172119,1370,Rambo III,690
War,5.913328170776367,152760,The Monuments Men,1523
War,5.8992109298706055,9703,The Last Legion,207
War,5.850837707519531,1966,Alexander,927
War,5.443558692932129,5491,Battlefield Earth,255
Horror,7.6919379234313965,694,The Shining,3757
Horror,7.583860874176025,539,Psycho,2320
Horror,7.58085823059082,348,Alien,4470
Horror,7.331294536590576,679,Aliens,3220
Horror,7.157392978668213,1091,The Thing,1588
Horror,7.114675998687744,578,Jaws,2542
Horror,7.100763320922852,747,Shaun of the Dead,2420
Horror,7.090663909912109,138843,The Conjuring,3092
Horror,7.044865131378174,9552,The Exorcist,2005
Horror,6.9646220207214355,19908,Zombieland,3550
Horror,6.92152738571167,1933,The Others,1660
Horror,6.862322807312012,176,Saw,2184
Horror,6.771554470062256,948,Halloween,1035
Horror,6.771183967590332,628,Interview with the Vampire,1516
Horror,6.766892433166504,6479,I Am Legend,4853
Horror,6.759593963623047,805,Rosemary's Baby,863
Horror,6.750546932220459,765,Evil Dead II,742
Horror,6.7471418380737305,170,28 Days Later,1777
Horror,6.745083808898926,1813,The Devil's Advocate,1374
Horror,6.703824043273926,377,A Nightmare on Elm Street,1180
Horror,6.700990200042725,259693,The Conjuring 2,1949
Horror,6.675488471984863,764,The Evil Dead,894
Horror,6.659235954284668,46838,Tucker and Dale vs Evil,847
Horror,6.656026840209961,766,Army of Darkness,838
Horror,6.642907619476318,4232,Scream,1476
Horror,6.623443603515625,10331,Night of the Living Dead,580
Horror,6.620883464813232,6114,Dracula,1056
Horror,6.610750198364258,72190,World War Z,5560
Horror,6.598040580749512,755,From Dusk Till Dawn,1603
Horror,6.597213268280029,927,Gremlins,1596
Horror,6.590005397796631,8329,[REC],934
Horror,6.565775394439697,985,Eraserhead,485
Horror,6.548620223999023,49018,Insidious,1737
Horror,6.514835357666016,30497,The Texas Chain Saw Massacre,590
Horror,6.503981590270996,609,Poltergeist,794
Horror,6.493580341339111,6537,The Orphanage,633
Horror,6.470213413238525,82507,Sinister,1573
Horror,6.460404396057129,794,The Omen,476
Horror,6.4602251052856445,8337,They Live,550
Horror,6.456850528717041,924,Dawn of the Dead,1016
Horror,6.454928874969482,9392,The Descent,1005
Horror,6.453257083892822,5876,The Mist,1399
Horror,6.4379191398620605,21208,Orphan,1261
Horror,6.4331889152526855,238636,The Purge: Anarchy,1954
Horror,6.425897598266602,270303,It Follows,1832
Horror,6.419469833374023,9533,Red Dragon,1115
Horror,6.4167585372924805,837,Videodrome,454
Horror,6.407562255859375,26466,Triangle,612
Horror,6.378951072692871,22970,The Cabin in the Woods,2263
Horror,6.378018856048584,2907,The Addams Family,848
Horror,6.363819599151611,36647,Blade,1905
Horror,6.356101036071777,10925,The Return of the Living Dead,267
Horror,6.3505539894104,9003,Hellraiser,449
Horror,6.347281455993652,1547,The Lost Boys,538
Horror,6.345664024353027,313922,Green Room,683
Horror,6.336362361907959,41402,Let Me In,641
Horror,6.3334503173828125,9362,Tremors,864
Horror,6.330573558807373,3021,1408,1343
Horror,6.3226847648620605,46146,Troll Hunter,583
Horror,6.322150707244873,293670,The Wailing,250
Horror,6.322059154510498,285923,Grindhouse,459
Horror,6.320267200469971,91586,Insidious: Chapter 2,1211
Horror,6.319100379943848,1562,28 Weeks Later,1197
Horror,6.318548679351807,82654,Warm Bodies,2652
Horror,6.314164638519287,768,From Hell,741
Horror,6.31108283996582,1255,The Host,537
Horror,6.302738189697266,1576,Resident Evil,2065
Horror,6.294267654418945,1946,eXistenZ,475
Horror,6.2908501625061035,11336,The Dead Zone,311
Horror,6.290335655212402,109428,Evil Dead,1723
Horror,6.288147926330566,86825,Stoker,882
Horror,6.274945259094238,19898,Pandorum,774
Horror,6.274146556854248,9532,Final Destination,1378
Horror,6.273758411407471,13510,Eden Lake,406
Horror,6.270711421966553,8413,Event Horizon,742
Horror,6.270528793334961,8408,Day of the Dead,270
Horror,6.251420497894287,9357,One Hour Photo,435
Horror,6.240671634674072,301365,The Neon Demon,887
Horror,6.23818302154541,10776,Little Shop of Horrors,384
Horror,6.2206711769104,1696,The Devil's Rejects,322
Horror,6.217166900634766,310131,The Witch,1434
Horror,6.210307598114014,215,Saw II,1251
Horror,6.209012508392334,16281,Creepshow,226
Horror,6.208015441894531,9913,The Skeleton Key,573
Horror,6.205067157745361,345911,Lights Out,1129
Horror,6.2049431800842285,10226,High Tension,271
Horror,6.203857421875,253306,Housebound,358
Horror,6.20295524597168,10072,A Nightmare on Elm Street 3: Dream Warriors,354
Horror,6.20216178894043,588,Silent Hill,1067
Horror,6.2015790939331055,2667,The Blair Witch Project,1055
Horror,6.201333999633789,157547,Oculus,1050
Horror,6.197424411773682,11601,Stir of Echoes,330
Horror,6.196878433227539,10664,[REC]²,489
Horror,6.196709156036377,10212,Ravenous,141
Horror,6.1940693855285645,9707,Bubba Ho-tep,191
Horror,6.192724227905273,11033,Dressed to Kill,157
Horror,6.184685230255127,8913,Pet Sematary,407
Horror,6.184419631958008,622,The Ninth Gate,756
Horror,6.183259010314941,46420,The Loved Ones,207
Horror,6.177490711212158,8643,The Exorcism of Emily Rose,659
Horror,6.174500942230225,23963,Pontypool,183
Horror,6.173855304718018,36095,Cure,63
Horror,6.171285629272461,10585,Child's Play,581
Horror,6.169438362121582,49017,Dracula Untold,2389
Horror,6.16840934753418,790,The Fog,311
Horror,6.1682047843933105,8461,Funny Games,545
Horror,6.165886402130127,43947,I Spit on Your Grave,519
Horror,6.164703845977783,11596,New Nightmare,291
Horror,6.163012981414795,2655,What Lies Beneath,488
Horror,6.16104793548584,10873,Shadow of the Vampire,148
Horror,6.160524845123291,8077,Alien³,1633
Horror,6.1601128578186035,77949,The Awakening,458
Horror,6.159493446350098,332567,The Shallows,1567
Horror,6.158858299255371,36586,Blade II,1528
Horror,6.155831813812256,10288,Fido,135
Horror,6.154570579528809,1551,Flatliners,404
Horror,6.15196418762207,9100,The Craft,380
Horror,6.150594711303711,14353,Repo! The Genetic Opera,100
Horror,6.148401260375977,19204,The Beyond,117
Horror,6.147635459899902,257445,Goosebumps,995
Horror,6.147464275360107,9059,Tales from the Crypt: Demon Knight,94
Horror,6.147312164306641,280092,Insidious: Chapter 3,983
Horror,6.146846771240234,16871,Drag Me to Hell,966
Horror,6.146080017089844,315011,Shin Godzilla,143
Horror,6.144655227661133,9035,Slither,317
Horror,6.141584873199463,16241,The Boys from Brazil,101
Horror,6.140718460083008,4513,30 Days of Night,767
Horror,6.139255523681641,5072,Severance,169
Horror,6.137392997741699,11298,The Howling,161
Horror,6.136486530303955,928,Gremlins 2: The New Batch,652
Horror,6.13572883605957,29427,The Crazies,633
Horror,6.131886959075928,11980,The Prophecy,138
Horror,6.1316423416137695,11507,Body Double,137
Horror,6.1311516761779785,11592,Serial Mom,135
Horror,6.129483222961426,9276,The Faculty,492
Horror,6.12763786315918,11460,Red Eye,455
Horror,6.126862049102783,18405,The Last House on the Left,440
Horror,6.126494407653809,6488,Arachnophobia,433
Horror,6.12637996673584,20981,The Call of Cthulhu,41
Horror,6.121710300445557,362105,R.L. Stine's Monsterville: The Cabinet of Souls,35
Horror,6.121583938598633,10894,May,152
Horror,6.118179798126221,35073,"The Beast from 20,000 Fathoms",41
Horror,6.117749214172363,52015,Stake Land,285
Horror,6.115437984466553,10972,Session 9,251
Horror,6.115093231201172,15239,The Toxic Avenger,113
Horror,6.111756801605225,15158,Phantasm II,94
Horror,6.10991907119751,48309,Prison,27
Horror,6.109220504760742,13849,The Cottage,80
Horror,6.108643054962158,15301,Twilight Zone: The Movie,161
Horror,6.1076340675354,330770,Evolution,47
Horror,6.106471538543701,11954,Lifeforce,135
Horror,6.105641841888428,18841,The Lost Skeleton of Cadavra,30
Horror,6.104284286499023,692,Pink Flamingos,110
Horror,6.104188919067383,39895,From a Whisper to a Scream,15
Horror,6.102051734924316,347755,Wind Walkers,6
Horror,6.100808143615723,72086,The Night Visitor,6
Horror,6.100175380706787,11564,Class of 1984,66
Horror,6.099979400634766,50538,Evil Words,8
Horror,6.099979400634766,55616,Dracula: Pages from a Virgin's Diary,8
Horror,6.098556995391846,49365,Lady in White,25
Horror,6.097724437713623,52520,Underworld: Awakening,1862
Horror,6.097165584564209,316727,The Purge: Election Year,1306
Horror,6.0971479415893555,7737,Resident Evil: Extinction,1292
Horror,6.097115993499756,1577,Resident Evil: Apocalypse,1267
Horror,6.097034454345703,65086,The Woman in Black,1206
Horror,6.096837520599365,214,Saw III,1071
Horror,6.096550464630127,41446,Scream 4,902
Horror,6.096431255340576,4233,Scream 2,840
Horror,6.096278190612793,256274,"As Above, So Below",766
Horror,6.0961761474609375,8922,Jeepers Creepers,720
Horror,6.096141815185547,9792,The Hills Have Eyes,705
Horror,6.095860004425049,12602,The Torture Chamber of Dr. Sadism,12
Horror,6.0957818031311035,28355,Case 39,563
Horror,6.0955095291137695,250184,Locker 13,3
Horror,6.0954108238220215,11096,Hide and Seek,440
Horror,6.095209121704102,50698,Grave Encounters,381
Horror,6.094944953918457,14451,Dead Snow,311
Horror,6.094921112060547,2637,The Mothman Prophecies,305
Horror,6.0943732261657715,6552,Idle Hands,182
Horror,6.094297409057617,347764,Goddess of Love,9
Horror,6.094262599945068,10070,Feast,160
Horror,6.093879699707031,27374,Lake Mungo,90
Horror,6.0938029289245605,24100,The Little Vampire,77
Horror,6.093705654144287,1698,Anatomy,61
Horror,6.093508720397949,100275,Eddie: The Sleepwalking Cannibal,30
Horror,6.093408584594727,39563,The Eclipse,15
Horror,6.093305587768555,220490,Her Cry: La Llorona Investigation,0
Horror,6.093305587768555,280381,House at the End of the Drive,0
Horror,6.093305587768555,286939,Sanctuary: Quite a Conundrum,0
Horror,6.093305587768555,386826,A Beginner's Guide to Snuff,0
Horror,6.093305587768555,402515,American Beast,0
Horror,6.093305587768555,426067,Midnight Cabaret,0
Horror,6.093111515045166,285743,Alleluia! The Devil's Carnival,2
Horror,6.091706275939941,211557,Vessel,8
Horror,6.091030120849609,189711,Love in the Time of Monsters,2
Horror,6.091030120849609,323270,The Horror Network Vol. 1,2
Horror,6.090083122253418,323271,Unsullied,1
Horror,6.090083122253418,325123,Teeth and Blood,1
Horror,6.090020179748535,29514,Two Evil Eyes,35
Horror,6.0897440910339355,48463,Incident at Loch Ness,18
Horror,6.089041709899902,157185,Tin Can Man,1
Horror,6.089041709899902,310933,Bleeding Hearts,1
Horror,6.0879082679748535,290391,"Run, Hide, Die",2
Horror,6.087639331817627,9092,Snow White: A Tale of Terror,62
Horror,6.087129592895508,193603,Hayride,6
Horror,6.086777687072754,77156,Alien Zone,3
Horror,6.086435794830322,5759,Baghead,23
Horror,6.085560321807861,3028,Jekyll and Hyde ... Together Again,5
Horror,6.0853800773620605,17287,Poultrygeist: Night of the Chicken Dead,41
Horror,6.085010051727295,10643,Godzilla 2000,43
Horror,6.0849761962890625,6217,Cat People,94
Horror,6.084309101104736,396152,Restoration,11
Horror,6.083779811859131,22530,Bled,4
Horror,6.0834856033325195,308467,Roadside,5
Horror,6.082281112670898,17994,Witchboard,58
Horror,6.081419467926025,84204,Grabbers,140
Horror,6.0813751220703125,30315,Kingdom of the Spiders,30
Horror,6.081035137176514,13937,Raising Cain,65
Horror,6.080395221710205,9457,Deep Rising,154
Horror,6.079999923706055,18045,The Dark Hours,22
Horror,6.079047679901123,50497,When the Lights Went Out,49
Horror,6.078639030456543,92635,Snow White: A Deadly Summer,11
Horror,6.077894687652588,39303,2:13,10
Horror,6.077404975891113,25983,The House of the Devil,197
Horror,6.0770583152771,28260,Return of the Living Dead 3,88
Horror,6.076815128326416,114635,The Helpers,8
Horror,6.076544284820557,74725,Kill List,210
Horror,6.076135635375977,54702,Malevolence,14
Horror,6.075691223144531,31915,Prophecy,25
Horror,6.075677394866943,80468,Some Guy Who Kills People,45
Horror,6.0746941566467285,53502,The Dead Undead,6
Horror,6.074504375457764,10307,Stigmata,242
Horror,6.074102878570557,202604,The Vatican Exorcisms,11
Horror,6.073902606964111,1961,My Name Is Bruce,107
Horror,6.073739528656006,10017,The Wraith,108
Horror,6.0725579261779785,24913,April Fool's Day,73
Horror,6.072379112243652,107315,Below Zero,12
Horror,6.071641445159912,10185,The Midnight Meat Train,290
Horror,6.07114315032959,356483,Unnatural,12
Horror,6.070918083190918,25066,Tales from the Hood,32
Horror,6.070734977722168,2662,House of 1000 Corpses,306
Horror,6.0705108642578125,16205,Jack Brooks: Monster Slayer,59
Horror,6.070385932922363,16288,Creepshow 2,129
Horror,6.070235252380371,9725,Friday the 13th Part 2,315
Horror,6.070201873779297,10929,Willard,82
Horror,6.070180416107178,103620,Maniac,316
Horror,6.069369316101074,228550,Raymond Did It,8
Horror,6.069321155548096,53953,The Tooth Fairy,13
Horror,6.069256782531738,335866,Circle,333
Horror,6.069060802459717,13006,Split Second,63
Horror,6.06883430480957,16337,The Texas Chainsaw Massacre 2,139
Horror,6.068787097930908,27420,Graduation Day,22
Horror,6.066915512084961,9783,Sublime,33
Horror,6.066869258880615,11342,Warlock,95
Horror,6.066776275634766,11683,Land of the Dead,381
Horror,6.06606388092041,150211,The Frozen,14
Horror,6.065591812133789,13569,Thr3e,21
Horror,6.065130710601807,9095,Mary Reilly,74
Horror,6.064143180847168,8843,The Cell,436
Horror,6.06407356262207,50037,Beyond the Black Rainbow,77
Horror,6.063811302185059,29064,The Omega Code,17
Horror,6.06376314163208,11495,Firestarter,173
Horror,6.062324523925781,290555,Wolves,82
Horror,6.062304496765137,28165,The Toxic Avenger Part II,39
Horror,6.061966896057129,13515,Mirrors,485
Horror,6.060444355010986,74777,Absentia,121
Horror,6.059257984161377,8875,Timber Falls,38
Horror,6.059257984161377,24126,Warlock: The Armageddon,38
Horror,6.058877468109131,207769,Banshee Chapter,92
Horror,6.0587158203125,11357,Halloween 4: The Return of Michael Myers,209
Horror,6.058291912078857,11015,The Relic,130
Horror,6.057840824127197,10065,The Amityville Horror,588
Horror,6.057366847991943,347548,Containment,36
Horror,6.057285308837891,58151,Fright Night,603
Horror,6.056846618652344,69270,Super Hybrid,24
Horror,6.05617094039917,19901,Daybreakers,634
Horror,6.056135654449463,9902,Wrong Turn,635
Horror,6.0559916496276855,117942,Girls Gone Dead,14
Horror,6.055322647094727,7006,White Noise 2: The Light,80
Horror,6.054999828338623,9730,Friday the 13th: The Final Chapter,237
Horror,6.053230285644531,22804,Saw VI,722
Horror,6.052447319030762,106845,Re-Kill,34
Horror,6.052175521850586,125490,Antiviral,112
Horror,6.0519633293151855,309919,The Curse of Downers Grove,24
Horror,6.050539016723633,101179,Truth or Dare,117
Horror,6.049676895141602,34592,ZMD: Zombies of Mass Destruction,31
Horror,6.04854154586792,134597,The Collection,289
Horror,6.0484490394592285,50942,Creature,21
Horror,6.046955585479736,18442,Decoys,33
Horror,6.046936988830566,18616,No Man's Land: The Rise of Reeker,27
Horror,6.046672821044922,68684,Detention,129
Horror,6.046512603759766,22007,Train,36
Horror,6.045395851135254,48572,Red State,316
Horror,6.045132160186768,23730,C.H.U.D.,62
Horror,6.04332971572876,157422,The Wicked Within,26
Horror,6.041718006134033,11056,Darkness,112
Horror,6.0415215492248535,332285,Antibirth,40
Horror,6.041369915008545,115210,Stitches,92
Horror,6.038751125335693,139715,Detention of the Dead,34
Horror,6.038627624511719,33468,The Brain That Wouldn't Die,32
Horror,6.038585662841797,298312,The Visit,1360
Horror,6.037915229797363,132232,Mama,1401
Horror,6.037554740905762,12484,The Forsaken,47
Horror,6.037370204925537,11908,Hatchet,159
Horror,6.036208629608154,10781,The Texas Chainsaw Massacre: The Beginning,402
Horror,6.036018371582031,10092,Cry_Wolf,126
Horror,6.035809516906738,579,Jaws 2,406
Horror,6.035640716552734,10075,Blood and Chocolate,87
Horror,6.035258769989014,9424,Disturbing Behavior,104
Horror,6.0325775146484375,10383,Lost Souls,38
Horror,6.031696796417236,9945,Vampires,255
Horror,6.028903007507324,12192,Pathology,144
Horror,6.026838779449463,10131,A Nightmare on Elm Street 4: The Dream Master,281
Horror,6.026656150817871,25769,Carriers,282
Horror,6.026418685913086,158015,The Purge,2428
Horror,6.025373935699463,10280,Thinner,124
Horror,6.023118495941162,10496,Bats,35
Horror,6.022928237915039,9022,All the Boys Love Mandy Lane,209
Horror,6.022907257080078,27588,Forget Me Not,66
Horror,6.022149085998535,244316,Into the Grizzly Maze,74
Horror,6.0220046043396,11186,Child's Play 2,308
Horror,6.021361351013184,34335,Nine Dead,84
Horror,6.0210041999816895,10225,Friday the 13th Part VI: Jason Lives,216
Horror,6.02036714553833,7341,The Rage: Carrie 2,76
Horror,6.020142555236816,287903,Krampus,584
Horror,6.019745826721191,254472,Stung,63
Horror,6.017178058624268,150202,The Haunting in Connecticut 2: Ghosts of Georgia,175
Horror,6.013869762420654,72571,Paranormal Activity 3,669
Horror,6.012419700622559,184346,Deliver Us from Evil,690
Horror,6.012307643890381,283686,Out of the Dark,55
Horror,6.01182746887207,38033,Chain Letter,37
Horror,6.011719226837158,45649,Rubber,251
Horror,6.011354923248291,13429,Donkey Punch,52
Horror,6.011250019073486,312791,GirlHouse,97
Horror,6.011048316955566,10391,Bless the Child,71
Horror,6.010992050170898,14033,Soul Survivors,49
Horror,6.010948181152344,9728,Friday the 13th Part III,254
Horror,6.010541915893555,49787,The Reef,130
Horror,6.00885009765625,165864,Hansel and Gretel Get Baked,67
Horror,6.0078253746032715,14745,The Haunting of Molly Hartley,48
Horror,6.00547456741333,287524,Fear Clinic,42
Horror,6.00429105758667,78381,Twixt,85
Horror,6.004204750061035,11917,Saw V,820
Horror,6.003548622131348,84178,Black Rock,78
Horror,6.002474784851074,18238,Lesbian Vampire Killers,124
Horror,6.001577854156494,55779,Final Destination 5,866
Horror,5.99955940246582,663,Saw IV,903
Horror,5.999477386474609,361159,Navy Seals vs. Zombies,36
Horror,5.993602275848389,11217,Club Dread,107
Horror,5.993531703948975,9358,Final Destination 2,1023
Horror,5.993054389953613,77883,The Possession,498
Horror,5.990990161895752,10008,An American Haunting,142
Horror,5.990781307220459,351043,Amnesiac,52
Horror,5.990479469299316,19904,The Stepfather,167
Horror,5.99029541015625,92182,Silent House,125
Horror,5.9877705574035645,11804,White Noise,261
Horror,5.987264156341553,226458,Backmask,79
Horror,5.98714017868042,11377,House on Haunted Hill,209
Horror,5.9865031242370605,11152,The Ruins,265
Horror,5.986330986022949,16028,They,74
Horror,5.985742568969727,10014,A Nightmare on Elm Street Part 2: Freddy's Revenge,361
Horror,5.98573637008667,158752,Escape from Tomorrow,87
Horror,5.985663414001465,48171,The Rite,556
Horror,5.985281467437744,26688,Sorority Row,177
Horror,5.983675956726074,17577,The Devil's Tomb,53
Horror,5.982926368713379,10069,Stay Alive,155
Horror,5.981485843658447,23827,Paranormal Activity,1316
Horror,5.9812188148498535,9616,The Order,91
Horror,5.9812188148498535,73935,Vamps,91
Horror,5.981120586395264,6466,Freddy vs. Jason,594
Horror,5.979767799377441,8078,Alien: Resurrection,1365
Horror,5.978766918182373,9877,Urban Legend,290
Horror,5.978659629821777,13025,Diary of the Dead,190
Horror,5.977148056030273,10984,Valentine,114
Horror,5.977128505706787,4970,Gothika,629
Horror,5.975155830383301,10163,The Lawnmower Man,197
Horror,5.974575042724609,43931,My Soul to Take,147
Horror,5.972574710845947,10160,A Nightmare on Elm Street 5: The Dream Child,245
Horror,5.9717912673950195,9825,Lake Placid,247
Horror,5.971517086029053,10384,Supernova,109
Horror,5.971202850341797,1683,The Reaping,205
Horror,5.967936992645264,10885,Shutter,180
Horror,5.967583656311035,38358,The Last Exorcism,328
Horror,5.966536521911621,41439,Saw: The Final Chapter,730
Horror,5.964414119720459,58428,The Innkeepers,219
Horror,5.96157693862915,78383,Nurse 3-D,119
Horror,5.9615478515625,118957,Bait,191
Horror,5.960973262786865,10281,Friday the 13th Part VII: The New Blood,192
Horror,5.959359169006348,290825,Yoga Hosers,102
Horror,5.958854675292969,9030,The Eye,281
Horror,5.958467483520508,44040,Devil,816
Horror,5.954991817474365,11979,Queen of the Damned,239
Horror,5.9542107582092285,1970,The Grudge,865
Horror,5.952289581298828,11351,Jeepers Creepers 2,299
Horror,5.950538158416748,9656,Black Christmas,119
Horror,5.950157642364502,11361,Halloween 5: The Revenge of Michael Myers,183
Horror,5.949634075164795,301325,#Horror,52
Horror,5.949487686157227,36419,After.Life,251
Horror,5.948927402496338,65055,Shark Night,132
Horror,5.945985794067383,10012,Cursed,167
Horror,5.945514678955078,9286,Final Destination 3,974
Horror,5.945428371429443,9682,Pulse,150
Horror,5.945274829864502,11058,Godsend,114
Horror,5.943093776702881,49950,The Roommate,224
Horror,5.9418745040893555,10053,When a Stranger Calls,268
Horror,5.938351154327393,13812,Quarantine,339
Horror,5.9364776611328125,321258,The Boy,1102
Horror,5.935042381286621,1691,Hostel: Part II,453
Horror,5.934667587280273,11932,Bride of Chucky,350
Horror,5.933766841888428,234212,Demonic,148
Horror,5.933408737182617,12212,Urban Legends: Final Cut,100
Horror,5.932831287384033,13121,Teeth,210
Horror,5.9321675300598145,29426,Survival of the Dead,116
Horror,5.930207252502441,8869,Eight Legged Freaks,295
Horror,5.928680419921875,10987,Halloween: The Curse of Michael Myers,170
Horror,5.928018569946289,12158,Vampire in Brooklyn,111
Horror,5.924744606018066,9731,Friday the 13th: A New Beginning,196
Horror,5.924378395080566,41436,Paranormal Activity 2,722
Horror,5.922524929046631,4234,Scream 3,736
Horror,5.921767711639404,10727,Darkness Falls,161
Horror,5.921136856079102,35791,Resident Evil: Afterlife,1363
Horror,5.920482158660889,9042,The Cave,202
Horror,5.918737411499023,257087,The Veil,118
Horror,5.91764497756958,298584,Cabin Fever,111
Horror,5.917015552520752,9009,Dark Water,274
Horror,5.916135311126709,133805,Carrie,1463
Horror,5.91247034072876,82505,House at the End of the Street,555
Horror,5.912181377410889,10306,Poltergeist III,123
Horror,5.9114460945129395,46261,Don't Be Afraid of the Dark,341
Horror,5.909486770629883,184345,A Haunted House 2,346
Horror,5.904753684997559,14435,My Bloody Valentine,299
Horror,5.904322624206543,1690,Hostel,887
Horror,5.902960300445557,9348,Species,453
Horror,5.901492118835449,8617,Prom Night,167
Horror,5.901022911071777,23988,Stan Helsing,97
Horror,5.899249076843262,11586,Exorcist II: The Heretic,133
Horror,5.894850730895996,9946,End of Days,482
Horror,5.8948283195495605,9306,The Island of Dr. Moreau,147
Horror,5.893658638000488,10577,Dracula 2000,148
Horror,5.893155574798584,104755,The Lords of Salem,242
Horror,5.891602993011475,43935,Dylan Dog: Dead of Night,139
Horror,5.890336513519287,79694,The Apparition,140
Horror,5.889758586883545,1975,The Grudge 2,283
Horror,5.8885040283203125,10253,Dragon Wars: D-War,104
Horror,5.888238430023193,11237,Anacondas: The Hunt for the Blood Orchid,199
Horror,5.887412071228027,3597,I Know What You Did Last Summer,687
Horror,5.886992931365967,9954,The Covenant,288
Horror,5.882558822631836,10676,Halloween III: Season of the Witch,229
Horror,5.882460117340088,6933,One Missed Call,171
Horror,5.87936544418335,190847,The Last Days on Mars,302
Horror,5.878504276275635,10283,Friday the 13th Part VIII: Jason Takes Manhattan,191
Horror,5.877307891845703,7978,The Wolfman,549
Horror,5.87698221206665,24150,Halloween II,267
Horror,5.875253677368164,9378,Thir13en Ghosts,440
Horror,5.873826026916504,11284,Freddy's Dead: The Final Nightmare,272
Horror,5.8705925941467285,36648,Blade: Trinity,1252
Horror,5.870035171508789,11026,Exorcist: The Beginning,183
Horror,5.8558349609375,58431,Pride and Prejudice and Zombies,640
Horror,5.853954315185547,9793,The Hills Have Eyes 2,351
Horror,5.851504325866699,49730,Red Riding Hood,922
Horror,5.850766181945801,139038,A Haunted House,516
Horror,5.849067687988281,37707,Splice,671
Horror,5.847787380218506,10066,House of Wax,677
Horror,5.845286846160889,8968,Boogeyman,191
Horror,5.845090389251709,11618,The Haunting,369
Horror,5.835747718811035,57876,Area 51,151
Horror,5.834255695343018,76617,Texas Chainsaw 3D,465
Horror,5.831740379333496,283445,Sinister 2,581
Horror,5.818928241729736,246403,Tusk,366
Horror,5.8184428215026855,11249,Seed of Chucky,287
Horror,5.817900657653809,10320,The Ring Two,632
Horror,5.8146138191223145,3600,I Still Know What You Did Last Summer,374
Horror,5.810590744018555,9645,Ghost Ship,531
Horror,5.809637069702148,10336,Spawn,336
Horror,5.809173583984375,168705,BloodRayne,118
Horror,5.808437347412109,227348,Paranormal Activity: The Marked Ones,449
Horror,5.807782173156738,9544,FearDotCom,105
Horror,5.802713394165039,38321,Priest,692
Horror,5.801590442657471,171424,The Green Inferno,349
Horror,5.7985453605651855,6171,Dreamcatcher,567
Horror,5.797487258911133,146203,The Last Exorcism Part II,203
Horror,5.797323226928711,50357,Apollo 18,356
Horror,5.794013023376465,43593,Piranha 3D,581
Horror,5.792733192443848,241257,Regression,585
Horror,5.791414260864258,157544,The Vatican Tapes,243
Horror,5.7910661697387695,250546,Annabelle,1517
Horror,5.789847373962402,60304,Hansel & Gretel: Witch Hunters,3239
Horror,5.788270950317383,10016,Ghosts of Mars,296
Horror,5.787261962890625,11442,Halloween: Resurrection,228
Horror,5.784869194030762,71679,Resident Evil: Retribution,1600
Horror,5.783638954162598,277685,Unfriended,1047
Horror,5.782025337219238,79316,Devil's Due,216
Horror,5.776111125946045,10285,Jason Goes to Hell: The Final Friday,193
Horror,5.77287483215332,76487,The Devil Inside,262
Horror,5.771441459655762,19912,The Final Destination,831
Horror,5.768641948699951,11531,Book of Shadows: Blair Witch 2,212
Horror,5.76695442199707,299245,The Gallows,361
Horror,5.762864589691162,82990,Paranormal Activity 4,563
Horror,5.755376815795898,72331,Abraham Lincoln: Vampire Hunter,1269
Horror,5.754244327545166,326,Snakes on a Plane,497
Horror,5.753759860992432,61012,Silent Hill: Revelation 3D,432
Horror,5.751984596252441,287424,Maggie,593
Horror,5.750669479370117,243940,The Lazarus Effect,505
Horror,5.739470958709717,22894,Legion,629
Horror,5.736767292022705,13788,The Unborn,365
Horror,5.723597049713135,19994,Jennifer's Body,837
Horror,5.722383975982666,11470,Jason X,291
Horror,5.693605899810791,93856,Chernobyl Diaries,483
Horror,5.681506633758545,329440,The Forest,448
Horror,5.668673515319824,8814,Doom,609
Horror,5.668543338775635,71469,The Darkest Hour,469
Horror,5.63698673248291,100241,"I, Frankenstein",687
Horror,5.635848045349121,12142,Alone in the Dark,173
Horror,5.625180721282959,40264,Vampires Suck,315
Horror,5.57356071472168,440,Aliens vs Predator: Requiem,740
Horror,5.551612377166748,9360,Anaconda,610
Horror,5.520733833312988,1250,Ghost Rider,1712
Horror,5.489279270172119,242512,Ouija,983
Horror,5.33259916305542,205321,Sharknado,476
Mystery,7.969184875488281,27205,Inception,13752
Mystery,7.813798427581787,807,Se7en,5765
Mystery,7.714112758636475,77,Memento,4028
Mystery,7.6582207679748535,1124,The Prestige,4391
Mystery,7.645987510681152,210577,Gone Girl,5862
Mystery,7.575638294219971,11324,Shutter Island,6336
Mystery,7.4621381759643555,62,2001: A Space Odyssey,2998
Mystery,7.370344161987305,670,Oldboy,1945
Mystery,7.350687026977539,141,Donnie Darko,3452
Mystery,7.324739456176758,745,The Sixth Sense,3147
Mystery,7.323883056640625,273248,The Hateful Eight,4274
Mystery,7.205808162689209,675,Harry Potter and the Order of the Phoenix,5494
Mystery,7.157392978668213,1091,The Thing,1588
Mystery,7.045217990875244,2501,The Bourne Identity,3583
Mystery,7.027777194976807,4922,The Curious Case of Benjamin Button,3292
Mystery,7.020925521850586,2118,L.A. Confidential,1310
Mystery,7.012461185455322,782,Gattaca,1808
Mystery,7.006847381591797,1018,Mulholland Drive,1477
Mystery,6.9991888999938965,2503,The Bourne Ultimatum,2888
Mystery,6.993145942687988,322,Mystic River,1422
Mystery,6.952730178833008,2649,The Game,1506
Mystery,6.92152738571167,1933,The Others,1660
Mystery,6.91193151473999,1949,Zodiac,2023
Mystery,6.887203216552734,65754,The Girl with the Dragon Tattoo,2434
Mystery,6.885534763336182,273481,Sicario,2416
Mystery,6.870703220367432,10528,Sherlock Holmes,5766
Mystery,6.862635135650635,198663,The Maze Runner,5371
Mystery,6.862322807312012,176,Saw,2184
Mystery,6.850867748260498,186,Lucky Number Slevin,1323
Mystery,6.8360795974731445,45612,Source Code,2699
Mystery,6.829346656799316,180,Minority Report,2608
Mystery,6.820532321929932,58574,Sherlock Holmes: A Game of Shadows,3886
Mystery,6.79254150390625,328387,Nerve,2181
Mystery,6.7734694480896,152742,The Best Offer,704
Mystery,6.769358158111572,13183,Watchmen,2811
Mystery,6.767369270324707,25376,The Secret in Their Eyes,626
Mystery,6.759593963623047,805,Rosemary's Baby,863
Mystery,6.746306419372559,3580,Changeling,1131
Mystery,6.745083808898926,1813,The Devil's Advocate,1374
Mystery,6.731839656829834,686,Contact,1308
Mystery,6.712932586669922,5503,The Fugitive,1220
Mystery,6.695118427276611,46738,Incendies,479
Mystery,6.659771919250488,345,Eyes Wide Shut,1234
Mystery,6.642907619476318,4232,Scream,1476
Mystery,6.624758720397949,5236,Kiss Kiss Bang Bang,886
Mystery,6.622069358825684,2832,Identity,1061
Mystery,6.612661838531494,2252,Eastern Promises,848
Mystery,6.606088638305664,2666,Dark City,828
Mystery,6.590005397796631,8329,[REC],934
Mystery,6.58998441696167,225574,Non-Stop,2268
Mystery,6.580454349517822,7485,Shooter,1462
Mystery,6.563350677490234,251,Ghost,1339
Mystery,6.561273097991943,291805,Now You See Me 2,3235
Mystery,6.53265905380249,297,Meet Joe Black,1147
Mystery,6.5291643142700195,593,Solaris,357
Mystery,6.518530368804932,431,Cube,1069
Mystery,6.5101776123046875,223,Rebecca,336
Mystery,6.5073442459106445,17578,The Adventures of Tintin,2061
Mystery,6.486461162567139,592,The Conversation,372
Mystery,6.478348255157471,320,Insomnia,1148
Mystery,6.475132465362549,473,Pi,586
Mystery,6.470213413238525,82507,Sinister,1573
Mystery,6.45682954788208,37686,Super 8,2435
Mystery,6.45509672164917,979,Irreversible,538
Mystery,6.447722434997559,9504,Glengarry Glen Ross,323
Mystery,6.4379191398620605,21208,Orphan,1261
Mystery,6.4167585372924805,837,Videodrome,454
Mystery,6.41024923324585,328425,The Gift,1049
Mystery,6.393524646759033,591,The Da Vinci Code,2704
Mystery,6.376241207122803,14359,Doubt,435
Mystery,6.3736982345581055,13448,Angels & Demons,2129
Mystery,6.360207557678223,9631,The Negotiator,582
Mystery,6.352712631225586,8271,Disturbia,1006
Mystery,6.348928451538086,75612,Oblivion,4800
Mystery,6.342835903167725,11439,The Ghost Writer,670
Mystery,6.336362361907959,41402,Let Me In,641
Mystery,6.331614971160889,11644,Blow Out,236
Mystery,6.329894542694092,49517,Tinker Tailor Soldier Spy,840
Mystery,6.32792854309082,26388,Buried,827
Mystery,6.325766086578369,37903,The White Ribbon,255
Mystery,6.324631214141846,48138,Unknown,1265
Mystery,6.322150707244873,293670,The Wailing,250
Mystery,6.320707321166992,9667,The Jacket,455
Mystery,6.314164638519287,768,From Hell,741
Mystery,6.308532238006592,1903,Vanilla Sky,1078
Mystery,6.307470798492432,1985,The Constant Gardener,417
Mystery,6.298051834106445,2059,National Treasure,1926
Mystery,6.296334266662598,68727,Trance,956
Mystery,6.29310417175293,1090,The Thirteenth Floor,378
Mystery,6.2871809005737305,3049,Ace Ventura: Pet Detective,1648
Mystery,6.285019397735596,2675,Signs,1599
Mystery,6.282354831695557,171274,Inherent Vice,833
Mystery,6.281501293182373,9481,The Bone Collector,826
Mystery,6.274945259094238,19898,Pandorum,774
Mystery,6.274190425872803,1073,Arlington Road,239
Mystery,6.27211856842041,29917,Exam,523
Mystery,6.270711421966553,8413,Event Horizon,742
Mystery,6.2684550285339355,11831,Amistad,316
Mystery,6.267178058624268,37233,The Firm,501
Mystery,6.267176628112793,70981,Prometheus,5080
Mystery,6.265844345092773,4174,Spellbound,160
Mystery,6.264187812805176,846,The X Files,488
Mystery,6.260577201843262,2044,The Lake House,670
Mystery,6.247684955596924,1586,Secret Window,972
Mystery,6.237576961517334,5279,Gosford Park,246
Mystery,6.235702991485596,573,Frenzy,158
Mystery,6.234577655792236,8053,The Three Burials of Melquiades Estrada,177
Mystery,6.232862949371338,4566,Michael Clayton,501
Mystery,6.232157230377197,39939,Super Troopers,362
Mystery,6.230199337005615,1958,8 Women,196
Mystery,6.230197906494141,245916,Kill the Messenger,355
Mystery,6.219409942626953,8834,Conspiracy Theory,431
Mystery,6.217166900634766,310131,The Witch,1434
Mystery,6.2166948318481445,11190,The Return,100
Mystery,6.208015441894531,9913,The Skeleton Key,573
Mystery,6.20621919631958,14283,The Red Violin,99
Mystery,6.205923080444336,241554,Run All Night,1148
Mystery,6.2049431800842285,10226,High Tension,271
Mystery,6.203307151794434,238615,Self/less,1091
Mystery,6.20216178894043,588,Silent Hill,1067
Mystery,6.201786994934082,11219,The Trouble with Harry,149
Mystery,6.201704978942871,6973,In the Valley of Elah,261
Mystery,6.2015790939331055,2667,The Blair Witch Project,1055
Mystery,6.199737071990967,3594,The Number 23,1018
Mystery,6.199737071990967,13027,Eagle Eye,1018
Mystery,6.199698448181152,3766,The Lady from Shanghai,102
Mystery,6.197424411773682,11601,Stir of Echoes,330
Mystery,6.194509029388428,10133,Cypher,192
Mystery,6.1940693855285645,9707,Bubba Ho-tep,191
Mystery,6.1936211585998535,11412,The Long Kiss Goodnight,314
Mystery,6.192724227905273,11033,Dressed to Kill,157
Mystery,6.191564559936523,8054,The Imaginarium of Doctor Parnassus,869
Mystery,6.186715126037598,512,Scoop,420
Mystery,6.184419631958008,622,The Ninth Gate,756
Mystery,6.183286190032959,11904,Young Sherlock Holmes,167
Mystery,6.182013034820557,11468,Salton Sea,104
Mystery,6.181485652923584,8338,Blindness,387
Mystery,6.178656101226807,11208,Wicker Park,157
Mystery,6.174500942230225,23963,Pontypool,183
Mystery,6.173855304718018,36095,Cure,63
Mystery,6.17310905456543,158852,Tomorrowland,2846
Mystery,6.171072959899902,12150,Sea of Love,141
Mystery,6.167785167694092,5955,The Pledge,215
Mystery,6.166474342346191,27576,Salt,2093
Mystery,6.164703845977783,11596,New Nightmare,291
Mystery,6.164515495300293,29193,The Spanish Prisoner,73
Mystery,6.163012981414795,2655,What Lies Beneath,488
Mystery,6.162230968475342,10731,The Client,278
Mystery,6.162027835845947,6687,Transsiberian,195
Mystery,6.1600470542907715,123553,The Mortal Instruments: City of Bones,1602
Mystery,6.158717155456543,617,Wild Things,444
Mystery,6.153604030609131,13483,Awake,395
Mystery,6.153262615203857,26748,Lone Star,77
Mystery,6.1530070304870605,2779,The Curse of the Jade Scorpion,165
Mystery,6.151042938232422,169917,A Walk Among the Tombstones,1131
Mystery,6.1509623527526855,9944,The Pelican Brief,371
Mystery,6.149596214294434,6947,The Village,1071
Mystery,6.146578788757324,16617,Mindhunters,333
Mystery,6.145623207092285,10866,Joy Ride,325
Mystery,6.143308162689209,10388,The Limey,105
Mystery,6.14163875579834,291081,Red Riding: In the Year of Our Lord 1974,54
Mystery,6.139023780822754,9613,Spider,168
Mystery,6.136761665344238,204922,Before I Go to Sleep,659
Mystery,6.13572883605957,29427,The Crazies,633
Mystery,6.131709098815918,44718,Get Low,100
Mystery,6.1316423416137695,11507,Body Double,137
Mystery,6.131282806396484,152,Star Trek: The Motion Picture,530
Mystery,6.1305832862854,34813,The Losers,515
Mystery,6.130441665649414,2026,Hostage,512
Mystery,6.130165100097656,11313,Hearts in Atlantis,131
Mystery,6.129483222961426,9276,The Faculty,492
Mystery,6.129239082336426,12201,Edge of Darkness,487
Mystery,6.127414226531982,5780,Torn Curtain,120
Mystery,6.124319553375244,14462,The Manchurian Candidate,393
Mystery,6.123140335083008,9311,Smilla's Sense of Snow,60
Mystery,6.1224846839904785,1685,Beneath the Planet of the Apes,361
Mystery,6.1223835945129395,8197,Midnight in the Garden of Good and Evil,157
Mystery,6.121892929077148,12403,A Perfect Getaway,351
Mystery,6.1215338706970215,9437,Kiss the Girls,345
Mystery,6.120988368988037,290751,Secret in Their Eyes,336
Mystery,6.118748664855957,20156,Exotica,64
Mystery,6.1178154945373535,10782,Basic,286
Mystery,6.117283821105957,10398,Double Jeopardy,278
Mystery,6.115437984466553,10972,Session 9,251
Mystery,6.114226818084717,86812,Sound of My Voice,108
Mystery,6.114089012145996,10684,Courage Under Fire,232
Mystery,6.113075256347656,98568,Enter Nowhere,49
Mystery,6.113053798675537,13551,The Dead Girl,66
Mystery,6.1076340675354,330770,Evolution,47
Mystery,6.107402801513672,12117,Instinct,146
Mystery,6.1060404777526855,206197,The Sisterhood of Night,31
Mystery,6.1008524894714355,4997,Wonderland,73
Mystery,6.10066032409668,9548,The Adventures of Ford Fairlane,71
Mystery,6.100369930267334,1956,Gerry,68
Mystery,6.099979400634766,50538,Evil Words,8
Mystery,6.098351955413818,13197,10th & Wolf,24
Mystery,6.098317623138428,26791,Brigham City,4
Mystery,6.097783088684082,286565,Paper Towns,1937
Mystery,6.097062587738037,26268,Harper,35
Mystery,6.096550464630127,41446,Scream 4,902
Mystery,6.096431255340576,4233,Scream 2,840
Mystery,6.0962910652160645,9315,Flightplan,772
Mystery,6.096157073974609,35219,The Missing Person,9
Mystery,6.095860004425049,12602,The Torture Chamber of Dr. Sadism,12
Mystery,6.0957818031311035,28355,Case 39,563
Mystery,6.09552001953125,8224,8MM,474
Mystery,6.0954108238220215,11096,Hide and Seek,440
Mystery,6.095364570617676,70436,The Raven,426
Mystery,6.09527587890625,2043,Along Came a Spider,400
Mystery,6.0951924324035645,51130,Open Secret,2
Mystery,6.094921112060547,2637,The Mothman Prophecies,305
Mystery,6.094489097595215,9573,Blood Work,206
Mystery,6.094484329223633,2275,The General's Daughter,205
Mystery,6.094383239746094,11560,High Crimes,184
Mystery,6.094297409057617,347764,Goddess of Love,9
Mystery,6.094151973724365,25428,I Love Your Work,2
Mystery,6.093868255615234,13079,The Life Before Her Eyes,88
Mystery,6.0938029289245605,2370,Topaz,77
Mystery,6.093354225158691,25212,Deterrence,7
Mystery,6.093305587768555,43743,Fabled,0
Mystery,6.093305587768555,181940,Carousel of Revenge,0
Mystery,6.093305587768555,362765,The Sound and the Shadow,0
Mystery,6.093111515045166,47890,Sphinx,2
Mystery,6.0929179191589355,36549,Yesterday Was a Lie,4
Mystery,6.090750694274902,25208,The Caveman's Valentine,27
Mystery,6.089041709899902,343409,Windsor Drive,1
Mystery,6.088244438171387,16148,Zero Effect,55
Mystery,6.088070869445801,9455,The Corruptor,57
Mystery,6.0866875648498535,69640,Lies in Plain Sight,4
Mystery,6.0853800773620605,30141,The Singing Detective,41
Mystery,6.084086894989014,20055,The Betrayed,10
Mystery,6.083569049835205,18777,Slow Burn,16
Mystery,6.08331298828125,4657,Jindabyne,25
Mystery,6.083001136779785,30943,The Deep End of the Ocean,54
Mystery,6.082118511199951,322194,Subconscious,4
Mystery,6.082022666931152,319910,Broken Horses,10
Mystery,6.081567287445068,11588,The I Inside,62
Mystery,6.0808587074279785,9729,Where the Truth Lies,66
Mystery,6.079773426055908,1424,November,11
Mystery,6.07844877243042,35689,Don McKay,21
Mystery,6.078219413757324,10871,Switchback,52
Mystery,6.077894687652588,39303,2:13,10
Mystery,6.077803134918213,241766,Lords of London,6
Mystery,6.077404975891113,25983,The House of the Devil,197
Mystery,6.077397346496582,182,The Good German,86
Mystery,6.074102878570557,202604,The Vatican Exorcisms,11
Mystery,6.0725579261779785,18615,Fur: An Imaginary Portrait of Diane Arbus,73
Mystery,6.0725579261779785,24913,April Fool's Day,73
Mystery,6.071641445159912,10185,The Midnight Meat Train,290
Mystery,6.06879997253418,260947,Something Wicked,16
Mystery,6.068680763244629,34069,Cargo,140
Mystery,6.064879894256592,134371,Atlas Shrugged Part II,41
Mystery,6.0635528564453125,25166,Drowning Mona,43
Mystery,6.062899589538574,10740,Birth,179
Mystery,6.062896251678467,118612,After,63
Mystery,6.061966896057129,13515,Mirrors,485
Mystery,6.061881065368652,137321,Winter's Tale,487
Mystery,6.060444355010986,74777,Absentia,121
Mystery,6.0600199699401855,18681,Eye of the Beholder,42
Mystery,6.05952787399292,199933,Atlas Shrugged Part III: Who is John Galt?,15
Mystery,6.058877468109131,13536,City By The Sea,92
Mystery,6.058579921722412,8984,Disclosure,210
Mystery,6.058291912078857,11015,The Relic,130
Mystery,6.057322025299072,1844,Entrapment,602
Mystery,6.0552449226379395,14043,Nancy Drew,143
Mystery,6.054117679595947,11863,Jade,44
Mystery,6.05402135848999,18041,Gossip,68
Mystery,6.053230285644531,22804,Saw VI,722
Mystery,6.0519633293151855,309919,The Curse of Downers Grove,24
Mystery,6.050539016723633,101179,Truth or Dare,117
Mystery,6.0488996505737305,46503,All Good Things,286
Mystery,6.043111324310303,2057,Original Sin,198
Mystery,6.035258769989014,9424,Disturbing Behavior,104
Mystery,6.0288405418396,12245,The Oxford Murders,188
Mystery,6.027234077453613,28211,Chloe,498
Mystery,6.027129173278809,9566,The Fan,194
Mystery,6.026374340057373,15992,Abandon,45
Mystery,6.022928237915039,9022,All the Boys Love Mandy Lane,209
Mystery,6.0210041999816895,10225,Friday the 13th Part VI: Jason Lives,216
Mystery,6.020376682281494,9620,Paycheck,581
Mystery,6.020224094390869,11456,Domestic Disturbance,113
Mystery,6.0187249183654785,8688,Snake Eyes,327
Mystery,6.011719226837158,45649,Rubber,251
Mystery,6.011048316955566,208763,Forbidden Kingdom,71
Mystery,6.010992050170898,14033,Soul Survivors,49
Mystery,6.010754108428955,271185,Ask Me Anything,155
Mystery,6.009910583496094,9963,Premonition,381
Mystery,6.0095977783203125,252512,While We're Young,383
Mystery,6.008355617523193,69668,Dream House,391
Mystery,6.001577854156494,55779,Final Destination 5,866
Mystery,6.000914096832275,22824,The Fourth Kind,441
Mystery,5.996525287628174,3489,88 Minutes,313
Mystery,5.993531703948975,9358,Final Destination 2,1023
Mystery,5.990781307220459,351043,Amnesiac,52
Mystery,5.990479469299316,19904,The Stepfather,167
Mystery,5.99029541015625,92182,Silent House,125
Mystery,5.98714017868042,11377,House on Haunted Hill,209
Mystery,5.985281467437744,26688,Sorority Row,177
Mystery,5.981485843658447,23827,Paranormal Activity,1316
Mystery,5.9812188148498535,9616,The Order,91
Mystery,5.975820064544678,13811,Knowing,1486
Mystery,5.974575042724609,43931,My Soul to Take,147
Mystery,5.973755359649658,10956,Joe Dirt,242
Mystery,5.970767974853516,7364,Sahara,434
Mystery,5.970514297485352,10685,The Watcher,110
Mystery,5.969799518585205,5137,Sky Captain and the World of Tomorrow,439
Mystery,5.967936992645264,10885,Shutter,180
Mystery,5.966488361358643,10944,In the Cut,89
Mystery,5.9603047370910645,1642,The Net,354
Mystery,5.958467483520508,44040,Devil,816
Mystery,5.956969738006592,157353,Transcendence,2295
Mystery,5.9542107582092285,1970,The Grudge,865
Mystery,5.949634075164795,301325,#Horror,52
Mystery,5.949487686157227,36419,After.Life,251
Mystery,5.945514678955078,9286,Final Destination 3,974
Mystery,5.945275783538818,22787,Whiteout,220
Mystery,5.9364776611328125,321258,The Boy,1102
Mystery,5.922524929046631,4234,Scream 3,736
Mystery,5.914966583251953,9268,Eraser,543
Mystery,5.913505554199219,12096,The Pink Panther,550
Mystery,5.904753684997559,14435,My Bloody Valentine,299
Mystery,5.894850730895996,9946,End of Days,482
Mystery,5.8946075439453125,10329,Congo,213
Mystery,5.891602993011475,43935,Dylan Dog: Dead of Night,139
Mystery,5.887412071228027,3597,I Know What You Did Last Summer,687
Mystery,5.883927345275879,8836,The X Files: I Want to Believe,523
Mystery,5.882558822631836,10676,Halloween III: Season of the Witch,229
Mystery,5.882460117340088,6933,One Missed Call,171
Mystery,5.870035171508789,11026,Exorcist: The Beginning,183
Mystery,5.866305351257324,270487,"Hail, Caesar!",1309
Mystery,5.857313632965088,3093,Basic Instinct 2,180
Mystery,5.856616497039795,94348,Alex Cross,300
Mystery,5.856125831604004,9697,Lady in the Water,409
Mystery,5.855709552764893,11024,Scooby-Doo 2: Monsters Unleashed,500
Mystery,5.846395969390869,59965,Abduction,961
Mystery,5.845286846160889,8968,Boogeyman,191
Mystery,5.845090389251709,11618,The Haunting,369
Mystery,5.8146138191223145,3600,I Still Know What You Did Last Summer,374
Mystery,5.810590744018555,9645,Ghost Ship,531
Mystery,5.801178932189941,10756,The Haunted Mansion,466
Mystery,5.792733192443848,241257,Regression,585
Mystery,5.773737907409668,9637,Scooby-Doo,820
Mystery,5.771441459655762,19912,The Final Destination,831
Mystery,5.768641948699951,11531,Book of Shadows: Blair Witch 2,212
Mystery,5.753759860992432,61012,Silent Hill: Revelation 3D,432
Mystery,5.736767292022705,13788,The Unborn,365
Mystery,5.633658409118652,201088,Blackhat,826
Mystery,5.586061000823975,11679,xXx: State of the Union,549
Foreign,6.13412618637085,17139,Character,25
Foreign,6.117502689361572,7509,Water,34
Foreign,6.115537166595459,22908,A Room for Romeo Brass,18
Foreign,6.110781669616699,33106,Silver Medalist,13
Foreign,6.10817813873291,20360,Namastey London,29
Foreign,6.104902744293213,22600,Gangster's Paradise: Jerusalema,16
Foreign,6.1031494140625,26379,Paa,19
Foreign,6.102453708648682,47452,Love and Death on Long Island,11
Foreign,6.102131366729736,13898,The Circle,17
Foreign,6.100808143615723,45138,Machine Gun McCain,6
Foreign,6.100598335266113,44413,The Holy Girl,10
Foreign,6.0998759269714355,37232,Travellers and Magicians,9
Foreign,6.09894323348999,26665,Aberdeen,6
Foreign,6.098628044128418,78705,Live-In Maid,3
Foreign,6.098321437835693,139948,Burn,6
Foreign,6.0976996421813965,65749,Tango,6
Foreign,6.096232891082764,67238,Cavite,2
Foreign,6.096133232116699,55903,Betty Fisher and Other Stories,3
Foreign,6.095212459564209,14608,Partition,6
Foreign,6.095197677612305,20653,Roadside Romeo,3
Foreign,6.09385871887207,40658,Starsuckers,5
Foreign,6.093429088592529,66607,Saving Private Perez,18
Foreign,6.093354225158691,15699,Opal Dream,7
Foreign,6.093354225158691,56666,Fiza,7
Foreign,6.093111515045166,38428,"Gandhi, My Father",2
Foreign,6.091481685638428,20468,The Big Tease,6
Foreign,6.090425968170166,89540,The Other Conquest,4
Foreign,6.08998966217041,40880,Pandaemonium,2
Foreign,6.088281631469727,63006,Dum Maaro Dum,7
Foreign,6.087751388549805,38415,Bran Nue Dae,6
Foreign,6.087129592895508,27329,The Legend of Suriyothai,6
Foreign,6.085270881652832,14652,Bon voyage,20
Foreign,6.079854965209961,31163,Chicken Tikka Masala,5
Foreign,6.067084789276123,58051,Housefull,29
Drama,8.248143196105957,278,The Shawshank Redemption,8205
Drama,8.095968246459961,550,Fight Club,9413
Drama,8.077157020568848,238,The Godfather,5893
Drama,8.044122695922852,155,The Dark Knight,12002
Drama,7.972640037536621,13,Forrest Gump,7927
Drama,7.937272071838379,157336,Interstellar,10867
Drama,7.899806976318359,424,Schindler's List,4329
Drama,7.894049644470215,244786,Whiplash,4254
Drama,7.807512283325195,240,The Godfather: Part II,3338
Drama,7.7965006828308105,497,The Green Mile,4048
Drama,7.7568135261535645,150540,Inside Out,6560
Drama,7.743757724761963,274,The Silence of the Lambs,4443
Drama,7.726351261138916,205596,The Imitation Game,5723
Drama,7.711362361907959,8587,The Lion King,5376
Drama,7.705671787261963,769,GoodFellas,3128
Drama,7.69174337387085,73,American History X,3016
Drama,7.679030418395996,510,One Flew Over the Cuckoo's Nest,2919
Drama,7.6699042320251465,106646,The Wolf of Wall Street,6571
Drama,7.6662068367004395,120467,The Grand Budapest Hotel,4519
Drama,7.665513515472412,16869,Inglourious Basterds,6430
Drama,7.6582207679748535,1124,The Prestige,4391
Drama,7.651987552642822,68718,Django Unchained,10099
Drama,7.645987510681152,210577,Gone Girl,5862
Drama,7.643218517303467,629,The Usual Suspects,3254
Drama,7.629193305969238,98,Gladiator,5439
Drama,7.611566543579102,857,Saving Private Ryan,5048
Drama,7.583860874176025,539,Psycho,2320
Drama,7.582126140594482,264644,Room,2757
Drama,7.575638294219971,11324,Shutter Island,6336
Drama,7.5747761726379395,207,Dead Poets Society,2705
Drama,7.572967052459717,1422,The Departed,4339
Drama,7.557313919067383,152601,Her,4097
Drama,7.534764766693115,389,12 Angry Men,2078
Drama,7.531988620758057,111,Scarface,2948
Drama,7.526026248931885,76203,12 Years a Slave,3674
Drama,7.524241924285889,38,Eternal Sunshine of the Spotless Mind,3652
Drama,7.512215614318848,78,Blade Runner,3509
Drama,7.502197742462158,37165,The Truman Show,4537
Drama,7.494424343109131,14,American Beauty,3313
Drama,7.476668357849121,103,Taxi Driver,2535
Drama,7.471558094024658,146233,Prisoners,3085
Drama,7.4564409255981445,49026,The Dark Knight Rises,9106
Drama,7.449383735656738,152532,Dallas Buyers Club,2886
Drama,7.4404191970825195,489,Good Will Hunting,2811
Drama,7.424368381500244,286217,The Martian,7268
Drama,7.416693210601807,266856,The Theory of Everything,3311
Drama,7.406014919281006,598,City of God,1814
Drama,7.395371913909912,13223,Gran Torino,3086
Drama,7.393324375152588,28,Apocalypse Now,2055
Drama,7.391228675842285,5915,Into the Wild,3045
Drama,7.390705585479736,641,Requiem for a Dream,2443
Drama,7.375889778137207,640,Catch Me If You Can,3795
Drama,7.370344161987305,670,Oldboy,1945
Drama,7.352277755737305,423,The Pianist,1864
Drama,7.350968360900879,314365,Spotlight,2686
Drama,7.350687026977539,141,Donnie Darko,3452
Drama,7.347116947174072,627,Trainspotting,2655
Drama,7.346327304840088,264660,Ex Machina,4737
Drama,7.3416829109191895,597,Titanic,7562
Drama,7.34125280380249,197,Braveheart,3336
Drama,7.3378190994262695,272,Batman Begins,7359
Drama,7.324739456176758,745,The Sixth Sense,3147
Drama,7.323883056640625,273248,The Hateful Eight,4274
Drama,7.317282676696777,11036,The Notebook,3067
Drama,7.311688423156738,453,A Beautiful Mind,3009
Drama,7.311100482940674,6977,No Country for Old Men,3003
Drama,7.307634353637695,84892,The Perks of Being a Wallflower,2968
Drama,7.293743133544922,222935,The Fault in Our Stars,3759
Drama,7.268139839172363,242582,Nightcrawler,3395
Drama,7.2591142654418945,122906,About Time,2067
Drama,7.257743835449219,1402,The Pursuit of Happyness,2525
Drama,7.246551036834717,70,Million Dollar Baby,2439
Drama,7.238770008087158,1417,Pan's Labyrinth,3041
Drama,7.238433837890625,935,Dr. Strangelove or: How I Learned to Stop Worrying and Love the Bomb,1442
Drama,7.229515552520752,50014,The Help,1910
Drama,7.223850250244141,96721,Rush,2277
Drama,7.2183518409729,12405,Slumdog Millionaire,2827
Drama,7.210638523101807,45269,The King's Speech,2752
Drama,7.205841541290283,7345,There Will Be Blood,1537
Drama,7.204162120819092,162,Edward Scissorhands,3601
Drama,7.203786849975586,311,Once Upon a Time in America,1069
Drama,7.1896281242370605,296096,Me Before You,2562
Drama,7.177036285400391,8358,Cast Away,3218
Drama,7.176642417907715,109424,Captain Phillips,2454
Drama,7.172314167022705,289,Casablanca,1422
Drama,7.171911239624023,194662,Birdman,4535
Drama,7.144521713256836,228150,Fury,3946
Drama,7.142662048339844,281957,The Revenant,6396
Drama,7.140298366546631,235,Stand by Me,1522
Drama,7.132467746734619,64690,Drive,3725
Drama,7.127538204193115,49047,Gravity,5751
Drama,7.124207973480225,28178,Hachi: A Dog's Tale,1717
Drama,7.110694408416748,587,Big Fish,1994
Drama,7.10146427154541,1585,It's a Wonderful Life,1076
Drama,7.1002068519592285,346,Seven Samurai,878
Drama,7.085262775421143,44214,Black Swan,4430
Drama,7.084462642669678,119450,Dawn of the Planet of the Apes,4410
Drama,7.077705383300781,524,Casino,1307
Drama,7.0751471519470215,17431,Moon,1794
Drama,7.06065559387207,14574,The Boy in the Striped Pyjamas,1451
Drama,7.0584259033203125,380,Rain Man,1709
Drama,7.055241107940674,64682,The Great Gatsby,3769
Drama,7.050026893615723,11321,Seven Pounds,2039
Drama,7.0487141609191895,83666,Moonrise Kingdom,1662
Drama,7.045217990875244,2501,The Bourne Identity,3583
Drama,7.044865131378174,9552,The Exorcist,2005
Drama,7.042907238006592,87827,Life of Pi,5797
Drama,7.039713382720947,3082,Modern Times,856
Drama,7.039583683013916,85350,Boyhood,1971
Drama,7.034993648529053,4348,Pride & Prejudice,1358
Drama,7.0341315269470215,277216,Straight Outta Compton,1355
Drama,7.027777194976807,4922,The Curious Case of Benjamin Button,3292
Drama,7.020925521850586,2118,L.A. Confidential,1310
Drama,7.0156073570251465,137,Groundhog Day,2301
Drama,7.00944709777832,1366,Rocky,1791
Drama,7.009358882904053,59440,Warrior,1272
Drama,7.006847381591797,1018,Mulholland Drive,1477
Drama,6.9991888999938965,2503,The Bourne Ultimatum,2888
Drama,6.996181488037109,582,The Lives of Others,958
Drama,6.995715141296387,279,Amadeus,1076
Drama,6.993145942687988,322,Mystic River,1422
Drama,6.989973545074463,773,Little Miss Sunshine,1686
Drama,6.986429214477539,9693,Children of Men,2071
Drama,6.983303546905518,117,The Untouchables,1384
Drama,6.981325626373291,103663,The Hunt,927
Drama,6.975485324859619,318846,The Big Short,2607
Drama,6.975069522857666,293863,The Age of Adaline,1990
Drama,6.968755722045898,703,Annie Hall,1010
Drama,6.952730178833008,2649,The Game,1506
Drama,6.946896076202393,142,Brokeback Mountain,1480
Drama,6.942833423614502,1372,Blood Diamond,2281
Drama,6.929404258728027,11778,The Deer Hunter,921
Drama,6.928046226501465,613,Downfall,1037
Drama,6.925260066986084,19913,(500) Days of Summer,2904
Drama,6.92152738571167,1933,The Others,1660
Drama,6.919524192810059,2502,The Bourne Supremacy,2825
Drama,6.917574405670166,307081,Southpaw,2067
Drama,6.917448043823242,1359,American Psycho,2066
Drama,6.91193151473999,1949,Zodiac,2023
Drama,6.901233673095703,770,Gone with the Wind,970
Drama,6.90036153793335,296098,Bridge of Spies,2583
Drama,6.897348880767822,312221,Creed,1915
Drama,6.896652698516846,76,Before Sunrise,959
Drama,6.895734786987305,947,Lawrence of Arabia,851
Drama,6.895726203918457,193756,Lone Survivor,1526
Drama,6.894526958465576,153,Lost in Translation,1895
Drama,6.894526958465576,616,The Last Samurai,1895
Drama,6.890808582305908,4982,American Gangster,1502
Drama,6.887759685516357,1578,Raging Bull,938
Drama,6.887476444244385,203833,The Book Thief,1486
Drama,6.887203216552734,65754,The Girl with the Dragon Tattoo,2434
Drama,6.885534763336182,273481,Sicario,2416
Drama,6.879684925079346,68734,Argo,3423
Drama,6.8793416023254395,581,Dances with Wolves,1046
Drama,6.878064155578613,37799,The Social Network,3391
Drama,6.876607894897461,792,Platoon,1205
Drama,6.868490219116211,19,Metropolis,657
Drama,6.868490219116211,595,To Kill a Mockingbird,657
Drama,6.8674492835998535,1955,The Elephant Man,719
Drama,6.8660759925842285,8321,In Bruges,1388
Drama,6.864954948425293,4951,10 Things I Hate About You,1701
Drama,6.857873439788818,9800,Philadelphia,988
Drama,6.8537139892578125,2034,Training Day,1634
Drama,6.853024482727051,388,Inside Man,1630
Drama,6.850867748260498,186,Lucky Number Slevin,1323
Drama,6.849420070648193,4133,Blow,1317
Drama,6.847607612609863,568,Apollo 13,1599
Drama,6.846088409423828,284293,Still Alice,1104
Drama,6.845276832580566,824,Moulin Rouge!,1300
Drama,6.841817378997803,9428,The Royal Tenenbaums,1286
Drama,6.839323043823242,9509,Man on Fire,1553
Drama,6.836125373840332,61791,Rise of the Planet of the Apes,4347
Drama,6.832828998565674,244267,I Origins,1063
Drama,6.823436737060547,5925,The Great Escape,717
Drama,6.820821762084961,12162,The Hurt Locker,1840
Drama,6.817642688751221,10229,A Walk to Remember,1018
Drama,6.809444904327393,227306,Unbroken,1400
Drama,6.804976463317871,9366,Donnie Brasco,1147
Drama,6.804098606109619,9277,The Sting,622
Drama,6.802698612213135,249164,If I Stay,1368
Drama,6.797824382781982,387,Das Boot,613
Drama,6.795995235443115,44264,True Grit,1668
Drama,6.788076877593994,116745,The Secret Life of Walter Mitty,3144
Drama,6.785144329071045,350,The Devil Wears Prada,3088
Drama,6.784772872924805,22881,The Blind Side,1597
Drama,6.78167200088501,1587,What's Eating Gilbert Grape,919
Drama,6.77708101272583,198277,Begin Again,1254
Drama,6.775936126708984,4347,Atonement,1049
Drama,6.775421619415283,4553,The Machinist,1247
Drama,6.7734694480896,152742,The Best Offer,704
Drama,6.770380020141602,140823,Saving Mr. Banks,1226
Drama,6.7691650390625,1579,Apocalypto,1221
Drama,6.767369270324707,25376,The Secret in Their Eyes,626
Drama,6.766892433166504,6479,I Am Legend,4853
Drama,6.7659220695495605,22803,Law Abiding Citizen,1486
Drama,6.7659220695495605,45317,The Fighter,1486
Drama,6.765450954437256,284,The Apartment,483
Drama,6.76430082321167,82693,Silver Linings Playbook,4742
Drama,6.763900279998779,13363,The Man from Earth,687
Drama,6.7634992599487305,3131,Gangs of New York,1910
Drama,6.760422229766846,82695,Les Misérables,1884
Drama,6.759593963623047,805,Rosemary's Baby,863
Drama,6.7560954093933105,44115,127 Hours,2606
Drama,6.753316402435303,205587,The Judge,1417
Drama,6.750544548034668,7735,The Wave,841
Drama,6.746306419372559,3580,Changeling,1131
Drama,6.745083808898926,1813,The Devil's Advocate,1374
Drama,6.744409084320068,50646,"Crazy, Stupid, Love.",2443
Drama,6.743823051452637,334,Magnolia,825
Drama,6.7404632568359375,15121,The Sound of Music,941
Drama,6.739928722381592,3558,"Girl, Interrupted",721
Drama,6.739331245422363,116,Match Point,1105
Drama,6.73838996887207,80,Before Sunset,718
Drama,6.7382426261901855,492,Being John Malkovich,1101
Drama,6.731839656829834,686,Contact,1308
Drama,6.731620788574219,4147,Road to Perdition,1077
Drama,6.731327533721924,4995,Boogie Nights,796
Drama,6.730389595031738,1878,Fear and Loathing in Las Vegas,1301
Drama,6.730011463165283,205,Hotel Rwanda,793
Drama,6.728529453277588,7326,Juno,2244
Drama,6.727968215942383,228205,The Longest Ride,1064
Drama,6.724934101104736,1491,The Illusionist,1615
Drama,6.723695278167725,74643,The Artist,1049
Drama,6.719509601593018,44826,Hugo,2141
Drama,6.714602947235107,242,The Godfather: Part III,1546
Drama,6.713602066040039,866,Finding Neverland,1223
Drama,6.711362838745117,167073,Brooklyn,1213
Drama,6.709280014038086,12163,The Wrestler,1000
Drama,6.708605766296387,80278,The Impossible,2025
Drama,6.701493740081787,77016,End of Watch,1170
Drama,6.696925640106201,594,The Terminal,1910
Drama,6.696527481079102,1640,Crash,1149
Drama,6.696000099182129,10637,Remember the Titans,821
Drama,6.695118427276611,46738,Incendies,479
Drama,6.6944146156311035,273895,Selma,817
Drama,6.693808078765869,639,When Harry Met Sally...,950
Drama,6.692532062530518,508,Love Actually,1869
Drama,6.691926002502441,652,Troy,2759
Drama,6.686378002166748,786,Almost Famous,797
Drama,6.684796333312988,132363,The Butler,1101
Drama,6.68404483795166,840,Close Encounters of the Third Kind,1098
Drama,6.681257724761963,7347,Elite Squad,504
Drama,6.6749114990234375,11545,Rushmore,676
Drama,6.673470973968506,826,The Bridge on the River Kwai,542
Drama,6.666752338409424,71,Billy Elliot,750
Drama,6.659771919250488,345,Eyes Wide Shut,1234
Drama,6.6590118408203125,788,Mrs. Doubtfire,1591
Drama,6.65186882019043,783,Gandhi,716
Drama,6.64752721786499,3175,Barry Lyndon,505
Drama,6.64547061920166,1427,Perfume: The Story of a Murderer,1165
Drama,6.644804000854492,2567,The Aviator,1489
Drama,6.641730308532715,23168,The Town,1468
Drama,6.6392035484313965,1538,Collateral,1451
Drama,6.637264251708984,146,"Crouching Tiger, Hidden Dragon",927
Drama,6.634565830230713,470,21 Grams,918
Drama,6.634034156799316,71859,We Need to Talk About Kevin,677
Drama,6.633693695068359,9741,Unbreakable,1946
Drama,6.628410339355469,60308,Moneyball,1381
Drama,6.623702526092529,55,Amores perros,521
Drama,6.621181011199951,642,Butch Cassidy and the Sundance Kid,650
Drama,6.620994567871094,60243,A Separation,469
Drama,6.6209588050842285,1830,Lord of War,1335
Drama,6.620042324066162,168672,American Hustle,2807
Drama,6.614344596862793,129670,Nebraska,636
Drama,6.613889694213867,72570,The Vow,1293
Drama,6.6107683181762695,179144,The Great Beauty,720
Drama,6.610750198364258,72190,World War Z,5560
Drama,6.610547065734863,654,On the Waterfront,357
Drama,6.609946250915527,69,Walk the Line,718
Drama,6.6093878746032715,11969,Tombstone,626
Drama,6.608709812164307,819,Sleepers,715
Drama,6.6085004806518555,509,Notting Hill,1262
Drama,6.6083245277404785,40807,50/50,1261
Drama,6.6080756187438965,86829,Inside Llewyn Davis,834
Drama,6.606444358825684,2011,Persepolis,450
Drama,6.602241039276123,333371,10 Cloverfield Lane,2468
Drama,6.60106086730957,8055,The Reader,813
Drama,6.591568946838379,5528,The Chorus,526
Drama,6.588919162750244,338,"Good bye, Lenin!",586
Drama,6.58734130859375,9571,Dazed and Confused,583
Drama,6.586520195007324,8741,The Thin Red Line,771
Drama,6.5852274894714355,205220,Philomena,579
Drama,6.584384918212891,239571,The Best of Me,765
Drama,6.582764148712158,22954,Invictus,1125
Drama,6.581676006317139,1904,Memoirs of a Geisha,652
Drama,6.580454349517822,7485,Shooter,1462
Drama,6.580347537994385,1265,Bridge to Terabithia,1113
Drama,6.579942226409912,7350,The Bucket List,1111
Drama,6.579358100891113,132344,Before Midnight,568
Drama,6.577287197113037,160588,Blue Jasmine,1098
Drama,6.576646327972412,820,JFK,502
Drama,6.575378894805908,2757,Adaptation.,638
Drama,6.574172019958496,881,A Few Good Men,877
Drama,6.573948383331299,1523,The Last King of Scotland,558
Drama,6.571730613708496,522,Ed Wood,630
Drama,6.571031093597412,103731,Mud,1068
Drama,6.568933010101318,644,A.I. Artificial Intelligence,1974
Drama,6.565775394439697,985,Eraserhead,485
Drama,6.5652570724487305,921,Cinderella Man,616
Drama,6.563350677490234,251,Ghost,1339
Drama,6.5567755699157715,308639,Dope,691
Drama,6.556593418121338,34584,The NeverEnding Story,1002
Drama,6.556407451629639,1443,The Virgin Suicides,817
Drama,6.554320812225342,57212,War Horse,992
Drama,6.55109977722168,51828,One Day,978
Drama,6.550216197967529,5123,August Rush,797
Drama,6.550134181976318,10774,Network,381
Drama,6.548917293548584,278927,The Jungle Book,2892
Drama,6.5474114418029785,110415,Snowpiercer,2854
Drama,6.546879768371582,18947,The Boat That Rocked,666
Drama,6.546075344085693,104,Run Lola Run,664
Drama,6.544864177703857,319888,Eddie the Eagle,661
Drama,6.5447540283203125,228970,Wild,951
Drama,6.543241024017334,421,The Life Aquatic with Steve Zissou,775
Drama,6.5416340827941895,300671,13 Hours: The Secret Soldiers of Benghazi,938
Drama,6.540535926818848,97367,The Place Beyond the Pines,1653
Drama,6.537826061248779,65,8 Mile,1626
Drama,6.534178256988525,79,Hero,635
Drama,6.533812999725342,256591,Focus,2542
Drama,6.532767295837402,50348,The Lincoln Lawyer,902
Drama,6.53265905380249,297,Meet Joe Black,1147
Drama,6.5323381423950195,321697,Steve Jobs,1573
Drama,6.531662464141846,1429,25th Hour,629
Drama,6.5291643142700195,593,Solaris,357
Drama,6.529083251953125,9361,The Last of the Mohicans,732
Drama,6.5284600257873535,62215,Melancholia,885
Drama,6.528067111968994,285783,The Walk,1121
Drama,6.5274271965026855,4476,Legends of the Fall,619
Drama,6.525888919830322,76025,Shame,875
Drama,6.5254364013671875,150689,Cinderella,2374
Drama,6.525345325469971,1262,Stranger Than Fiction,721
Drama,6.523629665374756,462,Erin Brockovich,716
Drama,6.518473148345947,16,Dancer in the Dark,377
Drama,6.516312122344971,167,K-PAX,695
Drama,6.515878677368164,1164,Babel,1055
Drama,6.514505863189697,10312,Patch Adams,832
Drama,6.51383113861084,147773,The Way Way Back,688
Drama,6.513316631317139,3170,Bambi,1405
Drama,6.512053966522217,321741,Concussion,823
Drama,6.512012481689453,873,The Color Purple,338
Drama,6.511165618896484,228194,The Hundred-Foot Journey,508
Drama,6.5101776123046875,223,Rebecca,336
Drama,6.507343769073486,86837,Amour,400
Drama,6.507218837738037,71157,Polisse,285
Drama,6.506191253662109,49020,Submarine,443
Drama,6.505163192749023,9388,Thank You for Smoking,664
Drama,6.504659652709961,7214,Coach Carter,496
Drama,6.503678321838379,2280,Big,993
Drama,6.501763343811035,10734,Escape from Alcatraz,561
Drama,6.500402927398682,6023,P.S. I Love You,977
Drama,6.498835563659668,4512,The Assassination of Jesse James by the Coward Robert Ford,776
Drama,6.4969892501831055,801,"Good Morning, Vietnam",642
Drama,6.49637508392334,9008,The Insider,481
Drama,6.496222496032715,1213,The Talented Mr. Ripley,767
Drama,6.4959306716918945,304410,The Bélier Family,766
Drama,6.495816707611084,11615,The Life of David Gale,480
Drama,6.494326114654541,23169,Remember Me,948
Drama,6.493580341339111,6537,The Orphanage,633
Drama,6.492453098297119,1251,Letters from Iwo Jima,541
Drama,6.490623950958252,8885,Waltz with Bashir,291
Drama,6.489963531494141,43949,Flipped,418
Drama,6.489424705505371,18240,The Proposal,1804
Drama,6.4889373779296875,35690,The Last Song,923
Drama,6.487812519073486,401,Garden State,618
Drama,6.487613201141357,72113,Carnage,738
Drama,6.487226486206055,10950,I Am Sam,530
Drama,6.48695707321167,253412,Everest,1772
Drama,6.486461162567139,592,The Conversation,372
Drama,6.486202716827393,34653,A Single Man,463
Drama,6.485512733459473,87093,Big Eyes,1196
Drama,6.485474109649658,10139,Milk,612
Drama,6.4849677085876465,43539,The Next Three Days,905
Drama,6.481960296630859,404,The Straight Story,306
Drama,6.481827259063721,1885,The Karate Kid,891
Drama,6.481600761413574,46705,Blue Valentine,890
Drama,6.481352806091309,97630,Zero Dark Thirty,1702
Drama,6.480439186096191,5723,Once,453
Drama,6.480439186096191,11362,The Count of Monte Cristo,453
Drama,6.4799485206604,10024,My Sister's Keeper,598
Drama,6.4765448570251465,83542,Cloud Atlas,2977
Drama,6.476192951202393,68722,The Master,701
Drama,6.47563362121582,615,The Passion of the Christ,864
Drama,6.47542142868042,10545,The Hunchback of Notre Dame,1129
Drama,6.475132465362549,473,Pi,586
Drama,6.4741291999816895,1646,Freedom Writers,356
Drama,6.472823619842529,304357,Woman in Gold,440
Drama,6.47068977355957,2024,The Patriot,1099
Drama,6.468758583068848,20766,The Road,1087
Drama,6.468051433563232,59,A History of Violence,832
Drama,6.466907501220703,39254,Real Steel,2692
Drama,6.462321758270264,157386,The Spectacular Now,1048
Drama,6.460942268371582,9603,Clueless,803
Drama,6.4591803550720215,10530,Pocahontas,1457
Drama,6.456357002258301,72976,Lincoln,1429
Drama,6.456150054931641,3083,Mr. Smith Goes to Washington,241
Drama,6.45573616027832,1677,Ray,467
Drama,6.45509672164917,979,Irreversible,538
Drama,6.452819347381592,650,Boyz n the Hood,364
Drama,6.45278787612915,978,Seven Years in Tibet,630
Drama,6.452572822570801,254,King Kong,2337
Drama,6.4522199630737305,219,Volver,406
Drama,6.4521026611328125,11798,This Is England,363
Drama,6.452098369598389,243,High Fidelity,628
Drama,6.450613021850586,454,Romeo + Juliet,1374
Drama,6.447722434997559,9504,Glengarry Glen Ross,323
Drama,6.447057247161865,4550,Sympathy for Lady Vengeance,356
Drama,6.446331977844238,746,The Last Emperor,355
Drama,6.4453325271606445,802,Lolita,395
Drama,6.4451727867126465,392,Chocolat,951
Drama,6.444987773895264,925,Do the Right Thing,292
Drama,6.444700717926025,7979,The Kite Runner,394
Drama,6.444241523742676,77877,The Lucky One,946
Drama,6.444149494171143,11113,My Fair Lady,352
Drama,6.442777633666992,18533,Bronson,733
Drama,6.442357063293457,6615,Lars and the Real Girl,509
Drama,6.442164421081543,157354,Fruitvale Station,390
Drama,6.440103054046631,8470,John Q,594
Drama,6.438973426818848,688,The Bridges of Madison County,385
Drama,6.4383320808410645,10377,My Cousin Vinny,384
Drama,6.437689781188965,1360,Frida,383
Drama,6.435920715332031,64685,Extremely Loud & Incredibly Close,708
Drama,6.435416221618652,9798,Enemy of the State,1240
Drama,6.434741973876953,702,A Streetcar Named Desire,281
Drama,6.432555675506592,612,Munich,696
Drama,6.432094097137451,76726,Chronicle,1935
Drama,6.431136608123779,22947,Up in the Air,1205
Drama,6.429909706115723,90369,Now Is Good,371
Drama,6.4281697273254395,323677,Race,478
Drama,6.427193641662598,4836,Layer Cake,559
Drama,6.427127361297607,1574,Chicago,677
Drama,6.427101135253906,2253,Valkyrie,1173
Drama,6.425677299499512,43923,It's Kind of a Funny Story,672
Drama,6.4248809814453125,64720,Take Shelter,471
Drama,6.422245979309082,10673,Wall Street,546
Drama,6.421570777893066,14337,Primer,658
Drama,6.4214768409729,11978,Men of Honor,544
Drama,6.420706272125244,409,The English Patient,542
Drama,6.42053747177124,1381,The Fountain,827
Drama,6.418400764465332,9837,The Prince of Egypt,817
Drama,6.416738033294678,10400,The Hurricane,396
Drama,6.412112712860107,1817,Phone Booth,1062
Drama,6.411844253540039,109410,42,787
Drama,6.411827564239502,9762,Step Up,1060
Drama,6.411500930786133,34647,Enter the Void,387
Drama,6.409427642822266,9550,House of Flying Daggers,439
Drama,6.407683849334717,1645,A Time to Kill,509
Drama,6.407083511352539,687,Dead Man Walking,337
Drama,6.406280517578125,26022,My Name Is Khan,232
Drama,6.406002998352051,5038,Vicky Cristina Barcelona,1020
Drama,6.403879165649414,3116,Midnight Cowboy,299
Drama,6.403212070465088,8963,Crimson Tide,498
Drama,6.4029459953308105,1548,Ghost World,426
Drama,6.401414394378662,1883,Malcolm X,370
Drama,6.400606632232666,787,Mr. & Mrs. Smith,2965
Drama,6.4004011154174805,42188,Never Let Me Go,737
Drama,6.397839546203613,504,Monster,485
Drama,6.397332191467285,11202,Patton,323
Drama,6.395026206970215,42297,Burlesque,573
Drama,6.394895553588867,990,The Hustler,240
Drama,6.39479923248291,4688,Across the Universe,410
Drama,6.392646789550781,65057,The Descendants,934
Drama,6.391735076904297,2652,Hard Candy,701
Drama,6.391664028167725,1391,Y Tu Mamá También,315
Drama,6.391374111175537,1900,Traffic,562
Drama,6.391067028045654,226,Boys Don't Cry,353
Drama,6.391046524047852,2013,The Diving Bell and the Butterfly,283
Drama,6.3904500007629395,4584,Sense and Sensibility,352
Drama,6.3891987800598145,9390,Jerry Maguire,913
Drama,6.3888349533081055,16642,Days of Heaven,234
Drama,6.388092994689941,10559,Frequency,462
Drama,6.386968612670898,4960,"Synecdoche, New York",278
Drama,6.38679838180542,291270,Anomalisa,459
Drama,6.386104106903076,203,Mean Streets,345
Drama,6.386104106903076,121986,Frances Ha,345
Drama,6.384404182434082,87502,Flight,2415
Drama,6.383600234985352,177,The Fisher King,341
Drama,6.38331937789917,590,The Hours,451
Drama,6.381215572357178,22971,Dear John,1262
Drama,6.380443096160889,8051,Punch-Drunk Love,530
Drama,6.37899923324585,48034,Little White Lies,380
Drama,6.378541946411133,309,The Celebration,207
Drama,6.3783745765686035,55787,Water for Elephants,850
Drama,6.378321170806885,43347,Love & Other Drugs,1233
Drama,6.377580642700195,9833,The Phantom of the Opera,438
Drama,6.376241207122803,14359,Doubt,435
Drama,6.376092433929443,89708,Samsara,167
Drama,6.3753533363342285,11499,Frost/Nixon,328
Drama,6.3748955726623535,10647,Pay It Forward,432
Drama,6.37429666519165,7445,Brothers,633
Drama,6.373093128204346,4032,My Girl,428
Drama,6.371288299560547,2288,Closer,811
Drama,6.370824813842773,37495,Four Lions,423
Drama,6.370358943939209,1495,Kingdom of Heaven,1157
Drama,6.368855953216553,24420,The Time Traveler's Wife,798
Drama,6.3686676025390625,2196,Death at a Funeral,497
Drama,6.368478775024414,4148,Revolutionary Road,796
Drama,6.368066787719727,451,Leaving Las Vegas,360
Drama,6.363509178161621,152737,August: Osage County,483
Drama,6.363427639007568,17979,A Christmas Carol,1095
Drama,6.361642360687256,9675,Sideways,478
Drama,6.360928535461426,907,Doctor Zhivago,247
Drama,6.360214710235596,2841,A Very Long Engagement,346
Drama,6.360207557678223,9631,The Negotiator,582
Drama,6.359920978546143,7980,The Lovely Bones,1065
Drama,6.358776092529297,12159,What Dreams May Come,577
Drama,6.355672359466553,4816,Ghost Dog: The Way of the Samurai,298
Drama,6.355593204498291,37950,Charlie St. Cloud,566
Drama,6.355301856994629,39013,Winter's Bone,565
Drama,6.354955673217773,1725,West Side Story,389
Drama,6.354428768157959,74534,The Best Exotic Marigold Hotel,459
Drama,6.353348731994629,2355,Reign Over Me,334
Drama,6.353348731994629,4518,Elizabeth,334
Drama,6.352712631225586,8271,Disturbia,1006
Drama,6.352660179138184,84332,Safety Not Guaranteed,556
Drama,6.348186016082764,9281,Witness,375
Drama,6.346958160400391,12498,Sling Blade,231
Drama,6.34662389755249,10220,Rounders,439
Drama,6.345036029815674,1850,Man on the Moon,435
Drama,6.343930244445801,55420,Another Earth,527
Drama,6.343843460083008,310569,The Second Mother,165
Drama,6.341326713562012,9075,Black Book,277
Drama,6.341294765472412,85446,Step Up Revolution,663
Drama,6.341048240661621,211954,Instructions Not Included,205
Drama,6.34042501449585,14202,The Painted Veil,312
Drama,6.339592933654785,9476,A Knight's Tale,907
Drama,6.338053226470947,1245,The Remains of the Day,202
Drama,6.337776184082031,25793,Precious,417
Drama,6.336362361907959,41402,Let Me In,641
Drama,6.336048126220703,5708,Control,200
Drama,6.335737228393555,403,Driving Miss Daisy,350
Drama,6.333124160766602,68724,Elysium,3439
Drama,6.3328962326049805,8065,21,1375
Drama,6.331614971160889,11644,Blow Out,236
Drama,6.331524848937988,634,Bridget Jones's Diary,1356
Drama,6.330803871154785,9549,The Right Stuff,235
Drama,6.330784797668457,228203,"McFarland, USA",213
Drama,6.330646991729736,11322,Public Enemies,1344
Drama,6.329894542694092,49517,Tinker Tailor Soldier Spy,840
Drama,6.328640937805176,26428,Agora,395
Drama,6.328041076660156,2056,The Station Agent,210
Drama,6.32792854309082,796,Cruel Intentions,827
Drama,6.32792854309082,26388,Buried,827
Drama,6.327546119689941,9662,The Triplets of Belleville,231
Drama,6.327517509460449,12149,Frailty,334
Drama,6.3264265060424805,2300,Space Jam,1288
Drama,6.325953483581543,7304,Running Scared,331
Drama,6.325766086578369,37903,The White Ribbon,255
Drama,6.325494289398193,205775,In the Heart of the Sea,1276
Drama,6.324789047241211,4547,Panic Room,1267
Drama,6.323122501373291,37056,Letters to Juliet,796
Drama,6.321435451507568,713,The Piano,281
Drama,6.321218013763428,18320,The Young Victoria,322
Drama,6.321173667907715,4944,Burn After Reading,1222
Drama,6.320707321166992,9667,The Jacket,455
Drama,6.319304943084717,191714,The Lunchbox,221
Drama,6.319006443023682,84329,Robot & Frank,450
Drama,6.318143844604492,25,Jarhead,765
Drama,6.317772388458252,33511,Nowhere Boy,244
Drama,6.317649841308594,11934,The Hudsucker Proxy,275
Drama,6.31657600402832,9829,United 93,367
Drama,6.314484119415283,261,Cat on a Hot Tin Roof,165
Drama,6.313921928405762,2112,Payback,548
Drama,6.313165664672852,10683,Happiness,194
Drama,6.312431812286377,256917,The Water Diviner,431
Drama,6.312378406524658,9036,Eight Below,542
Drama,6.312378406524658,226857,Endless Love,542
Drama,6.31108283996582,1255,The Host,537
Drama,6.310451984405518,711,Finding Forrester,302
Drama,6.31037712097168,9289,The Longest Day,234
Drama,6.31003999710083,2289,Cold Mountain,533
Drama,6.309254169464111,9563,Any Given Sunday,422
Drama,6.308532238006592,1903,Vanilla Sky,1078
Drama,6.308201789855957,3683,Flags of Our Fathers,526
Drama,6.308022975921631,209274,Ida,260
Drama,6.307673454284668,50839,Margin Call,524
Drama,6.307470798492432,1985,The Constant Gardener,417
Drama,6.306570053100586,8848,The Bank Job,697
Drama,6.306049346923828,1024,Heavenly Creatures,294
Drama,6.305365085601807,43959,Soul Surfer,342
Drama,6.304590702056885,24684,An Education,409
Drama,6.304384231567383,45958,Biutiful,291
Drama,6.302944183349609,821,Judgment at Nuremberg,155
Drama,6.302609920501709,9952,Rescue Dawn,336
Drama,6.302408218383789,84175,Beasts of the Southern Wild,403
Drama,6.301889419555664,152747,All Is Lost,671
Drama,6.301028728485107,2100,The Last Castle,285
Drama,6.300942420959473,9454,Ever After: A Cinderella Story,399
Drama,6.300759315490723,38810,Dogtooth,332
Drama,6.299578666687012,8967,The Tree of Life,987
Drama,6.299049377441406,1913,The Sea Inside,219
Drama,6.297641277313232,606,Out of Africa,279
Drama,6.297022819519043,838,American Graffiti,324
Drama,6.296800136566162,117251,White House Down,1891
Drama,6.296702861785889,12093,Lilya 4-ever,139
Drama,6.296334266662598,68727,Trance,956
Drama,6.2961530685424805,206563,Trash,242
Drama,6.295368671417236,398,Capote,384
Drama,6.294581890106201,712,Four Weddings and a Funeral,632
Drama,6.29371452331543,2977,Becoming Jane,317
Drama,6.293663501739502,10437,The Muppet Christmas Carol,212
Drama,6.293663501739502,11661,Joyeux Noël,212
Drama,6.293318748474121,227156,The Giver,1798
Drama,6.291321754455566,10316,The Ides of March,910
Drama,6.291209697723389,74465,We Bought a Zoo,909
Drama,6.2902092933654785,2639,Deconstructing Harry,187
Drama,6.290187835693359,1555,The Spanish Apartment,266
Drama,6.289706230163574,245,About a Boy,607
Drama,6.289633274078369,12113,Body of Lies,895
Drama,6.288820266723633,887,The Best Years of Our Lives,143
Drama,6.288147926330566,86825,Stoker,882
Drama,6.287911415100098,8488,Hitch,1665
Drama,6.2876296043396,126319,Ernest & Celestine,142
Drama,6.286187648773193,8489,Ali,447
Drama,6.285019397735596,2675,Signs,1599
Drama,6.284934043884277,859,Dangerous Liaisons,257
Drama,6.284672260284424,41233,Step Up 3D,582
Drama,6.284204959869385,274479,Joy,1581
Drama,6.283137321472168,79120,Weekend,163
Drama,6.282819747924805,325789,The Infiltrator,573
Drama,6.282597541809082,1246,Rocky Balboa,835
Drama,6.282354831695557,171274,Inherent Vice,833
Drama,6.2820258140563965,2255,Chasing Amy,433
Drama,6.281501293182373,9481,The Bone Collector,826
Drama,6.281256198883057,62835,Colombiana,824
Drama,6.281108379364014,53457,Sarah's Key,196
Drama,6.28110408782959,227,The Outsiders,291
Drama,6.28107213973999,55347,Beginners,347
Drama,6.280105113983154,24803,Julie & Julia,560
Drama,6.279762268066406,16608,The Proposition,218
Drama,6.277958393096924,75174,The Grey,1451
Drama,6.27747106552124,1165,The Queen,338
Drama,6.276051998138428,10238,Cries and Whispers,115
Drama,6.275559425354004,468,My Own Private Idaho,212
Drama,6.275505065917969,11971,Much Ado About Nothing,189
Drama,6.274190425872803,1073,Arlington Road,239
Drama,6.2740936279296875,9441,Stepmom,277
Drama,6.2730937004089355,18079,Nine Queens,153
Drama,6.271783351898193,21334,Children of Heaven,112
Drama,6.271359920501709,9912,The World's Fastest Indian,166
Drama,6.27111291885376,109421,Side Effects,1323
Drama,6.270612716674805,12783,The Duchess,396
Drama,6.270601272583008,12289,Red Cliff,205
Drama,6.2702956199646,2604,Born on the Fourth of July,395
Drama,6.269502639770508,2786,Pierrot le Fou,127
Drama,6.269502639770508,8416,The Conformist,127
Drama,6.268702507019043,9647,Scrooged,390
Drama,6.2684550285339355,11831,Amistad,316
Drama,6.268313884735107,9372,Super Size Me,506
Drama,6.268276691436768,666,Central Station,126
Drama,6.267706871032715,164457,Out of the Furnace,720
Drama,6.267178058624268,37233,The Firm,501
Drama,6.266453266143799,8326,Holes,383
Drama,6.265844345092773,4174,Spellbound,160
Drama,6.265365123748779,13156,Secondhand Lions,260
Drama,6.265344619750977,9702,Bound by Honor,115
Drama,6.264927387237549,16619,Ordinary People,145
Drama,6.264179706573486,11013,Secretary,376
Drama,6.26352596282959,7305,Alive,374
Drama,6.263023376464844,12573,A Serious Man,483
Drama,6.2624382972717285,9516,Menace II Society,173
Drama,6.262134552001953,2009,"4 Months, 3 Weeks and 2 Days",156
Drama,6.261980056762695,9870,Forgetting Sarah Marshall,1172
Drama,6.2606120109558105,11826,Sexy Beast,217
Drama,6.260577201843262,2044,The Lake House,670
Drama,6.260115623474121,24469,Fish Tank,250
Drama,6.259983062744141,82684,Chasing Mavericks,216
Drama,6.259561061859131,2755,About Schmidt,362
Drama,6.259352684020996,9587,Little Women,215
Drama,6.2585015296936035,10147,Bad Santa,656
Drama,6.257887363433838,22798,Whip It,357
Drama,6.257574081420898,76758,The Flowers of War,187
Drama,6.256389617919922,1887,Marie Antoinette,642
Drama,6.2561845779418945,9787,Lords of Dogtown,210
Drama,6.25608491897583,8328,Step Up 2: The Streets,640
Drama,6.255932331085205,96724,Anna Karenina,639
Drama,6.255183696746826,9433,The Edge,349
Drama,6.254843235015869,25941,Harry Brown,348
Drama,6.254778861999512,1440,Little Children,240
Drama,6.253504276275635,14811,Fiddler on the Roof,134
Drama,6.253451824188232,13685,Bottle Rocket,281
Drama,6.2529144287109375,45132,Super,441
Drama,6.25256872177124,9344,Kids,279
Drama,6.25256872177124,250124,The Diary of a Teenage Girl,279
Drama,6.2524542808532715,11658,Tae Guk Gi: The Brotherhood of War,133
Drama,6.252077102661133,1259,Notes on a Scandal,235
Drama,6.25175666809082,11023,Thirteen,339
Drama,6.251238822937012,272878,Max,276
Drama,6.25041389465332,11051,The Last Temptation of Christ,201
Drama,6.2503485679626465,24226,The Verdict,131
Drama,6.2503485679626465,25196,Crazy Heart,274
Drama,6.249906539916992,75780,Jack Reacher,2998
Drama,6.249902725219727,3291,"Good Night, and Good Luck.",273
Drama,6.2496747970581055,51052,Arthur Christmas,333
Drama,6.249660968780518,316152,Free State of Jones,428
Drama,6.249119281768799,11093,House of Sand and Fog,199
Drama,6.248256206512451,103328,Holy Motors,228
Drama,6.247156143188477,10707,The Squid and the Whale,226
Drama,6.244716644287109,21641,The Damned United,152
Drama,6.2440361976623535,526,Ladyhawke,260
Drama,6.244014739990234,75900,My Week with Marilyn,406
Drama,6.243855953216553,12877,Dead Man's Shoes,151
Drama,6.241848945617676,9464,Buffalo '66,166
Drama,6.241746425628662,209451,Jersey Boys,255
Drama,6.240850448608398,241239,A Most Violent Year,546
Drama,6.240325450897217,315664,Florence Foster Jenkins,392
Drama,6.240320682525635,306745,Freeheld,164
Drama,6.239930152893066,256962,Little Boy,185
Drama,6.238330364227295,7863,Shine,131
Drama,6.23778772354126,9918,Glory Road,144
Drama,6.237643718719482,2142,Cop Land,382
Drama,6.237576961517334,5279,Gosford Park,246
Drama,6.237504005432129,130150,Labor Day,299
Drama,6.236517906188965,5902,A Bridge Too Far,207
Drama,6.236473083496094,5994,The Family Man,521
Drama,6.23594856262207,844,2046,206
Drama,6.235702991485596,573,Frenzy,158
Drama,6.235040664672852,4349,The Kingdom,513
Drama,6.234928131103516,6968,The Baader Meinhof Complex,157
Drama,6.2349162101745605,547,The Horse Whisperer,292
Drama,6.2349162101745605,244772,The Skeleton Twins,292
Drama,6.234577655792236,1544,Imagine Me & You,177
Drama,6.234577655792236,8053,The Three Burials of Melquiades Estrada,177
Drama,6.234543800354004,11873,The Color of Money,291
Drama,6.233774662017822,39781,The Kids Are All Right,506
Drama,6.233592987060547,239678,This Is Where I Leave You,505
Drama,6.233267784118652,87825,Trouble with the Curve,366
Drama,6.232862949371338,4566,Michael Clayton,501
Drama,6.232794761657715,17663,Anne of Green Gables,68
Drama,6.232596397399902,1116,The Wind That Shakes the Barley,154
Drama,6.231357097625732,9303,Bound,198
Drama,6.230197906494141,245916,Kill the Messenger,355
Drama,6.229953289031982,28580,The Lost Weekend,112
Drama,6.22927188873291,50837,Martha Marcy May Marlene,277
Drama,6.229148864746094,10436,The Age of Innocence,169
Drama,6.228508949279785,10537,The Doors,275
Drama,6.228217124938965,209263,Enough Said,348
Drama,6.228126525878906,257,Oliver Twist,274
Drama,6.228095054626465,11426,From Here to Eternity,133
Drama,6.227743625640869,127560,The Railway Man,273
Drama,6.227601528167725,9591,That Thing You Do!,225
Drama,6.226701259613037,18937,Quest for Camelot,190
Drama,6.226590633392334,586,Wag the Dog,270
Drama,6.226316928863525,11509,Silverado,146
Drama,6.226114749908447,11973,Thirteen Days,189
Drama,6.225639343261719,913,The Thomas Crown Affair,339
Drama,6.224938869476318,10223,A Simple Plan,187
Drama,6.224522113800049,46829,Barney's Version,129
Drama,6.224516868591309,10549,Hamlet,117
Drama,6.224510669708252,22972,Green Zone,717
Drama,6.222255706787109,244403,Rudderless,105
Drama,6.222253799438477,14292,Miracle,159
Drama,6.220790386199951,1997,Two Brothers,180
Drama,6.2206711769104,1696,The Devil's Rejects,322
Drama,6.219558238983154,9655,She's the Man,671
Drama,6.219409942626953,8834,Conspiracy Theory,431
Drama,6.218764781951904,2266,"Paris, je t'aime",207
Drama,6.218764781951904,9443,Chariots of Fire,207
Drama,6.2183966636657715,11386,The Crying Game,176
Drama,6.2183966636657715,68924,The Ice Storm,176
Drama,6.218266010284424,9282,11:14,206
Drama,6.218193531036377,73567,Killer Joe,425
Drama,6.216763973236084,21755,The Brothers Bloom,203
Drama,6.2166948318481445,11190,The Return,100
Drama,6.216385364532471,11457,Life as a House,120
Drama,6.216176986694336,44945,Trust,307
Drama,6.216142654418945,64678,The Art of Getting By,415
Drama,6.21496057510376,4517,Elizabeth: The Golden Age,303
Drama,6.212767124176025,874,A Man for All Seasons,89
Drama,6.212713718414307,11975,The Rainmaker,235
Drama,6.211726188659668,27585,Rabbit Hole,165
Drama,6.211523532867432,11820,Mona Lisa Smile,393
Drama,6.211486339569092,157841,The Young and Prodigious T.S. Spivet,232
Drama,6.211264133453369,10998,Fatal Attraction,291
Drama,6.210022449493408,71864,The Odd Life of Timothy Green,386
Drama,6.2099409103393555,261023,Black Mass,1242
Drama,6.209571361541748,1907,The Beach,1233
Drama,6.209268093109131,11004,Wonder Boys,161
Drama,6.209074974060059,1125,Dreamgirls,284
Drama,6.208505153656006,365222,Ip Man 3,379
Drama,6.20808744430542,241771,Beyond the Lights,139
Drama,6.208015441894531,9567,Tears of the Sun,573
Drama,6.208015441894531,9913,The Skeleton Key,573
Drama,6.206223487854004,4912,Confessions of a Dangerous Mind,275
Drama,6.20621919631958,14283,The Red Violin,99
Drama,6.206170558929443,11257,A Room with a View,156
Drama,6.205923080444336,241554,Run All Night,1148
Drama,6.20554780960083,10564,Where the Heart Is,155
Drama,6.205323219299316,10994,White Oleander,108
Drama,6.205264091491699,2771,American Splendor,120
Drama,6.204833984375,4464,Seabiscuit,216
Drama,6.204433917999268,28089,The Messenger,119
Drama,6.203632354736328,9726,A Good Year,357
Drama,6.2031426429748535,44835,Hesher,212
Drama,6.203132629394531,14736,Love & Basketball,88
Drama,6.203044891357422,14047,The Great Debaters,151
Drama,6.20295524597168,10215,Sliding Doors,354
Drama,6.20241641998291,22051,Adam,150
Drama,6.202338695526123,795,City of Angels,529
Drama,6.201934814453125,31175,Soul Kitchen,116
Drama,6.201835632324219,8841,The Class,174
Drama,6.201704978942871,6973,In the Valley of Elah,261
Drama,6.201640605926514,48035,Ordet,65
Drama,6.201050758361816,198185,Million Dollar Arm,259
Drama,6.200809001922607,374461,Mr. Church,129
Drama,6.200723171234131,11967,Young Guns,258
Drama,6.20052433013916,11165,Tora! Tora! Tora!,147
Drama,6.199981212615967,50848,The Names of Love,93
Drama,6.199737071990967,3594,The Number 23,1018
Drama,6.199737071990967,9313,The Man in the Iron Mask,1018
Drama,6.199698448181152,3766,The Lady from Shanghai,102
Drama,6.199698448181152,16633,Somewhere in Time,102
Drama,6.199337005615234,30890,Radio Days,127
Drama,6.199290752410889,6538,Charlie Wilson's War,338
Drama,6.199290752410889,157847,Joe,338
Drama,6.199098587036133,1788,Footloose,505
Drama,6.19882345199585,8952,I Love You Phillip Morris,503
Drama,6.19862174987793,546,Transamerica,144
Drama,6.19862174987793,10712,Far from Heaven,144
Drama,6.198117256164551,8982,The Protector,167
Drama,6.197994709014893,8456,Never Back Down,497
Drama,6.197738170623779,1088,Whale Rider,111
Drama,6.196835041046143,13689,Peaceful Warrior,90
Drama,6.196746826171875,11156,Coco Before Chanel,246
Drama,6.196234226226807,18900,In Cold Blood,82
Drama,6.196165561676025,295964,Burnt,950
Drama,6.196048736572266,62204,Quest for Fire,109
Drama,6.195772171020508,2001,We Own the Night,323
Drama,6.195740222930908,7874,Black Snake Moan,243
Drama,6.195180892944336,12184,The Other Boleyn Girl,477
Drama,6.195058822631836,92591,Bernie,320
Drama,6.194962024688721,7913,Rang De Basanti,97
Drama,6.194051742553711,9763,Goal!: The Dream Begins,238
Drama,6.193188190460205,19255,Away We Go,189
Drama,6.192724227905273,173,"20,000 Leagues Under the Sea",157
Drama,6.192690849304199,17332,The Soloist,234
Drama,6.192646026611328,40794,Loose Cannons,118
Drama,6.191860198974609,11170,We Are Marshall,186
Drama,6.191860198974609,339984,Miracles from Heaven,186
Drama,6.191551685333252,16858,All That Jazz,85
Drama,6.191440105438232,87499,The East,305
Drama,6.191416263580322,1412,"Sex, Lies, and Videotape",185
Drama,6.191195487976074,200505,Draft Day,304
Drama,6.189636707305908,16052,Selena,114
Drama,6.189594745635986,8649,Bringing Out the Dead,225
Drama,6.189474582672119,11835,Death Sentence,297
Drama,6.189441204071045,4012,The Believer,151
Drama,6.186931133270264,577,To Die For,175
Drama,6.186226844787598,26171,Everybody's Fine,284
Drama,6.185877799987793,159037,The Square,55
Drama,6.185570240020752,185567,Zulu,172
Drama,6.184685230255127,8913,Pet Sematary,407
Drama,6.184450626373291,11022,Narc,142
Drama,6.184315204620361,1382,Me and You and Everyone We Know,107
Drama,6.184041976928711,26039,Point Blank,95
Drama,6.1838908195495605,13920,Radio,141
Drama,6.183882713317871,24748,Hud,66
Drama,6.18337869644165,10705,Henry V,71
Drama,6.183286190032959,11904,Young Sherlock Holmes,167
Drama,6.182013034820557,11468,Salton Sea,104
Drama,6.181824207305908,1494,Curse of the Golden Flower,203
Drama,6.181485652923584,8338,Blindness,387
Drama,6.181443691253662,62837,Dolphin Tale,163
Drama,6.181323528289795,9331,Clear and Present Danger,386
Drama,6.181242942810059,17917,Oliver!,103
Drama,6.180948734283447,264999,Magic Mike XXL,706
Drama,6.18051815032959,88005,Seeking a Friend for the End of the World,700
Drama,6.180517673492432,1947,An Unfinished Life,161
Drama,6.180507659912109,60420,Like Crazy,381
Drama,6.18035364151001,1808,Velvet Goldmine,116
Drama,6.180179595947266,83686,The Words,379
Drama,6.180084705352783,6972,Australia,694
Drama,6.1800537109375,13198,Wristcutters: A Love Story,160
Drama,6.180017471313477,2163,Breakdown,198
Drama,6.179850101470947,3635,Girl with a Pearl Earring,377
Drama,6.178925514221191,3902,I'm Not There.,195
Drama,6.178923606872559,14438,Fireproof,100
Drama,6.178731441497803,13090,Sunshine Cleaning,255
Drama,6.178656101226807,11208,Wicker Park,157
Drama,6.17833948135376,2054,Mr. Holland's Opus,113
Drama,6.17833948135376,28053,City Island,113
Drama,6.178238391876221,3472,Dirty Pretty Things,131
Drama,6.177855014801025,68812,The Iceman,365
Drama,6.177720069885254,1833,Rent,155
Drama,6.177490711212158,8643,The Exorcism of Emily Rose,659
Drama,6.177414894104004,301351,We Are Your Friends,658
Drama,6.177402973175049,1365,Monster's Ball,250
Drama,6.176590919494629,44009,Another Year,97
Drama,6.176522731781006,10876,Quills,128
Drama,6.176355838775635,11086,The Majestic,188
Drama,6.176314353942871,15487,The Greatest Game Ever Played,110
Drama,6.175559997558594,20,My Life Without Me,77
Drama,6.175053596496582,4251,Veer-Zaara,64
Drama,6.175029754638672,21345,City of Life and Death,55
Drama,6.1749653816223145,192132,Palo Alto,348
Drama,6.174797058105469,9701,North Country,125
Drama,6.174712181091309,7859,Half Nelson,240
Drama,6.174500942230225,256924,Danny Collins,183
Drama,6.173596382141113,12281,Mean Creek,106
Drama,6.173493385314941,66125,Red Dog,83
Drama,6.173466205596924,8095,Cleopatra,146
Drama,6.173349857330322,38363,Fair Game,235
Drama,6.173005104064941,113947,The Sessions,179
Drama,6.172511100769043,11162,The Merchant of Venice,144
Drama,6.171868324279785,300673,The Finest Hours,588
Drama,6.171823024749756,11400,The New World,330
Drama,6.171544075012207,11446,Welcome to the Dollhouse,103
Drama,6.171072959899902,12150,Sea of Love,141
Drama,6.171004772186279,132316,Jab Tak Hai Jaan,66
Drama,6.170591831207275,3482,The Train,72
Drama,6.170591354370117,8669,Charlie Bartlett,225
Drama,6.170312881469727,192136,Mandela: Long Walk to Freedom,224
Drama,6.170245170593262,3059,Intolerance,60
Drama,6.170169830322266,436,Maria Full of Grace,101
Drama,6.169562816619873,16620,La Bamba,116
Drama,6.169438362121582,49017,Dracula Untold,2389
Drama,6.169142246246338,13435,Antwone Fisher,137
Drama,6.168790340423584,10476,Hustle & Flow,99
Drama,6.167785167694092,5955,The Pledge,215
Drama,6.167685031890869,9469,He Got Game,134
Drama,6.16671085357666,17187,The Emperor's Club,96
Drama,6.166386127471924,231576,Wish I Was Here,300
Drama,6.166325092315674,9045,Amen.,75
Drama,6.166024208068848,8272,The Savages,110
Drama,6.166015148162842,8293,Howards End,95
Drama,6.165792465209961,62630,The Devil's Double,208
Drama,6.16557502746582,16769,Coal Miner's Daughter,67
Drama,6.165339469909668,6950,Outbreak,513
Drama,6.165318012237549,868,Tsotsi,94
Drama,6.165218830108643,9766,Gridiron Gang,206
Drama,6.16458797454834,253450,The Assassin,157
Drama,6.164515495300293,29193,The Spanish Prisoner,73
Drama,6.164254188537598,9026,The Importance of Being Earnest,127
Drama,6.16424036026001,327,Brother,107
Drama,6.16424036026001,29963,Bright Star,107
Drama,6.164181232452393,16161,Baby Boy,55
Drama,6.164065361022949,12160,Wyatt Earp,202
Drama,6.16377592086792,14181,Boiler Room,201
Drama,6.163414001464844,10362,Two Lovers,154
Drama,6.163265705108643,9517,Bully,125
Drama,6.163107872009277,11395,The Santa Clause,489
Drama,6.163012981414795,2655,What Lies Beneath,488
Drama,6.162699222564697,10858,Nixon,71
Drama,6.162699222564697,14325,The Express,71
Drama,6.162628173828125,78698,Big Miracle,152
Drama,6.162615776062012,82682,Gangster Squad,1778
Drama,6.162230968475342,1921,Sweet November,278
Drama,6.162230968475342,10731,The Client,278
Drama,6.162027835845947,9087,The American President,195
Drama,6.162027835845947,34769,Defendor,195
Drama,6.161845684051514,10217,The Sweet Hereafter,103
Drama,6.161845684051514,39486,Secretariat,103
Drama,6.161812782287598,10339,Moby Dick,89
Drama,6.161301136016846,41733,Due Date,1685
Drama,6.16104793548584,10873,Shadow of the Vampire,148
Drama,6.161004066467285,375290,Airlift,57
Drama,6.160836696624756,905,Pandora's Box,45
Drama,6.1600470542907715,123553,The Mortal Instruments: City of Bones,1602
Drama,6.159693717956543,14299,Cadillac Records,86
Drama,6.159493446350098,332567,The Shallows,1567
Drama,6.15941858291626,231,Syriana,451
Drama,6.159401893615723,21461,Lage Raho Munna Bhai,44
Drama,6.1590447425842285,18254,Reds,67
Drama,6.158717155456543,617,Wild Things,444
Drama,6.158323764801025,264656,The Homesman,258
Drama,6.158219814300537,11129,Human Traffic,97
Drama,6.158219814300537,73532,Le Havre,97
Drama,6.157600402832031,9869,Patriot Games,433
Drama,6.157562255859375,13776,Diner,83
Drama,6.1569743156433105,339408,The Birth of a Nation,178
Drama,6.155831813812256,10288,Fido,135
Drama,6.155805587768555,6106,Salvador,71
Drama,6.155734539031982,9839,Beyond Borders,110
Drama,6.155208110809326,6964,Something's Gotta Give,410
Drama,6.155201435089111,39538,Contagion,1325
Drama,6.154610633850098,12079,Spun,132
Drama,6.154570579528809,1551,Flatliners,404
Drama,6.154552459716797,9746,Kundun,91
Drama,6.154201984405518,11184,Kinsey,131
Drama,6.153982639312744,1951,Manderlay,78
Drama,6.153936862945557,10560,Center Stage,90
Drama,6.153509616851807,26371,Maurice,61
Drama,6.153262615203857,26748,Lone Star,77
Drama,6.153114318847656,27029,The Nun's Story,46
Drama,6.1529130935668945,4964,Knocked Up,1214
Drama,6.152702808380127,14295,You Can Count on Me,88
Drama,6.152624607086182,9779,The Sisterhood of the Traveling Pants,386
Drama,6.15196418762207,9100,The Craft,380
Drama,6.151320457458496,9819,Marvin's Room,124
Drama,6.151264667510986,4107,Bloody Sunday,53
Drama,6.151167392730713,66,Absolute Power,223
Drama,6.151144981384277,9093,The Four Feathers,159
Drama,6.151042938232422,169917,A Walk Among the Tombstones,1131
Drama,6.1509623527526855,9944,The Pelican Brief,371
Drama,6.150732040405273,183894,Emma,38
Drama,6.1503682136535645,41110,I Am Love,73
Drama,6.1502203941345215,9555,Rabbit-Proof Fence,84
Drama,6.150075435638428,10183,Frozen River,99
Drama,6.150060653686523,1266,Street Kings,363
Drama,6.149641036987305,15765,What's Love Got to Do with It,72
Drama,6.149596214294434,6947,The Village,1071
Drama,6.149197578430176,11620,Quo Vadis,63
Drama,6.149034023284912,1770,Michael Collins,97
Drama,6.148802280426025,9816,Save the Last Dance,352
Drama,6.14851188659668,227735,Dolphin Tale 2,96
Drama,6.148345947265625,3033,Gods and Monsters,81
Drama,6.147988796234131,1988,A Mighty Heart,95
Drama,6.147718906402588,11109,Vera Drake,80
Drama,6.147312164306641,280092,Insidious: Chapter 3,983
Drama,6.147170543670654,6435,Practical Magic,338
Drama,6.147090435028076,5126,Martian Child,79
Drama,6.146718502044678,987,The Front Page,68
Drama,6.146652698516846,10184,He's Just Not That Into You,959
Drama,6.14651346206665,18487,The Taking of Pelham 1 2 3,954
Drama,6.146461009979248,14624,The Ultimate Gift,78
Drama,6.146080017089844,315011,Shin Godzilla,143
Drama,6.145984172821045,15927,A Passage to India,67
Drama,6.145869255065918,13537,Shattered Glass,111
Drama,6.145854473114014,10397,Angela's Ashes,59
Drama,6.145830154418945,72213,Courageous,77
Drama,6.145623207092285,10866,Joy Ride,325
Drama,6.145570755004883,1439,Anna and the King,197
Drama,6.145357608795166,3877,Things We Lost in the Fire,90
Drama,6.145248889923096,9400,Set It Off,66
Drama,6.145083904266357,12109,It's All Gone Pete Tong,52
Drama,6.144908905029297,1710,Copycat,194
Drama,6.1448283195495605,10744,The Cooler,89
Drama,6.144466876983643,9950,Find Me Guilty,138
Drama,6.144142150878906,84355,Your Sister's Sister,137
Drama,6.144138813018799,9821,The Mighty,51
Drama,6.143491744995117,12227,White Fang,135
Drama,6.143308162689209,10388,The Limey,105
Drama,6.14277982711792,22013,Elmer Gantry,41
Drama,6.142701148986816,400,Things to Do in Denver When You're Dead,85
Drama,6.14265775680542,11536,The Misfits,72
Drama,6.14265775680542,43266,How Green Was My Valley,72
Drama,6.14251708984375,11887,High School Musical 3: Senior Year,821
Drama,6.14243221282959,12690,Appaloosa,299
Drama,6.14163875579834,55720,A Better Life,54
Drama,6.14163875579834,291081,Red Riding: In the Year of Our Lord 1974,54
Drama,6.1416215896606445,43418,Beneath Hill 60,40
Drama,6.141584873199463,16241,The Boys from Brazil,101
Drama,6.141330242156982,9291,The Longest Yard,785
Drama,6.141042709350586,61891,Anonymous,288
Drama,6.140739440917969,340611,Indignation,69
Drama,6.140684127807617,82525,Savages,766
Drama,6.140557765960693,13751,Akeelah and the Bee,81
Drama,6.140283584594727,10105,Saints and Soldiers,98
Drama,6.140097141265869,8883,Flame & Citron,68
Drama,6.139946937561035,10934,Under the Tuscan Sun,172
Drama,6.139497756958008,2251,Unfaithful,276
Drama,6.139497756958008,50780,The Beaver,276
Drama,6.139479637145996,19997,Niagara,79
Drama,6.139454364776611,4170,Trade,67
Drama,6.1394124031066895,5353,The Hunting Party,96
Drama,6.1394124031066895,10691,Crazy/Beautiful,96
Drama,6.1391072273254395,44865,The Grandmaster,273
Drama,6.139089107513428,6007,Elling,51
Drama,6.139023780822754,9613,Spider,168
Drama,6.138976573944092,268238,The Second Best Exotic Marigold Hotel,272
Drama,6.138913631439209,7461,Vantage Point,716
Drama,6.138845443725586,9664,Flyboys,271
Drama,6.138809680938721,16564,Winter in Wartime,66
Drama,6.13856315612793,12247,Shotgun Stories,57
Drama,6.138537406921387,549,Basquiat,94
Drama,6.138537406921387,46138,Made in Dagenham,94
Drama,6.138397693634033,11042,The Barbarian Invasions,77
Drama,6.138200283050537,9588,Quigley Down Under,119
Drama,6.138100624084473,245703,Midnight Special,694
Drama,6.1378607749938965,84184,Celeste & Jesse Forever,163
Drama,6.137392997741699,11298,The Howling,161
Drama,6.1372270584106445,8346,My Big Fat Greek Wedding,671
Drama,6.137218952178955,12509,Pollock,91
Drama,6.136990070343018,48289,The Debt,257
Drama,6.136852741241455,253331,Black or White,115
Drama,6.136777877807617,10655,Gettysburg,90
Drama,6.136687755584717,239566,Get on Up,158
Drama,6.136587142944336,27586,The Runaways,254
Drama,6.136181831359863,4958,The Legend of Bagger Vance,251
Drama,6.135673999786377,10364,Catch-22,72
Drama,6.135568618774414,10445,Shadowlands,61
Drama,6.1351542472839355,14635,The Rookie,110
Drama,6.1351542472839355,57825,Bride & Prejudice,110
Drama,6.134806156158447,8981,Dear Frankie,46
Drama,6.134678840637207,13150,Pride and Glory,240
Drama,6.134470462799072,2669,The Bounty,108
Drama,6.134263038635254,10629,Veronica Guerin,59
Drama,6.134241580963135,2133,The Perfect Storm,597
Drama,6.13412618637085,17139,Character,25
Drama,6.134039402008057,12506,Cry Freedom,51
Drama,6.133816242218018,43933,Monsters,587
Drama,6.133428573608398,455,Bend It Like Beckham,578
Drama,6.133124351501465,48231,A Dangerous Method,571
Drama,6.133076190948486,258755,Hidden Away,26
Drama,6.132952690124512,480,Monsoon Wedding,57
Drama,6.132749557495117,11091,Riding in Cars with Boys,103
Drama,6.132519721984863,31174,Richard III,49
Drama,6.132519721984863,259943,Coming Home,49
Drama,6.132131099700928,31007,Welcome to the Rileys,139
Drama,6.132017135620117,84188,Compliance,221
Drama,6.131816387176514,20083,Shinjuku Incident,65
Drama,6.131709098815918,44718,Get Low,100
Drama,6.131198406219482,18602,Morvern Callar,34
Drama,6.131144046783447,71688,The Iron Lady,527
Drama,6.131091117858887,21612,The Funeral,31
Drama,6.131012439727783,222649,Rosewater,98
Drama,6.130993843078613,8291,Poetic Justice,47
Drama,6.130441665649414,2026,Hostage,512
Drama,6.130436420440674,284296,Top Five,210
Drama,6.130276203155518,242575,"Guten Tag, Ramón",18
Drama,6.130165100097656,11313,Hearts in Atlantis,131
Drama,6.130165100097656,11935,Capricorn One,131
Drama,6.1301469802856445,13919,The Chumscrubber,62
Drama,6.129961967468262,9685,Igby Goes Down,95
Drama,6.129961967468262,11229,Freeway,95
Drama,6.1297287940979,54580,Mondays in the Sun,36
Drama,6.1296539306640625,7973,Caramel,52
Drama,6.129602909088135,11583,The First Great Train Robbery,74
Drama,6.129561424255371,245700,Mr. Turner,204
Drama,6.129420280456543,13768,Tuck Everlasting,128
Drama,6.129258632659912,9104,Buffalo Soldiers,93
Drama,6.129239082336426,12201,Edge of Darkness,487
Drama,6.1290283203125,6521,The Contender,60
Drama,6.128552436828613,46332,Of Gods and Men,91
Drama,6.1285295486450195,7873,Harsh Times,197
Drama,6.128467559814453,342,Summer Storm,59
Drama,6.128467559814453,21309,River's Edge,59
Drama,6.12832498550415,16727,The Namesake,50
Drama,6.12786340713501,1874,Goodbye Bafana,38
Drama,6.12786340713501,15389,Metropolitan,38
Drama,6.127774238586426,16158,The Wood,34
Drama,6.127658843994141,29339,Nicholas Nickleby,49
Drama,6.127161502838135,10741,Bobby,119
Drama,6.127161502838135,17379,Last Holiday,119
Drama,6.127152919769287,464,As It Is in Heaven,42
Drama,6.126882076263428,10060,Get Rich or Die Tryin',186
Drama,6.126862049102783,18405,The Last House on the Left,440
Drama,6.12685489654541,2148,The Cotton Club,68
Drama,6.1267781257629395,15708,Latter Days,56
Drama,6.126417636871338,4911,Dark Blue,85
Drama,6.12637996673584,15907,Duma,41
Drama,6.126322269439697,33667,Gentleman's Agreement,47
Drama,6.126322269439697,75861,To Write Love on Her Arms,47
Drama,6.126213073730469,36811,The Last Station,55
Drama,6.126059532165527,38448,Ondine,84
Drama,6.126016139984131,4953,Be Kind Rewind,424
Drama,6.125931739807129,8618,The History Boys,66
Drama,6.125789642333984,201132,Antarctica: A Year on Ice,29
Drama,6.12563419342041,9689,Hollywood Ending,113
Drama,6.1255106925964355,811,Silent Running,177
Drama,6.1252312660217285,175555,A Madea Christmas,35
Drama,6.125004768371582,18925,Facing the Giants,64
Drama,6.1249799728393555,18923,A Home at the End of the World,45
Drama,6.12486457824707,11027,The Postman Always Rings Twice,110
Drama,6.124852180480957,1435,Tarnation,22
Drama,6.124598503112793,10428,Hackers,398
Drama,6.1243486404418945,6440,The Shipping News,108
Drama,6.124319553375244,14462,The Manchurian Candidate,393
Drama,6.124307155609131,14585,In the Company of Men,44
Drama,6.124116897583008,1809,The Rules of Attraction,168
Drama,6.124085903167725,15976,The Bubble,20
Drama,6.123963356018066,248,Pocketful of Miracles,25
Drama,6.123940467834473,27845,Trees Lounge,51
Drama,6.123910427093506,60421,Circumstance,23
Drama,6.123607635498047,8545,Little Voice,61
Drama,6.123532772064209,57120,Meek's Cutoff,77
Drama,6.123467922210693,12454,All or Nothing,33
Drama,6.1233696937561035,43434,Carlos,50
Drama,6.123272895812988,36597,Wuthering Heights,37
Drama,6.123140335083008,9311,Smilla's Sense of Snow,60
Drama,6.123140335083008,13996,Bottle Shock,60
Drama,6.122854232788086,15250,This Christmas,29
Drama,6.122835636138916,10047,The Messenger: The Story of Joan of Arc,367
Drama,6.122766971588135,25248,Saint Ralph,24
Drama,6.122583389282227,1591,Nowhere in Africa,32
Drama,6.1223835945129395,8197,Midnight in the Garden of Good and Evil,157
Drama,6.1222662925720215,1619,The Way of the Gun,100
Drama,6.122064590454102,175291,Cheap Thrills,155
Drama,6.122043132781982,13889,Madadayo,20
Drama,6.121696949005127,33157,Waterloo,31
Drama,6.121583938598633,10894,May,152
Drama,6.121568202972412,26899,The Mudge Boy,23
Drama,6.121568202972412,225235,The Geographer Drank His Globe Away,23
Drama,6.1215338706970215,9437,Kiss the Girls,345
Drama,6.121074676513672,10132,Talk Radio,46
Drama,6.121074676513672,37080,Mother and Child,46
Drama,6.120988368988037,290751,Secret in Their Eyes,336
Drama,6.120939254760742,10115,Stick It,148
Drama,6.120789051055908,20024,The End of the Affair,55
Drama,6.120777606964111,13193,Saved!,147
Drama,6.120603084564209,17908,My Dog Skip,69
Drama,6.120498180389404,21494,Moliere,45
Drama,6.120240688323975,16162,The Best Man,38
Drama,6.120187282562256,9294,Phenomenon,323
Drama,6.119842052459717,5722,Beyond the Valley of the Dolls,53
Drama,6.119842052459717,20763,Radio Flyer,53
Drama,6.119800090789795,13967,Miss Potter,141
Drama,6.119636058807373,1378,Shortbus,140
Drama,6.119558334350586,15394,Owning Mahowny,37
Drama,6.119558334350586,24266,The Man from Snowy River,37
Drama,6.119471549987793,121826,Quartet,139
Drama,6.119463920593262,43867,The Prisoner of Zenda,11
Drama,6.119350910186768,1999,In the Bedroom,89
Drama,6.119340896606445,30973,The Visual Bible: The Gospel of John,12
Drama,6.119027137756348,32579,Under the Same Moon,28
Drama,6.11889123916626,11240,My Beautiful Laundrette,51
Drama,6.118874549865723,334531,My All American,36
Drama,6.118748664855957,20156,Exotica,64
Drama,6.118414402008057,10786,Robin and Marian,50
Drama,6.118414402008057,27191,The Greatest Show on Earth,50
Drama,6.118375778198242,29920,Easy Money,63
Drama,6.118274688720703,26390,Brooklyn's Finest,293
Drama,6.118189334869385,83860,October Baby,35
Drama,6.118179798126221,46435,Topsy-Turvy,41
Drama,6.118179798126221,110402,Hard to Be a God,41
Drama,6.118134021759033,26815,Rocket Singh: Salesman of the Year,27
Drama,6.118104934692383,27322,Love Jones,12
Drama,6.117980003356934,13250,Butterfly on a Wheel,130
Drama,6.117980003356934,232679,When the Game Stands Tall,130
Drama,6.117936611175537,12404,Me and Orson Welles,49
Drama,6.117936611175537,22267,Ride with the Devil,49
Drama,6.1178154945373535,10782,Basic,286
Drama,6.117749214172363,52015,Stake Land,285
Drama,6.117616653442383,2110,Wasabi,283
Drama,6.117502689361572,7509,Water,34
Drama,6.117457866668701,309425,Do You Believe?,48
Drama,6.117283821105957,10398,Double Jeopardy,278
Drama,6.117192268371582,6639,Love in the Time of Cholera,81
Drama,6.117192268371582,8198,The Quiet American,81
Drama,6.117192268371582,9526,A Prairie Home Companion,81
Drama,6.116336822509766,1957,Enough,264
Drama,6.116131782531738,25461,Raising Victor Vargas,13
Drama,6.116122245788574,30596,Bodyguards and Assassins,57
Drama,6.115843296051025,12586,Bella,37
Drama,6.11582612991333,12400,Redbelt,76
Drama,6.11582612991333,13491,Arn: The Knight Templar,76
Drama,6.115537166595459,22908,A Room for Romeo Brass,18
Drama,6.115367889404297,152599,The Immigrant,250
Drama,6.115365028381348,6478,Beyond the Sea,55
Drama,6.115297794342041,9043,The Family Stone,249
Drama,6.115049839019775,283708,Far from Men,43
Drama,6.11498498916626,15660,Mommie Dearest,54
Drama,6.114945888519287,13092,How to Lose Friends & Alienate People,244
Drama,6.114920616149902,10279,Summer of Sam,112
Drama,6.1147236824035645,11354,The Upside of Anger,72
Drama,6.114598751068115,217708,Of Horses and Men,26
Drama,6.114446640014648,16186,Diary of a Mad Black Woman,71
Drama,6.114226818084717,86812,Sound of My Voice,108
Drama,6.114223480224609,13405,The Children of Huang Shi,52
Drama,6.114223480224609,22796,Simon Birch,52
Drama,6.114223480224609,31005,Moonlight Mile,52
Drama,6.114089012145996,10684,Courage Under Fire,232
Drama,6.113871097564697,14902,1776,20
Drama,6.113871097564697,40652,The Married Woman,20
Drama,6.11369514465332,32274,Cradle Will Rock,18
Drama,6.1136393547058105,12555,I Served the King of England,22
Drama,6.1136393547058105,44944,For Colored Girls,22
Drama,6.113353729248047,16323,The Rose,28
Drama,6.113353729248047,33870,Mao's Last Dancer,28
Drama,6.113053798675537,13551,The Dead Girl,66
Drama,6.112895965576172,1651,Mississippi Mermaid,32
Drama,6.112863063812256,22617,Dinner Rush,19
Drama,6.112734794616699,3060,The Big Parade,21
Drama,6.1126909255981445,14054,Snow Angels,48
Drama,6.1126909255981445,33196,Tidal Wave,48
Drama,6.112657070159912,24424,Ajami,27
Drama,6.112657070159912,325373,Two Lovers and a Bear,27
Drama,6.112492561340332,1550,Pieces of April,64
Drama,6.112492561340332,8942,Wendy and Lucy,64
Drama,6.1123223304748535,50725,Take Me Home Tonight,208
Drama,6.112306118011475,25189,The Mirror Has Two Faces,47
Drama,6.112303256988525,18734,L.I.E.,31
Drama,6.112303256988525,34152,Crooklyn,31
Drama,6.112246990203857,11128,Ladder 49,207
Drama,6.112096309661865,5125,Rendition,205
Drama,6.111929416656494,10773,Mrs Henderson Presents,62
Drama,6.111363887786865,9672,Infamous,60
Drama,6.111363887786865,9903,The Hoax,60
Drama,6.111146926879883,14538,Three Kingdoms: Resurrection of the Dragon,35
Drama,6.111146450042725,14662,Slums of Beverly Hills,44
Drama,6.111039161682129,12412,Miracle at St. Anna,90
Drama,6.110781669616699,33106,Silver Medalist,13
Drama,6.110758304595947,17113,The Ballad of Jack and Rose,43
Drama,6.110690116882324,51942,I Married a Strange Person!,12
Drama,6.110690116882324,361475,Departure,12
Drama,6.110678195953369,10390,For Love of the Game,88
Drama,6.110591888427734,18840,The White Countess,21
Drama,6.110516548156738,14256,Winter Passing,28
Drama,6.110402584075928,1909,Don Juan DeMarco,183
Drama,6.110315799713135,10534,White Squall,86
Drama,6.10998010635376,2428,The Greatest Story Ever Told,41
Drama,6.109941005706787,10935,Heaven's Gate,55
Drama,6.109941005706787,19344,Loving Annabelle,55
Drama,6.10991907119751,43090,Gunless,27
Drama,6.10991907119751,48309,Prison,27
Drama,6.109769821166992,14392,The Warlords,83
Drama,6.10966682434082,13856,Special,32
Drama,6.109367370605469,16857,The Dangerous Lives of Altar Boys,53
Drama,6.109098434448242,62676,Limbo,17
Drama,6.1090803146362305,15670,Madea Goes to Jail,52
Drama,6.1090803146362305,22556,The Yellow Handkerchief,52
Drama,6.108719348907471,11876,The Horseman on the Roof,25
Drama,6.108643054962158,15301,Twilight Zone: The Movie,161
Drama,6.1084136962890625,35691,Letters to God,37
Drama,6.108218193054199,370980,Chiamatemi Francesco - Il Papa della gente,12
Drama,6.10817813873291,20360,Namastey London,29
Drama,6.10816764831543,12612,Freeze Frame,18
Drama,6.108118057250977,32235,Northfork,24
Drama,6.107679843902588,19644,Silmido,28
Drama,6.107679843902588,29146,Charly,28
Drama,6.1076340675354,330770,Evolution,47
Drama,6.107402801513672,12117,Instinct,146
Drama,6.107356548309326,36334,Deadline - U.S.A.,17
Drama,6.107314109802246,52032,My Dog Tulip,9
Drama,6.1072306632995605,14823,London to Brighton,34
Drama,6.107034683227539,17345,Flywheel,19
Drama,6.1069111824035645,25636,Jesus' Son,22
Drama,6.106802940368652,12920,Dreamer: Inspired By a True Story,67
Drama,6.106642246246338,10611,Barbershop,137
Drama,6.106642246246338,60309,The Conspirator,137
Drama,6.106614589691162,9452,Bulworth,66
Drama,6.1065568923950195,9515,The Matador,136
Drama,6.106325626373291,43884,The Charge of the Light Brigade,18
Drama,6.106306076049805,26306,Prefontaine,21
Drama,6.10621452331543,73873,Albert Nobbs,132
Drama,6.106173992156982,29912,The Robe,42
Drama,6.1060404777526855,206197,The Sisterhood of Night,31
Drama,6.105782508850098,26320,Taking Woodstock,127
Drama,6.105676651000977,20862,Smoke Signals,24
Drama,6.105434417724609,5172,The Astronaut Farmer,123
Drama,6.105284690856934,14914,Flash of Genius,59
Drama,6.105173110961914,47692,Felicia's Journey,23
Drama,6.105160713195801,14631,The Work and the Glory II: American Zion,6
Drama,6.104902744293213,22600,Gangster's Paradise: Jerusalema,16
Drama,6.104902744293213,29406,Trucker,16
Drama,6.1048431396484375,41508,Fateless,28
Drama,6.104818820953369,2577,Code 46,116
Drama,6.104818820953369,13497,Drumline,116
Drama,6.104516983032227,16005,The Lucky Ones,55
Drama,6.10451078414917,112430,The Company,12
Drama,6.104442119598389,14290,Better Luck Tomorrow,27
Drama,6.1044020652771,18292,George Washington,36
Drama,6.104373931884766,17707,Brokedown Palace,111
Drama,6.104104518890381,2447,The Nativity Story,35
Drama,6.104104518890381,96399,For Greater Glory - The True Story of Cristiada,35
Drama,6.104094505310059,45791,When Did You Last See Your Father?,13
Drama,6.103872776031494,39851,Clean,17
Drama,6.103806495666504,8359,Kit Kittredge: An American Girl,34
Drama,6.103806495666504,16358,Eulogy,34
Drama,6.103638172149658,14293,Poolhall Junkies,25
Drama,6.103587627410889,29463,Krush Groove,11
Drama,6.103587627410889,33430,Twin Falls Idaho,11
Drama,6.103587627410889,49471,Get on the Bus,11
Drama,6.1031494140625,26379,Paa,19
Drama,6.1031494140625,29461,Soul Food,19
Drama,6.102962017059326,11404,Driving Lessons,47
Drama,6.102962017059326,41823,Mo' Better Blues,47
Drama,6.102909088134766,227975,Futuro Beach,31
Drama,6.102829933166504,13990,The Wackness,94
Drama,6.102774143218994,426469,Growing Up Smith,7
Drama,6.102766036987305,17795,My Fellow Americans,46
Drama,6.102766036987305,24137,An Ideal Husband,46
Drama,6.102644920349121,2575,The Tailor of Panama,92
Drama,6.102608680725098,318850,The Young Messiah,30
Drama,6.102453708648682,47452,Love and Death on Long Island,11
Drama,6.1023077964782715,28932,F.I.S.T.,29
Drama,6.102131366729736,13898,The Circle,17
Drama,6.102035045623779,16651,The Other Side of Heaven,14
Drama,6.101779937744141,13075,Sherrybaby,41
Drama,6.1016387939453125,24985,The Heart of Me,5
Drama,6.1016154289245605,12271,Factory Girl,81
Drama,6.101436138153076,361505,Me You and Five Bucks,2
Drama,6.101419925689697,46989,Blue Car,13
Drama,6.101400852203369,7301,Lonesome Jim,26
Drama,6.101382732391357,9089,Home for the Holidays,39
Drama,6.101382732391357,26618,Clay Pigeons,39
Drama,6.1012067794799805,55306,Ulee's Gold,19
Drama,6.101097583770752,1123,Catch a Fire,25
Drama,6.101097583770752,17734,Thirteen Conversations About One Thing,25
Drama,6.101097583770752,25520,The House of Mirth,25
Drama,6.1008524894714355,4997,Wonderland,73
Drama,6.100808143615723,45138,Machine Gun McCain,6
Drama,6.1007981300354,266102,Desert Dancer,18
Drama,6.100783824920654,26518,Old Joy,36
Drama,6.100783824920654,27759,55 Days at Peking,36
Drama,6.100600242614746,46849,Eye of the Dolphin,7
Drama,6.100598335266113,44413,The Holy Girl,10
Drama,6.100488662719727,18701,Being Julia,23
Drama,6.10038948059082,39269,Out of the Blue,17
Drama,6.100369930267334,1956,Gerry,68
Drama,6.100185394287109,48217,The Widow of Saint-Pierre,11
Drama,6.100183486938477,18516,Adam Resurrected,22
Drama,6.100183486938477,40494,Trapeze,22
Drama,6.100175380706787,11564,Class of 1984,66
Drama,6.099980354309082,9686,New York Stories,64
Drama,6.099979877471924,10219,Snow Falling on Cedars,32
Drama,6.099979877471924,14757,Osama,32
Drama,6.099979877471924,15237,De-Lovely,32
Drama,6.099979400634766,69848,One Man's Hero,2
Drama,6.09988260269165,20391,Paint Your Wagon,63
Drama,6.0998759269714355,37232,Travellers and Magicians,9
Drama,6.0998759269714355,64499,Quinceañera,7
Drama,6.099777698516846,53256,Three,31
Drama,6.099575519561768,39800,Life During Wartime,30
Drama,6.099575519561768,42222,Julia,30
Drama,6.099575519561768,56601,The Perfect Game,30
Drama,6.099568843841553,42618,Sweet Charity,15
Drama,6.099566459655762,139998,Supporting Characters,10
Drama,6.099372386932373,12410,Good,29
Drama,6.099372386932373,25350,Imaginary Heroes,29
Drama,6.099148273468018,16653,The Singles Ward,4
Drama,6.0989460945129395,29262,The House of Sand,9
Drama,6.09894323348999,26665,Aberdeen,6
Drama,6.09894323348999,231617,"Signed, Sealed, Delivered",6
Drama,6.098761558532715,14582,Passchendaele,26
Drama,6.098761558532715,24071,Mumford,26
Drama,6.098761558532715,42151,Down Terrace,26
Drama,6.098692893981934,10269,Yentl,51
Drama,6.098628044128418,78705,Live-In Maid,3
Drama,6.098556995391846,22597,The Broken Hearts Club: A Romantic Comedy,25
Drama,6.098351955413818,13197,10th & Wolf,24
Drama,6.098351955413818,24664,Bamboozled,24
Drama,6.098351955413818,176124,Home Run,24
Drama,6.098331451416016,31306,Crazy in Alabama,12
Drama,6.098321437835693,37028,The Magic Flute,6
Drama,6.098317623138428,26791,Brigham City,4
Drama,6.09831428527832,88641,There Goes My Baby,2
Drama,6.09829044342041,11889,Iris,47
Drama,6.098172187805176,50620,The Twilight Saga: Breaking Dawn - Part 2,2553
Drama,6.098146438598633,16388,The Brothers McMullen,23
Drama,6.098146438598633,50035,Lovely & Amazing,23
Drama,6.098087787628174,62008,Good Deeds,45
Drama,6.098028659820557,44770,The Exploding Girl,15
Drama,6.098016738891602,7504,Earth,9
Drama,6.098016738891602,63020,The Perez Family,9
Drama,6.097940921783447,44594,Barry Munday,22
Drama,6.097917556762695,13579,The Longshots,11
Drama,6.097884178161621,8435,A Cock and Bull Story,43
Drama,6.097783088684082,286565,Paper Towns,1937
Drama,6.097782135009766,1590,Copying Beethoven,42
Drama,6.097782135009766,34723,The Adventures of Huck Finn,42
Drama,6.097718238830566,19848,The Players Club,14
Drama,6.0977020263671875,34941,The Last Time I Committed Suicide,7
Drama,6.0977020263671875,37532,Slam,7
Drama,6.0976996421813965,25379,The Blue Butterfly,6
Drama,6.0976996421813965,46729,Fetching Cody,6
Drama,6.0976996421813965,65749,Tango,6
Drama,6.09758996963501,9615,The Fast and the Furious: Tokyo Drift,1705
Drama,6.0975775718688965,31908,Ghosts of Mississippi,40
Drama,6.097527980804443,2211,Aimee & Jaguar,20
Drama,6.097502708435059,20322,The Brothers,10
Drama,6.097502708435059,54897,The Grace Card,10
Drama,6.097497463226318,269057,Bang Bang Baby,8
Drama,6.097410202026367,136797,Need for Speed,1520
Drama,6.097407341003418,137347,Closer to the Moon,13
Drama,6.09737491607666,78373,"Dancer, Texas Pop. 81",1
Drama,6.097372055053711,15624,Conversations with Other Women,38
Drama,6.097273826599121,40920,The Business of Fancydancing,2
Drama,6.097269058227539,11600,Redacted,37
Drama,6.097269058227539,60422,Another Happy Day,37
Drama,6.097166061401367,542,The Crime of Padre Amaro,36
Drama,6.097062587738037,26268,Harper,35
Drama,6.097034454345703,65086,The Woman in Black,1206
Drama,6.096977233886719,19052,Light It Up,7
Drama,6.096977233886719,49963,Walking and Talking,7
Drama,6.096977233886719,83588,Middle of Nowhere,7
Drama,6.096958637237549,32395,The Greatest,34
Drama,6.0968546867370605,18712,Sands of Iwo Jima,33
Drama,6.09678840637207,77930,Magic Mike,1040
Drama,6.096750736236572,186935,Heli,32
Drama,6.096750736236572,266034,The Blue Room,32
Drama,6.096722602844238,10947,High School Musical,1000
Drama,6.0966973304748535,25113,The Four Seasons,16
Drama,6.096670150756836,55604,Boom Town,8
Drama,6.096636772155762,664,Twister,950
Drama,6.096499443054199,9032,Big Daddy,875
Drama,6.096437454223633,13649,High School Musical 2,843
Drama,6.096332550048828,22649,A Farewell to Arms,28
Drama,6.0962910652160645,9315,Flightplan,772
Drama,6.096286773681641,77866,Contraband,770
Drama,6.096279621124268,37206,A Shine of Rainbows,14
Drama,6.096278190612793,7220,The Punisher,766
Drama,6.096227169036865,53113,One True Thing,27
Drama,6.096157073974609,35219,The Missing Person,9
Drama,6.096157073974609,39541,Stolen Summer,9
Drama,6.096133232116699,5900,The Dress,3
Drama,6.096133232116699,13518,Fuel,3
Drama,6.096133232116699,17044,The Land Girls,3
Drama,6.096133232116699,20520,The Motel,3
Drama,6.096133232116699,55903,Betty Fisher and Other Stories,3
Drama,6.096121788024902,27983,"Yours, Mine and Ours",26
Drama,6.096121788024902,36739,School Daze,26
Drama,6.096036911010742,619,The Bodyguard,661
Drama,6.0960164070129395,39780,Oscar and Lucinda,25
Drama,6.0958428382873535,60400,The Blue Bird,8
Drama,6.095834255218506,52790,The Basket,6
Drama,6.095795631408691,41283,Faster,568
Drama,6.095592021942139,28029,A Walk on the Moon,21
Drama,6.095592021942139,41144,To Save A Life,21
Drama,6.0955095291137695,55831,Boynton Beach Club,3
Drama,6.0955095291137695,250184,Locker 13,3
Drama,6.095485210418701,18206,Alone With Her,20
Drama,6.095438480377197,22913,24 7: Twenty Four Seven,10
Drama,6.095410346984863,56930,Tycoon,4
Drama,6.095410346984863,158895,This Is Martin Bonner,4
Drama,6.095378398895264,22256,Without Limits,19
Drama,6.095317363739014,38357,Morning Glory,412
Drama,6.095291614532471,99826,The Jimmy Show,1
Drama,6.095291614532471,108346,Dreaming of Joseph Lees,1
Drama,6.095291614532471,161795,Déjà Vu,1
Drama,6.095227241516113,14834,Not Easily Broken,9
Drama,6.095212459564209,14608,Partition,6
Drama,6.095212459564209,104896,A Dog Of Flanders,6
Drama,6.0951924324035645,19615,Flying By,2
Drama,6.0951924324035645,91721,Nothing But a Man,2
Drama,6.095163822174072,22314,In Too Deep,17
Drama,6.095057964324951,3536,U-571,340
Drama,6.095056533813477,25388,March or Die,16
Drama,6.095015525817871,15013,Wah-Wah,8
Drama,6.095015525817871,33693,Funny Ha Ha,8
Drama,6.09500789642334,9621,Elizabethtown,327
Drama,6.094995021820068,289180,H.,4
Drama,6.094976425170898,8999,Derailed,319
Drama,6.094948768615723,24055,The Puffy Chair,15
Drama,6.094948768615723,86549,August,15
Drama,6.094921112060547,2637,The Mothman Prophecies,305
Drama,6.094908714294434,535,Flashdance,302
Drama,6.0948967933654785,9922,The Postman,299
Drama,6.094892501831055,2116,Out of Time,298
Drama,6.094876289367676,60599,Arbitrage,294
Drama,6.0948638916015625,111190,Adore,291
Drama,6.094803333282471,91076,Illuminata,7
Drama,6.09475040435791,8665,K-19: The Widowmaker,264
Drama,6.094732284545898,51384,"Lovely, Still",13
Drama,6.094732284545898,62116,Mozart's Sister,13
Drama,6.094579219818115,294086,Tiger Orange,4
Drama,6.094579219818115,312113,Black November,4
Drama,6.094540596008301,82532,"Jeff, Who Lives at Home",217
Drama,6.094515323638916,9916,The Last Sin Eater,11
Drama,6.094515323638916,55123,Tumbleweeds,11
Drama,6.094515323638916,318040,Bizarre,11
Drama,6.094508171081543,41479,The Joneses,210
Drama,6.094489097595215,9573,Blood Work,206
Drama,6.094484329223633,2275,The General's Daughter,205
Drama,6.094479560852051,10052,Dragonfly,204
Drama,6.094383239746094,11560,High Crimes,184
Drama,6.094377517700195,358451,A Tale of Three Cities,5
Drama,6.0943684577941895,9962,The Good Girl,181
Drama,6.094297409057617,21801,The Slaughter Rule,9
Drama,6.094297409057617,253253,Animals,9
Drama,6.094297409057617,347764,Goddess of Love,9
Drama,6.094277858734131,14976,Rachel Getting Married,163
Drama,6.094250202178955,116584,Valley of the Heart's Delight,1
Drama,6.094174385070801,10523,W.,143
Drama,6.094152927398682,15070,Undisputed,139
Drama,6.094151973724365,25428,I Love Your Work,2
Drama,6.094151973724365,113464,Inchon,2
Drama,6.094120979309082,39053,Cyrus,133
Drama,6.094060897827148,15037,Can't Hardly Wait,122
Drama,6.093999862670898,507,Killing Zoe,111
Drama,6.09398889541626,9422,A Civil Action,109
Drama,6.09398889541626,184341,Hands of Stone,109
Drama,6.093977451324463,13688,CJ7,107
Drama,6.093950271606445,27455,Foolish,3
Drama,6.093932151794434,38093,Just Wright,99
Drama,6.09391450881958,7515,London,96
Drama,6.093903064727783,9440,Primary Colors,94
Drama,6.093868255615234,1931,Stomp the Yard,88
Drama,6.093868255615234,13079,The Life Before Her Eyes,88
Drama,6.093856334686279,44754,Margaret,86
Drama,6.093856334686279,208869,Plastic,86
Drama,6.093832969665527,8988,Stop-Loss,82
Drama,6.0938029289245605,2370,Topaz,77
Drama,6.09377908706665,9813,The Quiet,73
Drama,6.093742847442627,1546,Thumbsucker,67
Drama,6.093742847442627,2621,Return to Me,67
Drama,6.093742847442627,12637,"New York, New York",67
Drama,6.093735694885254,281230,Fort McCoy,2
Drama,6.093705654144287,17880,Because of Winn-Dixie,61
Drama,6.093674659729004,14112,Auto Focus,56
Drama,6.093649864196777,14012,Flicka,52
Drama,6.093624591827393,16072,Gods and Generals,48
Drama,6.093618392944336,63287,The Poker House,47
Drama,6.093599319458008,15256,200 Cigarettes,44
Drama,6.093586444854736,14395,Kabhi Alvida Naa Kehna,42
Drama,6.093560695648193,2895,The Apostle,38
Drama,6.093560695648193,8060,Married Life,38
Drama,6.09353494644165,14758,Good Dick,34
Drama,6.09353494644165,66942,Griff the Invisible,34
Drama,6.0935282707214355,17202,Why Did I Get Married?,33
Drama,6.093488693237305,14544,Roll Bounce,27
Drama,6.093488693237305,45153,Eve's Bayou,27
Drama,6.0934624671936035,24363,House of D,23
Drama,6.093435764312744,22301,Hell's Angels,19
Drama,6.093421936035156,49081,The Rocket: The Legend of Rocket Richard,17
Drama,6.093408584594727,14120,End of the Spear,15
Drama,6.093408584594727,39563,The Eclipse,15
Drama,6.093388080596924,15005,One Night with the King,12
Drama,6.093388080596924,22479,Kansas City,12
Drama,6.093367576599121,61337,Critical Care,9
Drama,6.093360900878906,40769,Mutual Appreciation,8
Drama,6.093354225158691,15699,Opal Dream,7
Drama,6.093354225158691,25212,Deterrence,7
Drama,6.093354225158691,31668,All The Queen's Men,7
Drama,6.093354225158691,36046,The Work and the Glory,7
Drama,6.093354225158691,56666,Fiza,7
Drama,6.093347072601318,41830,The Party's Over,6
Drama,6.093305587768555,43743,Fabled,0
Drama,6.093305587768555,46252,Rust,0
Drama,6.093305587768555,79587,Four Single Fathers,0
Drama,6.093305587768555,113406,Should've Been Romeo,0
Drama,6.093305587768555,119657,El Rey de Najayo,0
Drama,6.093305587768555,146269,The Young Unknowns,0
Drama,6.093305587768555,146882,Elza,0
Drama,6.093305587768555,287625,Stories of Our Lives,0
Drama,6.093305587768555,288927,Archaeology of a Woman,0
Drama,6.093305587768555,295914,Queen of the Mountains,0
Drama,6.093305587768555,302579,Naturally Native,0
Drama,6.093305587768555,310706,Black Water Transit,0
Drama,6.093305587768555,324352,Anderson's Cross,0
Drama,6.093305587768555,344466,The World Is Mine,0
Drama,6.093305587768555,354624,Heroes of Dirt,0
Drama,6.093305587768555,355629,The Blade of Don Juan,0
Drama,6.093305587768555,361398,Theresa Is a Mother,0
Drama,6.093305587768555,364083,Mi America,0
Drama,6.093305587768555,366967,Dutch Kills,0
Drama,6.093305587768555,378237,Amidst the Devil's Wings,0
Drama,6.093305587768555,395766,The Secret,0
Drama,6.093305587768555,433715,8 Days,0
Drama,6.093208312988281,124606,Bang,1
Drama,6.093208312988281,294600,Last I Heard,1
Drama,6.093208312988281,385636,Juliet and Alfa Romeo,1
Drama,6.093111515045166,30082,Forty Shades of Blue,2
Drama,6.093111515045166,38428,"Gandhi, My Father",2
Drama,6.093111515045166,42109,Gabriela,2
Drama,6.093111515045166,72913,Amigo,2
Drama,6.093111515045166,125263,Broken Vessels,2
Drama,6.093111515045166,182291,On The Downlow,2
Drama,6.093014717102051,55180,The Last Big Thing,3
Drama,6.0929999351501465,41317,Caravans,1
Drama,6.0929179191589355,36549,Yesterday Was a Lie,4
Drama,6.0928215980529785,41894,Blood Done Sign My Name,5
Drama,6.092695236206055,20406,Rockaway,2
Drama,6.092533588409424,43306,A Guy Named Joe,8
Drama,6.092438220977783,29697,Faith Like Potatoes,9
Drama,6.092438220977783,42497,Pink Narcissus,9
Drama,6.092342853546143,57022,Sunshine State,10
Drama,6.092247486114502,16433,Grand Theft Parsons,11
Drama,6.092247486114502,24973,The Egyptian,11
Drama,6.092166900634766,25784,Journey from the Fall,1
Drama,6.092166900634766,67373,This Thing of Ours,1
Drama,6.092166900634766,215918,1982,1
Drama,6.092166900634766,270554,Echo Dr.,1
Drama,6.092166900634766,408429,Perfect Cowboy,1
Drama,6.092103481292725,78307,On the Outs,6
Drama,6.092087268829346,39055,Free Style,4
Drama,6.092087268829346,43610,The Valley of Decision,4
Drama,6.092079162597656,96534,My Last Day Without You,3
Drama,6.092070579528809,24034,Teacher's Pet,2
Drama,6.092070579528809,26916,Mercy Streets,2
Drama,6.092070579528809,185465,Manito,2
Drama,6.092070579528809,306667,Horse Camp,2
Drama,6.091904640197754,25312,Yes,7
Drama,6.0917840003967285,100975,Just Looking,5
Drama,6.0917744636535645,62255,Tracker,16
Drama,6.091680526733398,15568,Gracie,17
Drama,6.091654300689697,281730,Fugly,2
Drama,6.091455459594727,37694,Proud,3
Drama,6.091399192810059,41469,Next Stop Wonderland,20
Drama,6.091310501098633,7547,Come Early Morning,10
Drama,6.091310501098633,84197,Filly Brown,10
Drama,6.091306209564209,5178,The Good Heart,21
Drama,6.091306209564209,39845,Love Ranch,21
Drama,6.091256618499756,157909,Show Me,4
Drama,6.091213226318359,14778,Last Orders,22
Drama,6.091125011444092,73511,The Californians,1
Drama,6.091030120849609,81220,Everything Put Together,2
Drama,6.09102725982666,9700,The Lost City,24
Drama,6.09102725982666,33644,How Stella Got Her Groove Back,24
Drama,6.09102725982666,206284,Grace Unplugged,24
Drama,6.090878963470459,226354,The Christmas Candle,8
Drama,6.090831756591797,38717,Madison,3
Drama,6.090831756591797,52462,The Pet,3
Drama,6.090831756591797,115872,The Chambermaid on the Titanic,3
Drama,6.090750694274902,25208,The Caveman's Valentine,27
Drama,6.090746879577637,36584,Interview with the Assassin,5
Drama,6.090578556060791,288980,Freedom,9
Drama,6.090455532073975,77934,The Christmas Bunny,7
Drama,6.090425968170166,89540,The Other Conquest,4
Drama,6.090384006500244,6016,The Good Thief,31
Drama,6.090384006500244,44638,The Tempest,31
Drama,6.090292453765869,13960,ATL,32
Drama,6.090238571166992,23655,Groove,6
Drama,6.090238571166992,166624,Treading Water,6
Drama,6.090201377868652,17277,The Fall of the Roman Empire,33
Drama,6.090133190155029,42345,The Molly Maguires,16
Drama,6.090083122253418,118452,"First Love, Last Rites",1
Drama,6.090083122253418,263503,Water & Power,1
Drama,6.090010166168213,30246,Civil Brand,4
Drama,6.090010166168213,47534,Fighting Tommy Riley,4
Drama,6.08998966217041,40880,Pandaemonium,2
Drama,6.089896202087402,44634,Woman Thou Art Loosed,3
Drama,6.089896202087402,78814,We Have Your Husband,3
Drama,6.089896202087402,280871,Ramanujan,3
Drama,6.0897440910339355,10844,Out of the Blue,18
Drama,6.0896806716918945,12838,One to Another,12
Drama,6.0896806716918945,22488,Love's Abiding Joy,12
Drama,6.089648723602295,20065,Purple Violets,9
Drama,6.089648723602295,42819,The City of Your Final Destination,9
Drama,6.089569568634033,20764,Sleep Dealer,40
Drama,6.089569568634033,26367,I Can Do Bad All By Myself,40
Drama,6.089569568634033,37737,Kites,40
Drama,6.089390754699707,159770,The Dirties,42
Drama,6.089272499084473,70687,The Sticky Fingers of Time,3
Drama,6.08924674987793,10930,The Flower of Evil,10
Drama,6.089085102081299,29078,The Game of Their Lives,14
Drama,6.089085102081299,184374,Cinco de Mayo: La Batalla,14
Drama,6.089041709899902,326576,Dawn of the Crescent Moon,1
Drama,6.089006423950195,26837,B-Girl,7
Drama,6.088960647583008,57943,The Love Letter,3
Drama,6.088778018951416,41488,The Statement,23
Drama,6.088764190673828,32222,American Desi,4
Drama,6.088718891143799,62677,Songcatcher,9
Drama,6.088681697845459,18191,Edmond,50
Drama,6.088672161102295,75033,Winnie Mandela,5
Drama,6.088492393493652,175541,Black Nativity,16
Drama,6.088373184204102,394047,The Dog Lover,6
Drama,6.088348865509033,28666,The Woman Chaser,4
Drama,6.088336944580078,66025,Mooz-lum,3
Drama,6.088281631469727,63006,Dum Maaro Dum,7
Drama,6.088214874267578,41248,The Girl on the Train,10
Drama,6.088214874267578,47889,Ruby in Paradise,10
Drama,6.088214874267578,157293,ABCD (Any Body Can Dance),10
Drama,6.088202953338623,39437,Beloved,26
Drama,6.088070869445801,40247,Please Give,57
Drama,6.088045120239258,29371,The Incredibly True Adventure of Two Girls In Love,13
Drama,6.088012218475342,45054,There Be Dragons,27
Drama,6.0879998207092285,10914,All Hat,1
Drama,6.087933540344238,40185,Camping Sauvage,4
Drama,6.087933540344238,47502,Faithful,4
Drama,6.087933540344238,68412,3 Backyards,4
Drama,6.087933540344238,125052,Hurricane Streets,4
Drama,6.087901592254639,13072,Brooklyn Rules,18
Drama,6.087897777557373,9709,My Summer of Love,59
Drama,6.087789058685303,41730,Desert Blue,9
Drama,6.087751388549805,38415,Bran Nue Dae,6
Drama,6.087607383728027,30309,Real Women Have Curves,19
Drama,6.087569713592529,18869,Jimmy and Judy,8
Drama,6.087569713592529,29996,Solomon and Sheba,8
Drama,6.087553977966309,375950,The Country Doctor,63
Drama,6.087441921234131,13132,All the Real Girls,30
Drama,6.087401390075684,211086,Faith Connections,3
Drama,6.0872483253479,36351,Light Sleeper,15
Drama,6.087212562561035,11062,City Hall,67
Drama,6.087129592895508,27329,The Legend of Suriyothai,6
Drama,6.087102890014648,75986,Love Letters,4
Drama,6.087042808532715,15198,"Mystery, Alaska",69
Drama,6.086851119995117,16351,Ararat,16
Drama,6.086851119995117,44490,Chuck & Buck,16
Drama,6.086832523345947,46727,Speedway Junky,7
Drama,6.086727619171143,37842,Wild Grass,22
Drama,6.086707592010498,55561,Clockwatchers,13
Drama,6.0866875648498535,69640,Lies in Plain Sight,4
Drama,6.086597442626953,138976,Treachery,5
Drama,6.08645486831665,215924,The Amazing Catfish,17
Drama,6.086435794830322,5759,Baghead,23
Drama,6.086370468139648,16781,Madea's Family Reunion,77
Drama,6.086078643798828,112456,Hardflip,5
Drama,6.085973262786865,135595,Trade Of Innocents,12
Drama,6.085856914520264,66468,N-Secure,4
Drama,6.085856914520264,94072,Straight Out of Brooklyn,4
Drama,6.085856914520264,110683,The Wicked Lady,4
Drama,6.085853576660156,98369,Blue Like Jazz,25
Drama,6.085842132568359,34099,Brave New Girl,3
Drama,6.085664749145508,31064,The Business of Strangers,19
Drama,6.085563659667969,11308,The Hotel New Hampshire,26
Drama,6.085560321807861,61038,Go for It!,5
Drama,6.085381507873535,27569,Extraordinary Measures,89
Drama,6.085300445556641,2290,Jakob the Liar,90
Drama,6.085273742675781,14474,The Oh in Ohio,27
Drama,6.085273742675781,356987,Abandoned,27
Drama,6.085270881652832,14652,Bon voyage,20
Drama,6.085270881652832,30128,I Hope They Serve Beer in Hell,20
Drama,6.085264205932617,43839,Alexander's Ragtime Band,6
Drama,6.085010051727295,14799,For Your Consideration,43
Drama,6.085000038146973,15059,The Loss of Sexual Innocence,9
Drama,6.085000038146973,45767,Time Changer,9
Drama,6.0849761962890625,6217,Cat People,94
Drama,6.0849761962890625,45324,Casino Jack,94
Drama,6.08482551574707,42807,The Newton Boys,44
Drama,6.084768772125244,44857,Molly,14
Drama,6.084734916687012,19457,The Yards,97
Drama,6.084712982177734,21413,The Battle of Shaker Heights,17
Drama,6.084712982177734,44853,The Claim,17
Drama,6.084696292877197,407887,Operation Chromite,29
Drama,6.08464241027832,74457,Redemption Road,6
Drama,6.084641456604004,230266,Miss Julie,45
Drama,6.084309101104736,46889,Living Out Loud,11
Drama,6.0840911865234375,15556,At First Sight,48
Drama,6.084086894989014,20055,The Betrayed,10
Drama,6.084086894989014,77332,Urbania,10
Drama,6.084086894989014,87729,Jefferson in Paris,10
Drama,6.084003925323486,345003,10 Days in a Madhouse,5
Drama,6.083834648132324,10368,Tea with Mussolini,32
Drama,6.083726406097412,9302,Up Close & Personal,50
Drama,6.083722114562988,360339,Eden,19
Drama,6.0836262702941895,9466,Celebrity,111
Drama,6.083569049835205,18777,Slow Burn,16
Drama,6.0834856033325195,133575,The Velocity of Gary,5
Drama,6.0834856033325195,308467,Roadside,5
Drama,6.083433151245117,42586,Darling Lili,8
Drama,6.083433151245117,65448,Penitentiary,8
Drama,6.083433151245117,153397,Restless,8
Drama,6.083363056182861,103370,Madea's Witness Protection,52
Drama,6.08331298828125,4657,Jindabyne,25
Drama,6.083227634429932,31166,I Come with the Rain,20
Drama,6.083035469055176,62402,Guiana 1838,3
Drama,6.083001136779785,30943,The Deep End of the Ocean,54
Drama,6.082775115966797,14709,Varsity Blues,122
Drama,6.082693576812744,88036,Sparkle,36
Drama,6.082640171051025,10333,The Prince of Tides,56
Drama,6.082640171051025,22215,Cheri,56
Drama,6.082640171051025,31582,Flawless,56
Drama,6.08262825012207,45881,The Bridge of San Luis Rey,15
Drama,6.082394123077393,11702,The Replacement Killers,127
Drama,6.082394123077393,13973,Choke,127
Drama,6.082281112670898,1415,Party Monster,58
Drama,6.082091808319092,38780,Rampage,131
Drama,6.082022666931152,319910,Broken Horses,10
Drama,6.081929683685303,59930,The Inkwell,5
Drama,6.081923484802246,13074,Resurrecting the Champ,60
Drama,6.0817790031433105,24747,Bobby Jones: Stroke of Genius,19
Drama,6.0817790031433105,39141,Tadpole,19
Drama,6.08156156539917,82631,Won't Back Down,40
Drama,6.081389427185059,7870,Down in the Valley,63
Drama,6.081357955932617,24356,Masked and Anonymous,13
Drama,6.081357955932617,39349,Sugar Hill,13
Drama,6.081035137176514,13937,Raising Cain,65
Drama,6.080989837646484,18886,Flight of the Intruder,31
Drama,6.08095121383667,16110,Thomas and the Magic Railroad,8
Drama,6.080907344818115,299145,Stranded,11
Drama,6.0808587074279785,9729,Where the Truth Lies,66
Drama,6.0808587074279785,21349,Anywhere But Here,66
Drama,6.080591678619385,39833,Love Me Tender,21
Drama,6.080438613891602,38970,"Remember Me, My Love",44
Drama,6.080310344696045,11818,Valley of the Wolves: Iraq,7
Drama,6.080179214477539,9991,Mean Machine,157
Drama,6.0801591873168945,79777,In the Land of Blood and Honey,45
Drama,6.079793930053711,34697,Butterfly,12
Drama,6.079773426055908,1424,November,11
Drama,6.079548358917236,21074,Brick Lane,15
Drama,6.079456806182861,28005,Kama Sutra - A Tale of Love,35
Drama,6.079421520233154,25786,Samantha: An American Girl Holiday,9
Drama,6.079310894012451,51995,Salvation Boulevard,28
Drama,6.079284191131592,12220,The Story of Us,75
Drama,6.079185962677002,190955,Blood Ties,171
Drama,6.079075336456299,2088,Romeo Is Bleeding,36
Drama,6.079047679901123,50497,When the Lights Went Out,49
Drama,6.07904577255249,37414,The Killer Inside Me,173
Drama,6.078861236572266,244776,The Sleepwalker,7
Drama,6.078861236572266,248402,A Fine Step,7
Drama,6.078819751739502,18828,Double Take,24
Drama,6.078690052032471,21311,I Dreamed of Africa,18
Drama,6.078646183013916,12183,The Wendell Baker Story,16
Drama,6.078646183013916,376004,Adulterers,16
Drama,6.078495025634766,9930,Legal Eagles,51
Drama,6.078421592712402,45272,Country Strong,80
Drama,6.078341960906982,14578,Outside Providence,30
Drama,6.078249931335449,9770,Mad City,81
Drama,6.078219413757324,15644,Paparazzi,52
Drama,6.077944278717041,10632,The Hunted,189
Drama,6.077908039093018,235260,Son of God,83
Drama,6.077894687652588,18475,The Cookout,10
Drama,6.077876567840576,1989,My Blueberry Nights,190
Drama,6.077876567840576,12508,Rock Star,190
Drama,6.0778584480285645,15208,Bathory: Countess of Blood,31
Drama,6.077397346496582,182,The Good German,86
Drama,6.077179908752441,13501,The Good Night,41
Drama,6.0770583152771,109417,Battle of the Year,88
Drama,6.076895236968994,10913,Dear Wendy,33
Drama,6.076847553253174,192210,Open Road,18
Drama,6.076803207397461,17403,How to Deal,42
Drama,6.0766754150390625,10468,28 Days,208
Drama,6.0766754150390625,11983,Proof of Life,208
Drama,6.0766754150390625,39210,Somewhere,208
Drama,6.0766754150390625,45658,Everything Must Go,208
Drama,6.076478481292725,14024,Raise Your Voice,211
Drama,6.076467990875244,48620,The Mighty Macs,15
Drama,6.076378345489502,32456,Two Girls and a Guy,24
Drama,6.07615327835083,4515,Lions for Lambs,216
Drama,6.076086521148682,59728,The 5th Quarter,12
Drama,6.076035499572754,21355,All the Pretty Horses,60
Drama,6.076008319854736,44555,"A Woman, a Gun and a Noodle Shop",13
Drama,6.0760040283203125,13816,Idlewild,17
Drama,6.0759358406066895,62728,Brighton Rock,35
Drama,6.07589054107666,14057,Trust the Man,29
Drama,6.07589054107666,18530,The Cry of the Owl,29
Drama,6.075691223144531,320146,Creative Control,25
Drama,6.075514793395996,58882,Snow Flower and the Secret Fan,22
Drama,6.075514793395996,89325,Darling Companion,22
Drama,6.075510501861572,10589,After the Sunset,226
Drama,6.075494766235352,14429,Drive Me Crazy,62
Drama,6.075494766235352,50601,5 Days of War,62
Drama,6.075364112854004,14877,September Dawn,16
Drama,6.075319766998291,236751,Heaven is for Real,229
Drama,6.075303554534912,38223,Harriet the Spy,46
Drama,6.075224876403809,17182,Eye for an Eye,63
Drama,6.075160503387451,385383,Fight Valley,8
Drama,6.074979782104492,18808,Highway,37
Drama,6.074753761291504,10188,The Sisterhood of the Traveling Pants 2,238
Drama,6.0747270584106445,331592,Listening,31
Drama,6.074697017669678,39806,Princess Kaiulani,14
Drama,6.074687480926514,10187,Swing Vote,65
Drama,6.074687480926514,14849,Dead Like Me: Life After Death,65
Drama,6.074442386627197,133694,Promised Land,243
Drama,6.074163436889648,24575,Raise the Titanic,21
Drama,6.074072360992432,16988,How She Move,6
Drama,6.073766708374023,14351,Crossover,10
Drama,6.07338809967041,27451,Harvard Man,15
Drama,6.073284149169922,38073,Going the Distance,262
Drama,6.073150634765625,40001,Mrs. Winterbourne,25
Drama,6.072990894317627,13201,Deuces Wild,34
Drama,6.072990894317627,18074,Duets,34
Drama,6.072990894317627,31640,Blood and Wine,34
Drama,6.07295560836792,17186,Supercross,29
Drama,6.072926044464111,11892,Murder by Numbers,268
Drama,6.072707653045654,20761,Play It to the Bone,53
Drama,6.0725579261779785,18615,Fur: An Imaginary Portrait of Diane Arbus,73
Drama,6.0723652839660645,323967,Walter,26
Drama,6.072065353393555,65203,The Broadway Melody,19
Drama,6.072031021118164,11065,O,75
Drama,6.072031021118164,25968,Veronika Decides to Die,75
Drama,6.071835041046143,19844,Kiss the Bride,11
Drama,6.071819305419922,75531,Isn't She Great,14
Drama,6.071807384490967,8818,Evita,120
Drama,6.0716986656188965,6963,The Weather Man,289
Drama,6.071641445159912,10185,The Midnight Meat Train,290
Drama,6.071596145629883,193722,R100,31
Drama,6.071331024169922,11191,Mystic Pizza,123
Drama,6.071243762969971,7510,Running with Scissors,78
Drama,6.071239948272705,13490,Welcome Home Roscoe Jenkins,57
Drama,6.071195125579834,8744,Albino Alligator,45
Drama,6.07101583480835,11323,The Informant!,301
Drama,6.070918083190918,71866,Tanner Hall,32
Drama,6.070542812347412,7548,The Libertine,128
Drama,6.070461750030518,9715,Hope Floats,81
Drama,6.070241928100586,182873,Green Street Hooligans: Underground,33
Drama,6.0701470375061035,10822,Savage Grace,60
Drama,6.07007360458374,101173,Coriolanus,131
Drama,6.069917678833008,9275,Death to Smoochy,132
Drama,6.06968355178833,36691,Solitary Man,84
Drama,6.069634437561035,11699,The Bad Lieutenant: Port of Call - New Orleans,326
Drama,6.069296836853027,10013,Peggy Sue Got Married,136
Drama,6.069054126739502,41009,Perrier’s Bounty,24
Drama,6.068787097930908,24206,Silent Trigger,22
Drama,6.068253040313721,9882,The Siege,352
Drama,6.068180084228516,24663,The Open Road,19
Drama,6.068045616149902,172533,Drinking Buddies,356
Drama,6.0679168701171875,300168,Dragon Blade,145
Drama,6.067550182342529,10416,What Planet Are You From?,37
Drama,6.06743049621582,4959,The International,368
Drama,6.06743049621582,8838,Mercury Rising,368
Drama,6.0673346519470215,56491,In Her Line of Fire,9
Drama,6.0672783851623535,18276,Hoot,44
Drama,6.0671772956848145,72358,A Thousand Words,373
Drama,6.067159652709961,10478,Tin Cup,150
Drama,6.067084789276123,58051,Housefull,29
Drama,6.066926002502441,293646,The 33,378
Drama,6.066776275634766,11358,Walking Tall,381
Drama,6.066577434539795,80585,Rock of Ages,385
Drama,6.0661492347717285,14629,Woman on Top,46
Drama,6.066134452819824,22907,Takers,394
Drama,6.0660858154296875,4421,G.I. Jane,395
Drama,6.065838813781738,347126,God's Not Dead 2,72
Drama,6.065793037414551,5822,Sweet Sweetback's Baadasssss Song,18
Drama,6.065591812133789,13569,Thr3e,21
Drama,6.065545558929443,343795,90 Minutes in Heaven,40
Drama,6.065358638763428,354110,Forsaken,101
Drama,6.065356254577637,242083,Hits,23
Drama,6.065130710601807,9095,Mary Reilly,74
Drama,6.0650248527526855,11458,People I Know,48
Drama,6.064879894256592,134371,Atlas Shrugged Part II,41
Drama,6.064858913421631,10425,The Death and Life of Bobby Z,103
Drama,6.064777374267578,2610,Shopgirl,75
Drama,6.0647149085998535,47607,Tiny Furniture,59
Drama,6.064602851867676,174311,All Is Bright,36
Drama,6.064460277557373,273899,Stonewall,32
Drama,6.063877105712891,66767,Beat the World,16
Drama,6.063835144042969,256740,Wicked Blood,37
Drama,6.0638041496276855,327833,Skin Trade,61
Drama,6.06376314163208,11495,Firestarter,173
Drama,6.06355094909668,18126,Hannah Montana: The Movie,449
Drama,6.063191890716553,8007,Behind Enemy Lines,457
Drama,6.063124179840088,334527,Criminal Activities,110
Drama,6.063043117523193,72431,Red Tails,178
Drama,6.063022136688232,11306,Extreme Measures,80
Drama,6.062899589538574,10740,Birth,179
Drama,6.062891483306885,28902,In Dreams,44
Drama,6.062792778015137,196867,Annie,466
Drama,6.062673091888428,6071,Kiss of Death,81
Drama,6.062607765197754,322443,The Timber,15
Drama,6.062471389770508,11431,Fever Pitch,182
Drama,6.062289714813232,15074,Extreme Ops,28
Drama,6.062045574188232,13374,Ice Princess,185
Drama,6.061992168426514,9583,Divine Secrets of the Ya-Ya Sisterhood,65
Drama,6.061881065368652,137321,Winter's Tale,487
Drama,6.06148099899292,4599,Raising Helen,189
Drama,6.061305999755859,256687,Swelter,21
Drama,6.061214447021484,2008,The Promise,29
Drama,6.0607805252075195,1901,In Good Company,194
Drama,6.0600199699401855,18681,Eye of the Beholder,42
Drama,6.060019493103027,9782,The Night Listener,57
Drama,6.05952787399292,199933,Atlas Shrugged Part III: Who is John Galt?,15
Drama,6.059469223022461,309503,Zipper,58
Drama,6.059167385101318,15186,Full Frontal,26
Drama,6.058877468109131,13536,City By The Sea,92
Drama,6.0588555335998535,17127,The Object of My Affection,72
Drama,6.058851718902588,253626,Good Kill,208
Drama,6.058579921722412,8984,Disclosure,210
Drama,6.058529376983643,9895,Man of the Year,129
Drama,6.057967185974121,21301,Barbershop 2:  Back in Business,74
Drama,6.05789041519165,13853,The Clan of the Cave Bear,27
Drama,6.057855606079102,1717,All the King's Men,95
Drama,6.057840824127197,10065,The Amityville Horror,588
Drama,6.057322025299072,1844,Entrapment,602
Drama,6.057277202606201,9034,The Banger Sisters,62
Drama,6.057277202606201,12703,The Brown Bunny,62
Drama,6.05702018737793,251979,The Perfect Wave,21
Drama,6.0568766593933105,70006,Never Back Down 2: The Beatdown,136
Drama,6.056166172027588,21972,Like Mike,100
Drama,6.055474281311035,1248,Hannibal Rising,654
Drama,6.055322647094727,7006,White Noise 2: The Light,80
Drama,6.05487060546875,8090,Untraceable,238
Drama,6.054626941680908,35696,Juwanna Mann,20
Drama,6.054561614990234,14854,Lone Wolf McQuade,67
Drama,6.054483413696289,10592,Hart's War,241
Drama,6.0540337562561035,11130,The Princess Diaries 2: Royal Engagement,697
Drama,6.05402135848999,18041,Gossip,68
Drama,6.053779125213623,17170,"Bright Lights, Big City",28
Drama,6.053164958953857,116613,The Sweeney,109
Drama,6.05294942855835,9989,Antitrust,153
Drama,6.052884101867676,9598,Babe,733
Drama,6.0526909828186035,16222,Whatever It Takes,37
Drama,6.052635192871094,88794,J. Edgar,741
Drama,6.052579879760742,251321,Aloft,41
Drama,6.052417755126953,153795,Straight A's,46
Drama,6.052268981933594,11478,The Skulls,156
Drama,6.0519633293151855,309919,The Curse of Downers Grove,24
Drama,6.051843166351318,5852,Angel Eyes,88
Drama,6.051543712615967,12257,Home Fries,32
Drama,6.051367282867432,13067,In the Land of Women,160
Drama,6.051337242126465,11632,Vanity Fair,73
Drama,6.050865173339844,12596,Pushing Tin,116
Drama,6.050567626953125,235271,Addicted,63
Drama,6.050123691558838,331190,Captive,92
Drama,6.049529552459717,10385,Hanging Up,40
Drama,6.049490928649902,38117,Beastly,849
Drama,6.0488996505737305,46503,All Good Things,286
Drama,6.048577785491943,192102,3 Days to Kill,883
Drama,6.048480033874512,76349,1911,41
Drama,6.048422813415527,4477,The Devil's Own,290
Drama,6.048273086547852,16643,Life or Something Like It,124
Drama,6.048185348510742,13279,Lakeview Terrace,292
Drama,6.047713279724121,49022,Something Borrowed,296
Drama,6.047605514526367,10068,Nine 1/2 Weeks,177
Drama,6.047595500946045,4380,Shall We Dance?,297
Drama,6.046354293823242,4942,Leatherheads,130
Drama,6.045968532562256,6520,First Knight,311
Drama,6.045054912567139,22327,Youth in Revolt,319
Drama,6.044771671295166,10641,Autumn in New York,135
Drama,6.044623851776123,5971,We're No Angels,105
Drama,6.044403076171875,12618,Random Hearts,63
Drama,6.04401969909668,11370,The Musketeer,56
Drama,6.043957710266113,244783,Song One,87
Drama,6.04374361038208,10317,Our Brand Is Crisis,195
Drama,6.04374361038208,215211,Grace of Monaco,195
Drama,6.043532371520996,10207,Message in a Bottle,196
Drama,6.0434160232543945,97370,Under the Skin,1102
Drama,6.043111324310303,2057,Original Sin,198
Drama,6.042919635772705,9623,The Juror,89
Drama,6.042543411254883,271331,United Passions,16
Drama,6.042359828948975,244534,Happy Christmas,58
Drama,6.042130947113037,9842,School for Scoundrels,111
Drama,6.04185676574707,8842,Against the Ropes,32
Drama,6.040205001831055,192134,Dom Hemingway,212
Drama,6.04001522064209,59968,Our Idiot Brother,365
Drama,6.039307594299316,1950,Lucky You,81
Drama,6.03903865814209,252360,In the Name of the King III,19
Drama,6.038965702056885,13389,Righteous Kill,375
Drama,6.0378289222717285,23759,Centurion,386
Drama,6.0360517501831055,290595,The Huntsman: Winter's War,1523
Drama,6.035868167877197,253235,And So It Goes,164
Drama,6.035640716552734,10075,Blood and Chocolate,87
Drama,6.035380840301514,10623,Cradle 2 the Grave,236
Drama,6.035297393798828,25678,American Ninja 2: The Confrontation,49
Drama,6.034416675567627,13159,Georgia Rule,130
Drama,6.034172534942627,10117,Action Jackson,50
Drama,6.033252239227295,10533,The Scarlet Letter,108
Drama,6.0327935218811035,4614,The Sum of All Fears,437
Drama,6.0324625968933105,38031,You Will Meet a Tall Dark Stranger,251
Drama,6.032183647155762,22805,Motherhood,44
Drama,6.032079219818115,12154,Three Men and a Baby,253
Drama,6.031849384307861,1852,World Trade Center,447
Drama,6.031696796417236,9945,Vampires,255
Drama,6.031506061553955,2320,Executive Decision,256
Drama,6.031125545501709,8409,A Man Apart,258
Drama,6.029212951660156,9339,Click,2104
Drama,6.027810573577881,10413,Nowhere to Run,119
Drama,6.027234077453613,28211,Chloe,498
Drama,6.027129173278809,9566,The Fan,194
Drama,6.026656150817871,25769,Carriers,282
Drama,6.026374340057373,15992,Abandon,45
Drama,6.026291370391846,82696,Hope Springs,284
Drama,6.026063919067383,10571,Boys and Girls,103
Drama,6.025575160980225,20697,Ready to Rumble,49
Drama,6.022907257080078,16232,Mr. 3000,66
Drama,6.022907257080078,27588,Forget Me Not,66
Drama,6.022785663604736,254128,San Andreas,2968
Drama,6.0220046043396,11186,Child's Play 2,308
Drama,6.021361351013184,34335,Nine Dead,84
Drama,6.021321773529053,9955,Blades of Glory,569
Drama,6.0202202796936035,41210,The Switch,583
Drama,6.020091533660889,3682,54,135
Drama,6.020091533660889,28665,Fame,135
Drama,6.0199151039123535,17134,12 Rounds,220
Drama,6.018930912017822,20616,Swimfan,70
Drama,6.017178058624268,150202,The Haunting in Connecticut 2: Ghosts of Georgia,175
Drama,6.016823768615723,9849,My Favorite Martian,80
Drama,6.016369342803955,12100,Windtalkers,341
Drama,6.016315937042236,206296,The Last Five Years,143
Drama,6.016080379486084,102362,Dead Man Down,638
Drama,6.015847682952881,64639,Straw Dogs,144
Drama,6.015800952911377,12770,Stealing Harvard,46
Drama,6.015380382537842,1722,Captain Corelli's Mandolin,145
Drama,6.015347003936768,25643,Love Happens,180
Drama,6.014347553253174,20737,Air Bud,106
Drama,6.014184474945068,245846,Strangerland,83
Drama,6.013581275939941,26602,Summer Catch,63
Drama,6.012792587280273,23367,Bandslam,126
Drama,6.0121283531188965,10472,Down to You,70
Drama,6.011719226837158,45649,Rubber,251
Drama,6.011354923248291,13429,Donkey Punch,52
Drama,6.011048316955566,10391,Bless the Child,71
Drama,6.010754108428955,271185,Ask Me Anything,155
Drama,6.010541915893555,49787,The Reef,130
Drama,6.009910583496094,9963,Premonition,381
Drama,6.0095977783203125,252512,While We're Young,383
Drama,6.008355617523193,69668,Dream House,391
Drama,6.0078253746032715,14745,The Haunting of Molly Hartley,48
Drama,6.006138801574707,254024,The Face of an Angel,64
Drama,6.005764484405518,5689,The Blue Lagoon,408
Drama,6.005408763885498,11866,Flight of the Phoenix,276
Drama,6.002712726593018,9676,The Black Dahlia,287
Drama,6.002193927764893,8656,Deep Impact,855
Drama,6.0007500648498535,80271,LOL,881
Drama,5.999898433685303,97614,Deadfall,224
Drama,5.999887943267822,14846,Little Black Book,112
Drama,5.999560832977295,16991,Observe and Report,225
Drama,5.999496936798096,14114,You Got Served,75
Drama,5.996304988861084,314385,By the Sea,156
Drama,5.996301174163818,1620,Hitman,966
Drama,5.995333194732666,27579,The American,481
Drama,5.993986129760742,10025,Just My Luck,491
Drama,5.993719100952148,33909,Wall Street: Money Never Sleeps,493
Drama,5.9936017990112305,17436,The Informers,60
Drama,5.991477012634277,44603,Hereafter,510
Drama,5.990781307220459,351043,Amnesiac,52
Drama,5.990652084350586,10696,Glitter,38
Drama,5.9896559715271,15648,The Perfect Man,203
Drama,5.988839626312256,8944,What Just Happened,127
Drama,5.9877705574035645,11804,White Noise,261
Drama,5.987557888031006,4597,Armored,208
Drama,5.9869513511657715,137094,Jack Ryan: Shadow Recruit,1173
Drama,5.986624717712402,373314,Misconduct,149
Drama,5.9865031242370605,11152,The Ruins,265
Drama,5.986176013946533,59861,Larry Crowne,359
Drama,5.9857497215271,9310,American Dreamz,95
Drama,5.985663414001465,48171,The Rite,556
Drama,5.9850945472717285,162903,The Fifth Estate,364
Drama,5.9812188148498535,9616,The Order,91
Drama,5.981129169464111,64686,47 Ronin,1326
Drama,5.981120586395264,76494,What to Expect When You're Expecting,594
Drama,5.980094909667969,74536,The Son of No One,92
Drama,5.979599475860596,20829,Funny People,390
Drama,5.976351261138916,38167,Eat Pray Love,636
Drama,5.9763383865356445,8998,Friends with Money,128
Drama,5.975820064544678,13811,Knowing,1486
Drama,5.974575042724609,43931,My Soul to Take,147
Drama,5.973755359649658,10956,Joe Dirt,242
Drama,5.973172187805176,2176,The Glass House,201
Drama,5.97293758392334,15045,Fat Albert,69
Drama,5.971714496612549,10642,Loser,120
Drama,5.970767974853516,7364,Sahara,434
Drama,5.970486640930176,138697,Don Jon,1671
Drama,5.970395565032959,4723,Southland Tales,153
Drama,5.969513893127441,9713,Holy Man,111
Drama,5.967583656311035,38358,The Last Exorcism,328
Drama,5.9671244621276855,9208,Broken Arrow,453
Drama,5.961737632751465,9625,The Glimmer Man,100
Drama,5.9603047370910645,1642,The Net,354
Drama,5.958854675292969,9030,The Eye,281
Drama,5.957581043243408,57157,Young Adult,364
Drama,5.957421779632568,13972,The Women,96
Drama,5.956969738006592,157353,Transcendence,2295
Drama,5.956636905670166,13888,Return to the Blue Lagoon,153
Drama,5.956180095672607,10022,The Pacifier,842
Drama,5.954991817474365,11979,Queen of the Damned,239
Drama,5.951571464538574,83770,On the Road,301
Drama,5.951118469238281,284536,The Gambler,543
Drama,5.949634075164795,301325,#Horror,52
Drama,5.949487686157227,36419,After.Life,251
Drama,5.949001789093018,9683,Bubble Boy,163
Drama,5.948723316192627,109729,The Canyons,75
Drama,5.948128700256348,2900,The Astronaut's Wife,254
Drama,5.948023796081543,9594,Double Impact,215
Drama,5.94749116897583,10197,Nine,165
Drama,5.945274829864502,11058,Godsend,114
Drama,5.944292068481445,44113,Stone,192
Drama,5.944215297698975,308529,Kickboxer: Vengeance,99
Drama,5.943093776702881,49950,The Roommate,224
Drama,5.943028450012207,98357,Broken City,593
Drama,5.942872047424316,9894,The Cable Guy,594
Drama,5.939631462097168,254473,Brick Mansions,615
Drama,5.934916973114014,6116,Spice World,123
Drama,5.934473991394043,8975,The Marine,163
Drama,5.934469223022461,174751,Jane Got a Gun,285
Drama,5.934134483337402,134411,Snitch,1138
Drama,5.92761754989624,7303,Maid in Manhattan,485
Drama,5.926429271697998,144340,Admission,304
Drama,5.9234418869018555,10461,Get Carter,145
Drama,5.921884059906006,83,Open Water,315
Drama,5.921154499053955,266396,The Gunman,392
Drama,5.918737411499023,297596,Dying of the Light,118
Drama,5.917015552520752,9009,Dark Water,274
Drama,5.916135311126709,133805,Carrie,1463
Drama,5.91580057144165,27022,The Sorcerer's Apprentice,1470
Drama,5.914966583251953,9268,Eraser,543
Drama,5.913328170776367,152760,The Monuments Men,1523
Drama,5.912051677703857,12123,Chain Reaction,284
Drama,5.910519599914551,9884,Collateral Damage,427
Drama,5.905545234680176,10030,Good Luck Chuck,444
Drama,5.9051008224487305,37958,Immortals,880
Drama,5.896222114562988,17130,Crossroads,158
Drama,5.8946075439453125,10329,Congo,213
Drama,5.88975191116333,12193,Four Christmases,331
Drama,5.8885040283203125,10253,Dragon Wars: D-War,104
Drama,5.88776159286499,228066,Victor Frankenstein,685
Drama,5.886282444000244,24021,The Twilight Saga: Eclipse,2301
Drama,5.883927345275879,8836,The X Files: I Want to Believe,523
Drama,5.8800578117370605,37786,Sex and the City 2,426
Drama,5.878814697265625,146238,Runner Runner,543
Drama,5.878289699554443,44564,The Dilemma,304
Drama,5.877753257751465,9447,Babe: Pig in the City,305
Drama,5.877307891845703,7978,The Wolfman,549
Drama,5.875812530517578,144336,Sabotage,555
Drama,5.868991851806641,58595,Snow White and the Huntsman,3118
Drama,5.868988513946533,503,Poseidon,583
Drama,5.868172645568848,42888,How Do You Know,223
Drama,5.866305351257324,270487,"Hail, Caesar!",1309
Drama,5.86223030090332,8966,Twilight,3561
Drama,5.859791278839111,77987,Only God Forgives,862
Drama,5.856125831604004,9697,Lady in the Water,409
Drama,5.850837707519531,1966,Alexander,927
Drama,5.845286846160889,8968,Boogeyman,191
Drama,5.843479156494141,109491,Beautiful Creatures,984
Drama,5.842689037322998,332411,I Am Wrath,179
Drama,5.84187650680542,10802,Showgirls,256
Drama,5.841707706451416,10357,Volcano,376
Drama,5.83958625793457,8046,Gigli,104
Drama,5.839381217956543,86331,Desire,140
Drama,5.831066608428955,127493,Stolen,344
Drama,5.8184428215026855,11249,Seed of Chucky,287
Drama,5.817900657653809,10320,The Ring Two,632
Drama,5.811690330505371,265208,Wild Card,656
Drama,5.7985453605651855,6171,Dreamcatcher,567
Drama,5.795085906982422,9879,Striptease,205
Drama,5.781506538391113,271969,Ben-Hur,621
Drama,5.774471759796143,62764,Mirror Mirror,1114
Drama,5.764264106750488,147441,Exodus: Gods and Kings,1921
Drama,5.74296760559082,86834,Noah,2350
Drama,5.739346027374268,18239,The Twilight Saga: New Moon,2436
Drama,5.71888542175293,222936,Aloha,692
Drama,5.715874671936035,2312,In the Name of the King: A Dungeon Siege Tale,224
Drama,5.685281753540039,4474,My Super Ex-Girlfriend,442
Drama,5.633658409118652,201088,Blackhat,826
Drama,5.6279120445251465,10200,The Day the Earth Stood Still,1043
Drama,5.6274566650390625,109091,The Counselor,712
Drama,5.605288982391357,1927,Hulk,1533
Drama,5.586061000823975,11679,xXx: State of the Union,549
Drama,5.5848517417907715,76649,Pompeii,1267
Drama,5.577578067779541,20533,Jonah Hex,420
Drama,5.417721271514893,122081,Spring Breakers,1551
Drama,5.403342247009277,216015,Fifty Shades of Grey,3254
Science Fiction,7.969184875488281,27205,Inception,13752
Science Fiction,7.937272071838379,157336,Interstellar,10867
Science Fiction,7.904545307159424,1891,The Empire Strikes Back,5879
Science Fiction,7.846219062805176,11,Star Wars,6624
Science Fiction,7.7401933670043945,105,Back to the Future,6079
Science Fiction,7.738088130950928,118340,Guardians of the Galaxy,9742
Science Fiction,7.724384784698486,603,The Matrix,8907
Science Fiction,7.591923713684082,1892,Return of the Jedi,4665
Science Fiction,7.58085823059082,348,Alien,4470
Science Fiction,7.557313919067383,152601,Her,4097
Science Fiction,7.524241924285889,38,Eternal Sunshine of the Spotless Mind,3652
Science Fiction,7.512215614318848,78,Blade Runner,3509
Science Fiction,7.4621381759643555,62,2001: A Space Odyssey,2998
Science Fiction,7.424368381500244,286217,The Martian,7268
Science Fiction,7.400462627410889,280,Terminator 2: Judgment Day,4185
Science Fiction,7.385077953338623,100402,Captain America: The Winter Soldier,5764
Science Fiction,7.351603984832764,137113,Edge of Tomorrow,4858
Science Fiction,7.351518630981445,329,Jurassic Park,4856
Science Fiction,7.346327304840088,264660,Ex Machina,4737
Science Fiction,7.331294536590576,679,Aliens,3220
Science Fiction,7.307034969329834,127585,X-Men: Days of Future Past,6032
Science Fiction,7.301600456237793,24428,The Avengers,11776
Science Fiction,7.271276950836182,1726,Iron Man,8776
Science Fiction,7.2591142654418945,122906,About Time,2067
Science Fiction,7.231886386871338,101299,The Hunger Games: Catching Fire,6495
Science Fiction,7.171203136444092,13475,Star Trek,4518
Science Fiction,7.166948318481445,54138,Star Trek Into Darkness,4418
Science Fiction,7.157392978668213,1091,The Thing,1588
Science Fiction,7.150217533111572,99861,Avengers: Age of Ultron,6767
Science Fiction,7.138278961181641,165,Back to the Future Part II,3829
Science Fiction,7.127538204193115,49047,Gravity,5751
Science Fiction,7.116817951202393,19995,Avatar,11800
Science Fiction,7.097812652587891,76341,Mad Max: Fury Road,9427
Science Fiction,7.084462642669678,119450,Dawn of the Planet of the Apes,4410
Science Fiction,7.0751471519470215,17431,Moon,1794
Science Fiction,7.072514057159424,218,The Terminator,4128
Science Fiction,7.061102390289307,18,The Fifth Element,3885
Science Fiction,7.033421039581299,17654,District 9,3382
Science Fiction,7.026296138763428,601,E.T. the Extra-Terrestrial,3269
Science Fiction,7.012461185455322,782,Gattaca,1808
Science Fiction,6.996693134307861,10386,The Iron Giant,1436
Science Fiction,6.986429214477539,9693,Children of Men,2071
Science Fiction,6.982265949249268,271110,Captain America: Civil War,7241
Science Fiction,6.942765235900879,49538,X-Men: First Class,5181
Science Fiction,6.92083215713501,106,Predator,2093
Science Fiction,6.916687488555908,1954,The Butterfly Effect,2060
Science Fiction,6.909769535064697,1895,Star Wars: Episode III - Revenge of the Sith,4116
Science Fiction,6.87285852432251,102899,Ant-Man,5880
Science Fiction,6.868490219116211,19,Metropolis,657
Science Fiction,6.862635135650635,198663,The Maze Runner,5371
Science Fiction,6.855011463165283,149,Akira,773
Science Fiction,6.85012674331665,3034,Young Frankenstein,854
Science Fiction,6.849826335906982,196,Back to the Future Part III,2900
Science Fiction,6.8362932205200195,16320,Serenity,1264
Science Fiction,6.836125373840332,61791,Rise of the Planet of the Apes,4347
Science Fiction,6.8360795974731445,45612,Source Code,2699
Science Fiction,6.832828998565674,244267,I Origins,1063
Science Fiction,6.829346656799316,180,Minority Report,2608
Science Fiction,6.825713634490967,70160,The Hunger Games,9455
Science Fiction,6.769358158111572,13183,Watchmen,2811
Science Fiction,6.766892433166504,6479,I Am Legend,4853
Science Fiction,6.763900279998779,13363,The Man from Earth,687
Science Fiction,6.762393951416016,157350,Divergent,4663
Science Fiction,6.758780002593994,68,Brazil,861
Science Fiction,6.755963325500488,607,Men in Black,4412
Science Fiction,6.7471418380737305,170,28 Days Later,1777
Science Fiction,6.738284111022949,861,Total Recall,1710
Science Fiction,6.731839656829834,686,Contact,1308
Science Fiction,6.730597019195557,68721,Iron Man 3,8806
Science Fiction,6.696022987365723,8810,Mad Max 2: The Road Warrior,957
Science Fiction,6.68404483795166,840,Close Encounters of the Third Kind,1098
Science Fiction,6.665957450866699,36657,X-Men,4097
Science Fiction,6.648214817047119,36658,X2,3506
Science Fiction,6.643460750579834,9016,Treasure Planet,948
Science Fiction,6.633693695068359,9741,Unbreakable,1946
Science Fiction,6.610750198364258,72190,World War Z,5560
Science Fiction,6.606088638305664,2666,Dark City,828
Science Fiction,6.602241039276123,333371,10 Cloverfield Lane,2468
Science Fiction,6.5988664627075195,68726,Pacific Rim,4794
Science Fiction,6.5938720703125,1272,Sunshine,1182
Science Fiction,6.591907501220703,7299,Equilibrium,1552
Science Fiction,6.591786861419678,154,Star Trek II: The Wrath of Khan,675
Science Fiction,6.577563285827637,2048,"I, Robot",3793
Science Fiction,6.568933010101318,644,A.I. Artificial Intelligence,1974
Science Fiction,6.567828178405762,604,The Matrix Reloaded,3443
Science Fiction,6.567042827606201,49530,In Time,3417
Science Fiction,6.565775394439697,985,Eraserhead,485
Science Fiction,6.5620951652526855,602,Independence Day,3260
Science Fiction,6.553638935089111,2756,The Abyss,808
Science Fiction,6.5474114418029785,110415,Snowpiercer,2854
Science Fiction,6.539305686950684,1771,Captain America: The First Avenger,7047
Science Fiction,6.537766456604004,10138,Iron Man 2,6849
Science Fiction,6.533390998840332,754,Face/Off,1583
Science Fiction,6.5291643142700195,593,Solaris,357
Science Fiction,6.5284600257873535,62215,Melancholia,885
Science Fiction,6.526505470275879,228161,Home,1519
Science Fiction,6.5257344245910645,131631,The Hunger Games: Mockingjay - Part 1,5584
Science Fiction,6.518530368804932,431,Cube,1069
Science Fiction,6.516312122344971,167,K-PAX,695
Science Fiction,6.514087677001953,59967,Looper,4697
Science Fiction,6.509479999542236,1924,Superman,1022
Science Fiction,6.502796649932861,1858,Transformers,4040
Science Fiction,6.501695156097412,131634,The Hunger Games: Mockingjay - Part 2,3984
Science Fiction,6.497768402099609,38055,Megamind,1918
Science Fiction,6.49749231338501,2277,Bicentennial Man,963
Science Fiction,6.488275051116943,2787,Pitch Black,1789
Science Fiction,6.487424373626709,107985,The World's End,1778
Science Fiction,6.479154586791992,198184,Chappie,3062
Science Fiction,6.4765448570251465,83542,Cloud Atlas,2977
Science Fiction,6.469027519226074,563,Starship Troopers,1560
Science Fiction,6.466907501220703,39254,Real Steel,2692
Science Fiction,6.463259220123291,199,Star Trek: First Contact,661
Science Fiction,6.462228298187256,188927,Star Trek Beyond,2568
Science Fiction,6.4602251052856445,8337,They Live,550
Science Fiction,6.459461688995361,135397,Jurassic World,8662
Science Fiction,6.45682954788208,37686,Super 8,2435
Science Fiction,6.453257083892822,5876,The Mist,1399
Science Fiction,6.451035976409912,80274,Ender's Game,2303
Science Fiction,6.446703910827637,49521,Man of Steel,6359
Science Fiction,6.444406032562256,20504,The Book of Eli,2164
Science Fiction,6.436476707458496,926,Galaxy Quest,710
Science Fiction,6.4345245361328125,1103,Escape from New York,703
Science Fiction,6.43347692489624,10865,Atlantis: The Lost Empire,1224
Science Fiction,6.4323835372924805,49049,Dredd,1940
Science Fiction,6.432094097137451,76726,Chronicle,1935
Science Fiction,6.421570777893066,14337,Primer,658
Science Fiction,6.42053747177124,1381,The Fountain,827
Science Fiction,6.4167585372924805,837,Videodrome,454
Science Fiction,6.4056596755981445,860,WarGames,504
Science Fiction,6.4004011154174805,42188,Never Let Me Go,737
Science Fiction,6.3999128341674805,11687,The Visitors,420
Science Fiction,6.388092994689941,10559,Frequency,462
Science Fiction,6.387361526489258,957,Spaceballs,902
Science Fiction,6.386314868927002,7453,The Hitchhiker's Guide to the Galaxy,1315
Science Fiction,6.381215572357178,12244,9,1262
Science Fiction,6.377506256103516,1487,Hellboy,2225
Science Fiction,6.376279830932617,9659,Mad Max,1213
Science Fiction,6.361267566680908,168,Star Trek IV: The Voyage Home,477
Science Fiction,6.358071327209473,39513,Paul,1789
Science Fiction,6.357083320617676,1635,The Island,1770
Science Fiction,6.352660179138184,84332,Safety Not Guaranteed,556
Science Fiction,6.350624084472656,38050,The Adjustment Bureau,1652
Science Fiction,6.348928451538086,75612,Oblivion,4800
Science Fiction,6.3482184410095215,246655,X-Men: Apocalypse,4721
Science Fiction,6.345459461212158,3509,A Scanner Darkly,532
Science Fiction,6.343930244445801,55420,Another Earth,527
Science Fiction,6.343113422393799,11253,Hellboy II: The Golden Army,1527
Science Fiction,6.3405938148498535,1894,Star Wars: Episode II - Attack of the Clones,3992
Science Fiction,6.333124160766602,68724,Elysium,3439
Science Fiction,6.327467441558838,605,The Matrix Revolutions,3096
Science Fiction,6.319100379943848,1562,28 Weeks Later,1197
Science Fiction,6.319006443023682,84329,Robot & Frank,450
Science Fiction,6.3145246505737305,95,Armageddon,2482
Science Fiction,6.313717365264893,14139,Timecrimes,308
Science Fiction,6.31108283996582,1255,The Host,537
Science Fiction,6.308532238006592,1903,Vanilla Sky,1078
Science Fiction,6.308373928070068,7191,Cloverfield,2251
Science Fiction,6.302738189697266,1576,Resident Evil,2065
Science Fiction,6.302221298217773,816,Austin Powers: International Man of Mystery,1013
Science Fiction,6.294267654418945,1946,eXistenZ,475
Science Fiction,6.293318748474121,227156,The Giver,1798
Science Fiction,6.29310417175293,1090,The Thirteenth Floor,378
Science Fiction,6.2908501625061035,11336,The Dead Zone,311
Science Fiction,6.288237571716309,1648,Bill & Ted's Excellent Adventure,454
Science Fiction,6.285019397735596,2675,Signs,1599
Science Fiction,6.281736850738525,834,Underworld: Evolution,1528
Science Fiction,6.275932788848877,174,Star Trek VI: The Undiscovered Country,413
Science Fiction,6.274945259094238,19898,Pandorum,774
Science Fiction,6.271007537841797,240832,Lucy,5878
Science Fiction,6.270711421966553,8413,Event Horizon,742
Science Fiction,6.270528793334961,8408,Day of the Dead,270
Science Fiction,6.267176628112793,70981,Prometheus,5080
Science Fiction,6.264187812805176,846,The X Files,488
Science Fiction,6.26323127746582,1893,Star Wars: Episode I - The Phantom Menace,4432
Science Fiction,6.260450839996338,76170,The Wolverine,4053
Science Fiction,6.255794048309326,36668,X-Men: The Last Stand,3525
Science Fiction,6.254395484924316,8536,Superman II,629
Science Fiction,6.249766826629639,11561,Sleeper,200
Science Fiction,6.247837066650391,20526,TRON: Legacy,2841
Science Fiction,6.2445454597473145,227719,Project Almanac,933
Science Fiction,6.244081497192383,10045,District B13,565
Science Fiction,6.243576526641846,841,Dune,562
Science Fiction,6.243237495422363,10514,The Andromeda Strain,190
Science Fiction,6.23594856262207,844,2046,206
Science Fiction,6.223032474517822,865,The Running Man,703
Science Fiction,6.221621036529541,2789,The Chronicles of Riddick,1570
Science Fiction,6.204299449920654,10803,Logan's Run,269
Science Fiction,6.203406810760498,192577,Space Pirate Captain Harlock,356
Science Fiction,6.203307151794434,238615,Self/less,1091
Science Fiction,6.199698448181152,16633,Somewhere in Time,102
Science Fiction,6.197748184204102,36819,Time Bandits,249
Science Fiction,6.196069240570068,13001,Stargate: The Ark of Truth,140
Science Fiction,6.194509029388428,10133,Cypher,192
Science Fiction,6.192724227905273,173,"20,000 Leagues Under the Sea",157
Science Fiction,6.19155216217041,193,Star Trek: Generations,452
Science Fiction,6.188858509063721,157,Star Trek III: The Search for Spock,434
Science Fiction,6.182848930358887,59678,Attack the Block,733
Science Fiction,6.181485652923584,8338,Blindness,387
Science Fiction,6.18051815032959,88005,Seeking a Friend for the End of the World,700
Science Fiction,6.180011749267578,41154,Men in Black 3,4160
Science Fiction,6.1794538497924805,2080,X-Men Origins: Wolverine,4021
Science Fiction,6.1786298751831055,262500,Insurgent,3829
Science Fiction,6.177868366241455,7512,Idiocracy,664
Science Fiction,6.174500942230225,23963,Pontypool,183
Science Fiction,6.17310905456543,158852,Tomorrowland,2846
Science Fiction,6.172511100769043,13820,Repo Man,144
Science Fiction,6.170307636260986,330,The Lost World: Jurassic Park,2487
Science Fiction,6.169466018676758,435,The Day After Tomorrow,2392
Science Fiction,6.168814182281494,74,War of the Worlds,2322
Science Fiction,6.165824890136719,87421,Riddick,2035
Science Fiction,6.165339469909668,6950,Outbreak,513
Science Fiction,6.160524845123291,8077,Alien³,1633
Science Fiction,6.157134532928467,12437,Underworld: Rise of the Lycans,1428
Science Fiction,6.155201435089111,39538,Contagion,1325
Science Fiction,6.154570579528809,1551,Flatliners,404
Science Fiction,6.153170585632324,200,Star Trek: Insurrection,391
Science Fiction,6.150594711303711,14353,Repo! The Genetic Opera,100
Science Fiction,6.1480607986450195,817,Austin Powers: The Spy Who Shagged Me,1011
Science Fiction,6.146080017089844,315011,Shin Godzilla,143
Science Fiction,6.145517349243164,333355,Star Wars: Clone Wars: Volume 1,27
Science Fiction,6.144655227661133,9035,Slither,317
Science Fiction,6.144166469573975,7450,Titan A.E.,313
Science Fiction,6.141584873199463,16241,The Boys from Brazil,101
Science Fiction,6.138397693634033,9389,Renaissance,77
Science Fiction,6.138100624084473,245703,Midnight Special,694
Science Fiction,6.137923240661621,1687,Escape from the Planet of the Apes,264
Science Fiction,6.135199546813965,31867,Repo Men,620
Science Fiction,6.133816242218018,43933,Monsters,587
Science Fiction,6.131282806396484,152,Star Trek: The Motion Picture,530
Science Fiction,6.130394458770752,11551,Small Soldiers,511
Science Fiction,6.130165100097656,11935,Capricorn One,131
Science Fiction,6.129483222961426,9276,The Faculty,492
Science Fiction,6.129420280456543,13768,Tuck Everlasting,128
Science Fiction,6.126393795013428,19405,Recess: School's Out,67
Science Fiction,6.1255106925964355,811,Silent Running,177
Science Fiction,6.1227898597717285,8953,Steamboy,102
Science Fiction,6.1224846839904785,1685,Beneath the Planet of the Apes,361
Science Fiction,6.120187282562256,9294,Phenomenon,323
Science Fiction,6.118179798126221,35073,"The Beast from 20,000 Fathoms",41
Science Fiction,6.118179798126221,110402,Hard to Be a God,41
Science Fiction,6.117749214172363,52015,Stake Land,285
Science Fiction,6.115093231201172,15239,The Toxic Avenger,113
Science Fiction,6.114226818084717,86812,Sound of My Voice,108
Science Fiction,6.113075256347656,98568,Enter Nowhere,49
Science Fiction,6.111959457397461,26672,The Thief and the Cobbler,26
Science Fiction,6.111756801605225,15158,Phantasm II,94
Science Fiction,6.10966682434082,13856,Special,32
Science Fiction,6.108643054962158,15301,Twilight Zone: The Movie,161
Science Fiction,6.108118057250977,32235,Northfork,24
Science Fiction,6.107679843902588,29146,Charly,28
Science Fiction,6.107570171356201,11827,Heavy Metal,148
Science Fiction,6.106471538543701,11954,Lifeforce,135
Science Fiction,6.105641841888428,18841,The Lost Skeleton of Cadavra,30
Science Fiction,6.105434417724609,5172,The Astronaut Farmer,123
Science Fiction,6.105284690856934,61984,Space Battleship Yamato,59
Science Fiction,6.104818820953369,2577,Code 46,116
Science Fiction,6.100756645202637,20455,Digimon: The Movie,72
Science Fiction,6.09849214553833,38356,Transformers: Dark of the Moon,3299
Science Fiction,6.098386764526367,1724,The Incredible Hulk,3021
Science Fiction,6.097917556762695,49529,John Carter,2124
Science Fiction,6.0976996421813965,46729,Fetching Cody,6
Science Fiction,6.097497463226318,269057,Bang Bang Baby,8
Science Fiction,6.09739875793457,75,Mars Attacks!,1509
Science Fiction,6.0971479415893555,7737,Resident Evil: Extinction,1292
Science Fiction,6.097115993499756,1577,Resident Evil: Apocalypse,1267
Science Fiction,6.096306324005127,6795,Zathura: A Space Adventure,779
Science Fiction,6.0955352783203125,201,Star Trek: Nemesis,479
Science Fiction,6.095306873321533,16577,Astro Boy,409
Science Fiction,6.094995021820068,289180,H.,4
Science Fiction,6.094627380371094,1688,Conquest of the Planet of the Apes,236
Science Fiction,6.094614028930664,3604,Flash Gordon,233
Science Fiction,6.094559192657471,9425,Soldier,221
Science Fiction,6.094475269317627,2661,Batman,203
Science Fiction,6.0941314697265625,4965,Impostor,135
Science Fiction,6.094110012054443,9570,The Black Hole,131
Science Fiction,6.093977451324463,13688,CJ7,107
Science Fiction,6.093305587768555,51955,Hav Plenty,0
Science Fiction,6.0929179191589355,36549,Yesterday Was a Lie,4
Science Fiction,6.092166900634766,270554,Echo Dr.,1
Science Fiction,6.091706275939941,211557,Vessel,8
Science Fiction,6.089569568634033,20764,Sleep Dealer,40
Science Fiction,6.089272499084473,70687,The Sticky Fingers of Time,3
Science Fiction,6.089041709899902,326576,Dawn of the Crescent Moon,1
Science Fiction,6.088960647583008,371690,Rotor DR1,3
Science Fiction,6.0883941650390625,15511,VeggieTales: The Pirates Who Don't Do Anything,25
Science Fiction,6.087252616882324,21512,The Blood of Heroes,31
Science Fiction,6.086777687072754,77156,Alien Zone,3
Science Fiction,6.085560321807861,3028,Jekyll and Hyde ... Together Again,5
Science Fiction,6.085010051727295,10643,Godzilla 2000,43
Science Fiction,6.085000038146973,45767,Time Changer,9
Science Fiction,6.0845947265625,360188,Queen Crab,3
Science Fiction,6.082693576812744,24746,Six-String Samurai,36
Science Fiction,6.08262825012207,20542,Delgo,15
Science Fiction,6.082126617431641,10981,Nothing,38
Science Fiction,6.081567287445068,11588,The I Inside,62
Science Fiction,6.081419467926025,84204,Grabbers,140
Science Fiction,6.0813751220703125,30315,Kingdom of the Spiders,30
Science Fiction,6.080990791320801,16016,Journey to Saturn,10
Science Fiction,6.08095121383667,16110,Thomas and the Magic Railroad,8
Science Fiction,6.080395221710205,9457,Deep Rising,154
Science Fiction,6.079999923706055,18045,The Dark Hours,22
Science Fiction,6.0770583152771,28260,Return of the Living Dead 3,88
Science Fiction,6.076384544372559,59457,Womb,92
Science Fiction,6.075691223144531,31915,Prophecy,25
Science Fiction,6.075691223144531,320146,Creative Control,25
Science Fiction,6.0747270584106445,331592,Listening,31
Science Fiction,6.074725151062012,16911,The Inhabited Island,23
Science Fiction,6.0746941566467285,53502,The Dead Undead,6
Science Fiction,6.074186325073242,10179,The Ice Pirates,49
Science Fiction,6.073739528656006,10017,The Wraith,108
Science Fiction,6.072678565979004,30379,Megiddo: The Omega Code 2,8
Science Fiction,6.071172714233398,13282,Death Race 2000,124
Science Fiction,6.070241928100586,34549,Max Keeble's Big Move,33
Science Fiction,6.069256782531738,335866,Circle,333
Science Fiction,6.069060802459717,13006,Split Second,63
Science Fiction,6.068843841552734,52010,"Ultramarines: A Warhammer 40,000 Movie",27
Science Fiction,6.068787097930908,24264,Sheena,22
Science Fiction,6.068680763244629,34069,Cargo,140
Science Fiction,6.067983627319336,86304,All Superheroes Must Die,13
Science Fiction,6.067630767822266,10208,Muppets from Space,92
Science Fiction,6.067550182342529,10416,What Planet Are You From?,37
Science Fiction,6.067295074462891,27549,Beastmaster 2: Through the Portal of Time,17
Science Fiction,6.0661492347717285,32740,Krrish,46
Science Fiction,6.064981937408447,11232,Kate & Leopold,418
Science Fiction,6.064879894256592,134371,Atlas Shrugged Part II,41
Science Fiction,6.064143180847168,8843,The Cell,436
Science Fiction,6.06407356262207,50037,Beyond the Black Rainbow,77
Science Fiction,6.0633673667907715,25763,Damnation Alley,27
Science Fiction,6.060826301574707,290370,Mutant World,9
Science Fiction,6.060019493103027,31909,Invaders from Mars,57
Science Fiction,6.05952787399292,199933,Atlas Shrugged Part III: Who is John Galt?,15
Science Fiction,6.059319019317627,42033,Def-Con 4,10
Science Fiction,6.059257984161377,24126,Warlock: The Armageddon,38
Science Fiction,6.057906627655029,34086,Spaced Invaders,25
Science Fiction,6.057366847991943,40160,Meteor,36
Science Fiction,6.057366847991943,347548,Containment,36
Science Fiction,6.05617094039917,19901,Daybreakers,634
Science Fiction,6.053367614746094,27380,Megaforce,15
Science Fiction,6.052447319030762,106845,Re-Kill,34
Science Fiction,6.052175521850586,125490,Antiviral,112
Science Fiction,6.051041603088379,21765,Good Boy!,30
Science Fiction,6.050846099853516,205126,Independence Daysaster,22
Science Fiction,6.049023151397705,79698,The Lovers,34
Science Fiction,6.0484490394592285,50942,Creature,21
Science Fiction,6.0482892990112305,23048,Hot Tub Time Machine,894
Science Fiction,6.047952175140381,2687,Memoirs of an Invisible Man,125
Science Fiction,6.04746675491333,33155,Galaxina,16
Science Fiction,6.04701042175293,10003,The Saint,302
Science Fiction,6.046955585479736,18442,Decoys,33
Science Fiction,6.046672821044922,68684,Detention,129
Science Fiction,6.046314239501953,1649,Bill & Ted's Bogus Journey,308
Science Fiction,6.045132160186768,23730,C.H.U.D.,62
Science Fiction,6.0434160232543945,97370,Under the Skin,1102
Science Fiction,6.041930675506592,10483,Death Race,1175
Science Fiction,6.04133939743042,8069,Barbarella,146
Science Fiction,6.041330337524414,34851,Predators,1206
Science Fiction,6.0390400886535645,9928,Robots,1333
Science Fiction,6.038627624511719,33468,The Brain That Wouldn't Die,32
Science Fiction,6.037565231323242,15512,Monsters vs Aliens,1423
Science Fiction,6.035258769989014,9424,Disturbing Behavior,104
Science Fiction,6.0346760749816895,12088,Fortress,168
Science Fiction,6.033175468444824,2114,Final Fantasy: The Spirits Within,433
Science Fiction,6.032233238220215,72710,The Host,1817
Science Fiction,6.029682159423828,10748,St. Trinian's,142
Science Fiction,6.026914596557617,367551,American Hero,62
Science Fiction,6.026656150817871,25769,Carriers,282
Science Fiction,6.026639938354492,312793,The Walking Deceased,35
Science Fiction,6.026418685913086,158015,The Purge,2428
Science Fiction,6.026280403137207,38541,The Divide,197
Science Fiction,6.025927543640137,1497,Teenage Mutant Ninja Turtles II: The Secret of the Ooze,286
Science Fiction,6.023586750030518,698,Moonraker,541
Science Fiction,6.021968841552734,608,Men in Black II,3114
Science Fiction,6.021840572357178,8373,Transformers: Revenge of the Fallen,3138
Science Fiction,6.020376682281494,9620,Paycheck,581
Science Fiction,6.02036714553833,7341,The Rage: Carrie 2,76
Science Fiction,6.018669128417969,9067,Tank Girl,138
Science Fiction,6.0181965827941895,10724,Firefox,139
Science Fiction,6.016823768615723,9849,My Favorite Martian,80
Science Fiction,6.012768745422363,13460,Doomsday,363
Science Fiction,6.011976718902588,9824,Mystery Men,250
Science Fiction,6.0112128257751465,9304,Multiplicity,154
Science Fiction,6.009757041931152,169,Predator 2,730
Science Fiction,6.008599758148193,9355,Mad Max Beyond Thunderdome,748
Science Fiction,6.0078253746032715,8854,Steel,48
Science Fiction,6.006089210510254,8850,The Shadow,138
Science Fiction,6.00451135635376,206213,Zombie Hunter,34
Science Fiction,6.001985549926758,238603,Earth to Echo,290
Science Fiction,6.000914096832275,22824,The Fourth Kind,441
Science Fiction,5.9979634284973145,12120,My Stepmother is an Alien,131
Science Fiction,5.997546195983887,12589,Jimmy Neutron: Boy Genius,231
Science Fiction,5.99601411819458,10153,Sphere,476
Science Fiction,5.995655536651611,818,Austin Powers in Goldmember,979
Science Fiction,5.992584705352783,9271,Virtuosity,163
Science Fiction,5.992161273956299,68179,Escape from Planet Earth,332
Science Fiction,5.9919657707214355,15028,Clockstoppers,89
Science Fiction,5.987265586853027,7459,Speed Racer,354
Science Fiction,5.986176013946533,4858,The Invasion,359
Science Fiction,5.986063003540039,19959,Surrogates,1195
Science Fiction,5.9857497215271,16300,Down to Earth,95
Science Fiction,5.984650611877441,1705,Battle for the Planet of the Apes,215
Science Fiction,5.984021186828613,2067,Mission to Mars,369
Science Fiction,5.983675956726074,17577,The Devil's Tomb,53
Science Fiction,5.979767799377441,8078,Alien: Resurrection,1365
Science Fiction,5.978659629821777,13025,Diary of the Dead,190
Science Fiction,5.976905822753906,2135,The Time Machine,631
Science Fiction,5.976905822753906,242095,The Signal,631
Science Fiction,5.975820064544678,13811,Knowing,1486
Science Fiction,5.975155830383301,10163,The Lawnmower Man,197
Science Fiction,5.973388671875,46529,I Am Number Four,1567
Science Fiction,5.9717912673950195,9825,Lake Placid,247
Science Fiction,5.971517086029053,10384,Supernova,109
Science Fiction,5.970395565032959,4723,Southland Tales,153
Science Fiction,5.970186233520508,10796,The One,437
Science Fiction,5.969799518585205,5137,Sky Captain and the World of Tomorrow,439
Science Fiction,5.968028545379639,81796,Lockout,715
Science Fiction,5.967215538024902,8247,Jumper,1799
Science Fiction,5.962691783905029,262504,Allegiant,1998
Science Fiction,5.959761619567871,296,Terminator 3: Rise of the Machines,2143
Science Fiction,5.959140300750732,10077,A Sound of Thunder,111
Science Fiction,5.958485126495361,8831,Timecop,282
Science Fiction,5.956969738006592,157353,Transcendence,2295
Science Fiction,5.955165386199951,10061,Escape from L.A.,373
Science Fiction,5.954367160797119,172,Star Trek V: The Final Frontier,376
Science Fiction,5.9541730880737305,534,Terminator Salvation,2463
Science Fiction,5.9534592628479,146631,U.F.O.,47
Science Fiction,5.948128700256348,2900,The Astronaut's Wife,254
Science Fiction,5.947206020355225,5393,Happily N'Ever After,104
Science Fiction,5.947119235992432,10350,Wing Commander,72
Science Fiction,5.945274829864502,11058,Godsend,114
Science Fiction,5.942715644836426,8452,The 6th Day,595
Science Fiction,5.94231653213501,8870,Red Planet,267
Science Fiction,5.941417694091797,72545,Journey 2: The Mysterious Island,1030
Science Fiction,5.938351154327393,13812,Quarantine,339
Science Fiction,5.933403491973877,1499,Teenage Mutant Ninja Turtles III,184
Science Fiction,5.93240213394165,20856,Aliens in the Attic,244
Science Fiction,5.9321675300598145,29426,Survival of the Dead,116
Science Fiction,5.929354667663574,8011,Highlander: The Final Dimension,110
Science Fiction,5.9292192459106445,14623,Thunderbirds,91
Science Fiction,5.927638530731201,12211,Highlander: Endgame,104
Science Fiction,5.924021244049072,88751,Journey to the Center of the Earth,1309
Science Fiction,5.922024250030518,297761,Suicide Squad,7458
Science Fiction,5.921136856079102,35791,Resident Evil: Afterlife,1363
Science Fiction,5.920657634735107,9562,Timeline,318
Science Fiction,5.914215087890625,9890,The Stepford Wives,334
Science Fiction,5.912263870239258,16866,Planet 51,556
Science Fiction,5.912051677703857,12123,Chain Reaction,284
Science Fiction,5.907271385192871,10658,Howard the Duck,221
Science Fiction,5.902960300445557,9348,Species,453
Science Fiction,5.902674198150635,8914,Deep Blue Sea,604
Science Fiction,5.897593021392822,56715,Just Visiting,171
Science Fiction,5.896974086761475,9383,Hollow Man,634
Science Fiction,5.8948283195495605,9306,The Island of Dr. Moreau,147
Science Fiction,5.8946075439453125,10329,Congo,213
Science Fiction,5.891602993011475,43935,Dylan Dog: Dead of Night,139
Science Fiction,5.8906965255737305,22345,Baby Geniuses,75
Science Fiction,5.890411376953125,262543,Automata,670
Science Fiction,5.8885040283203125,10253,Dragon Wars: D-War,104
Science Fiction,5.888238430023193,11237,Anacondas: The Hunt for the Blood Orchid,199
Science Fiction,5.88776159286499,228066,Victor Frankenstein,685
Science Fiction,5.8875885009765625,13836,Race to Witch Mountain,509
Science Fiction,5.886992931365967,9954,The Covenant,288
Science Fiction,5.885709285736084,889,The Flintstones in Viva Rock Vegas,134
Science Fiction,5.883927345275879,8836,The X Files: I Want to Believe,523
Science Fiction,5.882558822631836,10676,Halloween III: Season of the Witch,229
Science Fiction,5.87936544418335,190847,The Last Days on Mars,302
Science Fiction,5.878419876098633,8698,The League of Extraordinary Gentlemen,1155
Science Fiction,5.878242015838623,98566,Teenage Mutant Ninja Turtles,2636
Science Fiction,5.875206470489502,18501,Gamer,760
Science Fiction,5.874913692474365,11692,The Adventures of Pluto Nash,142
Science Fiction,5.8705925941467285,36648,Blade: Trinity,1252
Science Fiction,5.869383335113525,91314,Transformers: Age of Extinction,3095
Science Fiction,5.867746353149414,18162,Land of the Lost,381
Science Fiction,5.863940238952637,15268,Street Fighter: The Legend of Chun-Li,112
Science Fiction,5.861280918121338,87101,Terminator Genisys,3631
Science Fiction,5.859671115875244,10366,Universal Soldier: The Return,135
Science Fiction,5.850766181945801,9341,The Core,516
Science Fiction,5.849067687988281,37707,Splice,671
Science Fiction,5.841707706451416,10357,Volcano,376
Science Fiction,5.835747718811035,57876,Area 51,151
Science Fiction,5.827586650848389,10771,The Tuxedo,483
Science Fiction,5.827300548553467,22825,The Box,597
Science Fiction,5.825239658355713,11535,Rollerball,106
Science Fiction,5.825037956237793,9531,Superman III,490
Science Fiction,5.824235916137695,331,Jurassic Park III,2077
Science Fiction,5.814841270446777,869,Planet of the Apes,1243
Science Fiction,5.814262390136719,97020,RoboCop,2342
Science Fiction,5.809637069702148,10336,Spawn,336
Science Fiction,5.806654453277588,9381,Babylon A.D.,676
Science Fiction,5.802713394165039,38321,Priest,692
Science Fiction,5.800289154052734,9327,The Nutty Professor,702
Science Fiction,5.800048351287842,8202,Æon Flux,703
Science Fiction,5.7985453605651855,6171,Dreamcatcher,567
Science Fiction,5.797323226928711,50357,Apollo 18,356
Science Fiction,5.788331031799316,11260,Meet Dave,371
Science Fiction,5.788270950317383,10016,Ghosts of Mars,296
Science Fiction,5.784869194030762,71679,Resident Evil: Retribution,1600
Science Fiction,5.778381824493408,2157,Lost in Space,388
Science Fiction,5.774471759796143,62764,Mirror Mirror,1114
Science Fiction,5.762906551361084,299687,The 5th Wave,1945
Science Fiction,5.761958122253418,14869,G.I. Joe: The Rise of Cobra,1962
Science Fiction,5.76147985458374,395,AVP: Alien vs. Predator,1217
Science Fiction,5.759963512420654,9574,Flubber,695
Science Fiction,5.75529146194458,11918,Superhero Movie,379
Science Fiction,5.744706630706787,8285,The Spirit,320
Science Fiction,5.736385345458984,44943,Battle: Los Angeles,1448
Science Fiction,5.736255645751953,257344,Pixels,2513
Science Fiction,5.734996318817139,12107,Nutty Professor II: The Klumps,332
Science Fiction,5.722383975982666,11470,Jason X,291
Science Fiction,5.722377777099609,14199,The Adventures of Sharkboy and Lavagirl,269
Science Fiction,5.685281753540039,4474,My Super Ex-Girlfriend,442
Science Fiction,5.685154438018799,44833,Battleship,2114
Science Fiction,5.681848049163818,1452,Superman Returns,1400
Science Fiction,5.6807026863098145,14161,2012,4903
Science Fiction,5.675285816192627,9920,Ultraviolet,458
Science Fiction,5.668543338775635,71469,The Darkest Hour,469
Science Fiction,5.663796424865723,9823,Mortal Kombat: Annihilation,221
Science Fiction,5.636455535888672,5550,RoboCop 3,305
Science Fiction,5.6279120445251465,10200,The Day the Earth Stood Still,1043
Science Fiction,5.611445903778076,42684,Skyline,507
Science Fiction,5.608965873718262,12279,Spy Kids 3-D: Game Over,511
Science Fiction,5.605288982391357,1927,Hulk,1533
Science Fiction,5.596930503845215,11411,Superman IV: The Quest for Peace,318
Science Fiction,5.581344127655029,8487,Wild Wild West,1020
Science Fiction,5.57356071472168,440,Aliens vs Predator: Requiem,740
Science Fiction,5.566887378692627,72559,G.I. Joe: Retaliation,3025
Science Fiction,5.499465465545654,8645,The Happening,950
Science Fiction,5.443558692932129,5491,Battlefield Earth,255
Science Fiction,5.4298577308654785,76757,Jupiter Ascending,2768
Science Fiction,5.398874759674072,218043,Left Behind,392
Science Fiction,5.376430511474609,44912,Green Lantern,2487
Science Fiction,5.300337791442871,82700,After Earth,2532
Science Fiction,5.231704235076904,47933,Independence Day: Resurgence,2491
Science Fiction,5.055088043212891,14164,Dragonball Evolution,462
Science Fiction,4.9016618728637695,166424,Fantastic Four,2278
Romance,7.972640037536621,13,Forrest Gump,7927
Romance,7.557313919067383,152601,Her,4097
Romance,7.524241924285889,38,Eternal Sunshine of the Spotless Mind,3652
Romance,7.416693210601807,266856,The Theory of Everything,3311
Romance,7.4166035652160645,194,Amélie,3310
Romance,7.3416829109191895,597,Titanic,7562
Romance,7.317282676696777,11036,The Notebook,3067
Romance,7.311688423156738,453,A Beautiful Mind,3009
Romance,7.307634353637695,84892,The Perks of Being a Wallflower,2968
Romance,7.293743133544922,222935,The Fault in Our Stars,3759
Romance,7.2183518409729,12405,Slumdog Millionaire,2827
Romance,7.204162120819092,162,Edward Scissorhands,3601
Romance,7.1896281242370605,296096,Me Before You,2562
Romance,7.172314167022705,289,Casablanca,1422
Romance,7.113572597503662,812,Aladdin,3416
Romance,7.055241107940674,64682,The Great Gatsby,3769
Romance,7.0487141609191895,83666,Moonrise Kingdom,1662
Romance,7.034993648529053,4348,Pride & Prejudice,1358
Romance,7.027777194976807,4922,The Curious Case of Benjamin Button,3292
Romance,7.0156073570251465,137,Groundhog Day,2301
Romance,7.012461185455322,782,Gattaca,1808
Romance,7.009030818939209,2493,The Princess Bride,1486
Romance,6.975069522857666,59436,Midnight in Paris,1990
Romance,6.975069522857666,293863,The Age of Adaline,1990
Romance,6.968755722045898,703,Annie Hall,1010
Romance,6.965183734893799,239,Some Like It Hot,808
Romance,6.946896076202393,142,Brokeback Mountain,1480
Romance,6.939045429229736,114150,Pitch Perfect,2247
Romance,6.925260066986084,19913,(500) Days of Summer,2904
Romance,6.901233673095703,770,Gone with the Wind,970
Romance,6.896652698516846,76,Before Sunrise,959
Romance,6.864954948425293,4951,10 Things I Hate About You,1701
Romance,6.845276832580566,824,Moulin Rouge!,1300
Romance,6.840601444244385,102651,Maleficent,4496
Romance,6.832058429718018,184,Jackie Brown,1514
Romance,6.82922887802124,872,Singin' in the Rain,727
Romance,6.827998638153076,3933,Corpse Bride,1894
Romance,6.817642688751221,10229,A Walk to Remember,1018
Romance,6.785144329071045,350,The Devil Wears Prada,3088
Romance,6.7821574211120605,621,Grease,1581
Romance,6.78167200088501,1587,What's Eating Gilbert Grape,919
Romance,6.77708101272583,198277,Begin Again,1254
Romance,6.775936126708984,4347,Atonement,1049
Romance,6.7734694480896,152742,The Best Offer,704
Romance,6.771183967590332,628,Interview with the Vampire,1516
Romance,6.767369270324707,25376,The Secret in Their Eyes,626
Romance,6.765450954437256,284,The Apartment,483
Romance,6.76430082321167,82693,Silver Linings Playbook,4742
Romance,6.760422229766846,82695,Les Misérables,1884
Romance,6.744409084320068,50646,"Crazy, Stupid, Love.",2443
Romance,6.7404632568359375,15121,The Sound of Music,941
Romance,6.739331245422363,116,Match Point,1105
Romance,6.73838996887207,80,Before Sunset,718
Romance,6.728529453277588,7326,Juno,2244
Romance,6.727968215942383,228205,The Longest Ride,1064
Romance,6.724934101104736,1491,The Illusionist,1615
Romance,6.723695278167725,74643,The Artist,1049
Romance,6.711362838745117,167073,Brooklyn,1213
Romance,6.710175514221191,319,True Romance,749
Romance,6.709280014038086,12163,The Wrestler,1000
Romance,6.693808078765869,639,When Harry Met Sally...,950
Romance,6.692532062530518,508,Love Actually,1869
Romance,6.678550720214844,114,Pretty Woman,1746
Romance,6.649500846862793,2270,Stardust,1184
Romance,6.64752721786499,3175,Barry Lyndon,505
Romance,6.637264251708984,146,"Crouching Tiger, Hidden Dragon",927
Romance,6.633660793304443,2898,As Good as It Gets,915
Romance,6.624842643737793,228326,The Book of Life,755
Romance,6.620883464813232,6114,Dracula,1056
Romance,6.613889694213867,72570,The Vow,1293
Romance,6.609946250915527,69,Walk the Line,718
Romance,6.6085004806518555,509,Notting Hill,1262
Romance,6.60106086730957,8055,The Reader,813
Romance,6.588919162750244,338,"Good bye, Lenin!",586
Romance,6.584384918212891,239571,The Best of Me,765
Romance,6.581676006317139,1904,Memoirs of a Geisha,652
Romance,6.579358100891113,132344,Before Midnight,568
Romance,6.5652570724487305,921,Cinderella Man,616
Romance,6.563350677490234,251,Ghost,1339
Romance,6.556407451629639,1443,The Virgin Suicides,817
Romance,6.55109977722168,51828,One Day,978
Romance,6.533812999725342,256591,Focus,2542
Romance,6.529083251953125,9361,The Last of the Mohicans,732
Romance,6.5274271965026855,4476,Legends of the Fall,619
Romance,6.5254364013671875,150689,Cinderella,2374
Romance,6.525345325469971,1262,Stranger Than Fiction,721
Romance,6.507343769073486,86837,Amour,400
Romance,6.506191253662109,49020,Submarine,443
Romance,6.503678321838379,2280,Big,993
Romance,6.502884864807129,272693,The DUFF,1322
Romance,6.500402927398682,6023,P.S. I Love You,977
Romance,6.494326114654541,23169,Remember Me,948
Romance,6.489963531494141,43949,Flipped,418
Romance,6.489424705505371,18240,The Proposal,1804
Romance,6.4889373779296875,35690,The Last Song,923
Romance,6.487812519073486,401,Garden State,618
Romance,6.486202716827393,34653,A Single Man,463
Romance,6.4849677085876465,43539,The Next Three Days,905
Romance,6.481600761413574,46705,Blue Valentine,890
Romance,6.481023788452148,744,Top Gun,1698
Romance,6.480439186096191,5723,Once,453
Romance,6.465869903564453,112949,Safe Haven,823
Romance,6.462321758270264,157386,The Spectacular Now,1048
Romance,6.460942268371582,9603,Clueless,803
Romance,6.458373546600342,854,The Mask,2472
Romance,6.4522199630737305,219,Volver,406
Romance,6.452098369598389,243,High Fidelity,628
Romance,6.451361656188965,3078,It Happened One Night,275
Romance,6.450613021850586,454,Romeo + Juliet,1374
Romance,6.4453325271606445,802,Lolita,395
Romance,6.4451727867126465,392,Chocolat,951
Romance,6.444241523742676,77877,The Lucky One,946
Romance,6.444149494171143,11113,My Fair Lady,352
Romance,6.442357063293457,6615,Lars and the Real Girl,509
Romance,6.441410064697266,1824,50 First Dates,2105
Romance,6.438973426818848,688,The Bridges of Madison County,385
Romance,6.437689781188965,1360,Frida,383
Romance,6.43625545501709,10198,The Princess and the Frog,1247
Romance,6.43359899520874,1581,The Holiday,1225
Romance,6.431136608123779,22947,Up in the Air,1205
Romance,6.429909706115723,90369,Now Is Good,371
Romance,6.423301696777344,676,Pearl Harbor,1791
Romance,6.420706272125244,409,The English Patient,542
Romance,6.42053747177124,1381,The Fountain,827
Romance,6.417117118835449,1597,Meet the Parents,1698
Romance,6.413834571838379,1934,Shakespeare in Love,796
Romance,6.411827564239502,9762,Step Up,1060
Romance,6.409427642822266,9550,House of Flying Daggers,439
Romance,6.406280517578125,26022,My Name Is Khan,232
Romance,6.406002998352051,5038,Vicky Cristina Barcelona,1020
Romance,6.4004011154174805,42188,Never Let Me Go,737
Romance,6.398205757141113,4523,Enchanted,1449
Romance,6.395026206970215,42297,Burlesque,573
Romance,6.39479923248291,4688,Across the Universe,410
Romance,6.39479923248291,11153,National Lampoon's Vacation,410
Romance,6.391664028167725,1391,Y Tu Mamá También,315
Romance,6.3904500007629395,4584,Sense and Sensibility,352
Romance,6.3891987800598145,9390,Jerry Maguire,913
Romance,6.3888349533081055,16642,Days of Heaven,234
Romance,6.38679838180542,291270,Anomalisa,459
Romance,6.381215572357178,22971,Dear John,1262
Romance,6.380443096160889,8051,Punch-Drunk Love,530
Romance,6.3783745765686035,55787,Water for Elephants,850
Romance,6.378321170806885,43347,Love & Other Drugs,1233
Romance,6.377966403961182,50544,Friends with Benefits,2237
Romance,6.377580642700195,9833,The Phantom of the Opera,438
Romance,6.3748955726623535,10647,Pay It Forward,432
Romance,6.371288299560547,2288,Closer,811
Romance,6.368855953216553,24420,The Time Traveler's Wife,798
Romance,6.368478775024414,4148,Revolutionary Road,796
Romance,6.368066787719727,451,Leaving Las Vegas,360
Romance,6.361642360687256,9675,Sideways,478
Romance,6.360928535461426,907,Doctor Zhivago,247
Romance,6.358776092529297,12159,What Dreams May Come,577
Romance,6.352660179138184,84332,Safety Not Guaranteed,556
Romance,6.351137638092041,55721,Bridesmaids,1661
Romance,6.350624084472656,38050,The Adjustment Bureau,1652
Romance,6.348186016082764,9281,Witness,375
Romance,6.346991062164307,544,There's Something About Mary,1590
Romance,6.345036029815674,1850,Man on the Moon,435
Romance,6.341294765472412,85446,Step Up Revolution,663
Romance,6.34042501449585,14202,The Painted Veil,312
Romance,6.339592933654785,9476,A Knight's Tale,907
Romance,6.3394060134887695,9576,Tootsie,421
Romance,6.338053226470947,1245,The Remains of the Day,202
Romance,6.331526279449463,8390,"Definitely, Maybe",620
Romance,6.331524848937988,634,Bridget Jones's Diary,1356
Romance,6.32792854309082,796,Cruel Intentions,827
Romance,6.323122501373291,37056,Letters to Juliet,796
Romance,6.321435451507568,713,The Piano,281
Romance,6.321218013763428,18320,The Young Victoria,322
Romance,6.319304943084717,191714,The Lunchbox,221
Romance,6.318548679351807,82654,Warm Bodies,2652
Romance,6.314484119415283,261,Cat on a Hot Tin Roof,165
Romance,6.312378406524658,226857,Endless Love,542
Romance,6.309640407562256,2105,American Pie,2296
Romance,6.308532238006592,1903,Vanilla Sky,1078
Romance,6.304590702056885,24684,An Education,409
Romance,6.303218841552734,9880,The Princess Diaries,1023
Romance,6.300942420959473,9454,Ever After: A Cinderella Story,399
Romance,6.298357009887695,2293,Mallrats,392
Romance,6.294581890106201,712,Four Weddings and a Funeral,632
Romance,6.29371452331543,2977,Becoming Jane,317
Romance,6.293663501739502,11661,Joyeux Noël,212
Romance,6.290187835693359,1555,The Spanish Apartment,266
Romance,6.289706230163574,245,About a Boy,607
Romance,6.288820266723633,887,The Best Years of Our Lives,143
Romance,6.287911415100098,8488,Hitch,1665
Romance,6.284934043884277,859,Dangerous Liaisons,257
Romance,6.284672260284424,41233,Step Up 3D,582
Romance,6.283137321472168,79120,Weekend,163
Romance,6.282354831695557,171274,Inherent Vice,833
Romance,6.282261371612549,19265,Whatever Works,350
Romance,6.2820258140563965,2255,Chasing Amy,433
Romance,6.281388282775879,8879,Pale Rider,251
Romance,6.28107213973999,55347,Beginners,347
Romance,6.280105113983154,24803,Julie & Julia,560
Romance,6.276113033294678,67660,Think Like a Man,281
Romance,6.275559425354004,468,My Own Private Idaho,212
Romance,6.275505065917969,11971,Much Ado About Nothing,189
Romance,6.274575710296631,11631,Mamma Mia!,1386
Romance,6.2740936279296875,9441,Stepmom,277
Romance,6.2730793952941895,9434,Grosse Pointe Blank,275
Romance,6.2716755867004395,9778,Serendipity,521
Romance,6.270612716674805,12783,The Duchess,396
Romance,6.266175270080566,2976,Hairspray,709
Romance,6.264179706573486,11013,Secretary,376
Romance,6.261980056762695,9870,Forgetting Sarah Marshall,1172
Romance,6.260577201843262,2044,The Lake House,670
Romance,6.259352684020996,9587,Little Women,215
Romance,6.25608491897583,8328,Step Up 2: The Streets,640
Romance,6.255932331085205,96724,Anna Karenina,639
Romance,6.254778861999512,1440,Little Children,240
Romance,6.253504276275635,14811,Fiddler on the Roof,134
Romance,6.25256872177124,250124,The Diary of a Teenage Girl,279
Romance,6.252077102661133,1259,Notes on a Scandal,235
Romance,6.2503485679626465,25196,Crazy Heart,274
Romance,6.249766826629639,11561,Sleeper,200
Romance,6.247684955596924,20943,The Ugly Truth,972
Romance,6.246410846710205,9007,Just Like Heaven,579
Romance,6.2440361976623535,526,Ladyhawke,260
Romance,6.241848945617676,9464,Buffalo '66,166
Romance,6.240825176239014,10218,Swingers,253
Romance,6.240320682525635,306745,Freeheld,164
Romance,6.236473083496094,5994,The Family Man,521
Romance,6.23594856262207,844,2046,206
Romance,6.2349162101745605,547,The Horse Whisperer,292
Romance,6.234577655792236,1544,Imagine Me & You,177
Romance,6.23354434967041,223485,Slow West,367
Romance,6.233267784118652,87825,Trouble with the Curve,366
Romance,6.231357097625732,9303,Bound,198
Romance,6.229148864746094,10436,The Age of Innocence,169
Romance,6.228217124938965,209263,Enough Said,348
Romance,6.228095054626465,11426,From Here to Eternity,133
Romance,6.226701259613037,18937,Quest for Camelot,190
Romance,6.225639343261719,913,The Thomas Crown Affair,339
Romance,6.220775604248047,50546,Just Go with It,1543
Romance,6.219558238983154,9655,She's the Man,671
Romance,6.218764781951904,2266,"Paris, je t'aime",207
Romance,6.2183966636657715,11386,The Crying Game,176
Romance,6.216763973236084,21755,The Brothers Bloom,203
Romance,6.216142654418945,64678,The Art of Getting By,415
Romance,6.21496057510376,4517,Elizabeth: The Golden Age,303
Romance,6.211523532867432,11820,Mona Lisa Smile,393
Romance,6.211264133453369,10998,Fatal Attraction,291
Romance,6.209571361541748,1907,The Beach,1233
Romance,6.2083587646484375,10096,13 Going on 30,1204
Romance,6.20808744430542,241771,Beyond the Lights,139
Romance,6.206223487854004,4912,Confessions of a Dangerous Mind,275
Romance,6.20621919631958,14283,The Red Violin,99
Romance,6.206170558929443,11257,A Room with a View,156
Romance,6.20554780960083,10564,Where the Heart Is,155
Romance,6.204299449920654,10803,Logan's Run,269
Romance,6.203632354736328,9726,A Good Year,357
Romance,6.203132629394531,14736,Love & Basketball,88
Romance,6.20295524597168,10215,Sliding Doors,354
Romance,6.20241641998291,22051,Adam,150
Romance,6.202338695526123,795,City of Angels,529
Romance,6.199981212615967,50848,The Names of Love,93
Romance,6.199698448181152,16633,Somewhere in Time,102
Romance,6.199098587036133,1788,Footloose,505
Romance,6.19882345199585,8952,I Love You Phillip Morris,503
Romance,6.19862174987793,10712,Far from Heaven,144
Romance,6.198126792907715,1389,Out of Sight,333
Romance,6.196835041046143,13689,Peaceful Warrior,90
Romance,6.193455219268799,25195,Leap Year,465
Romance,6.193188190460205,19255,Away We Go,189
Romance,6.192646026611328,40794,Loose Cannons,118
Romance,6.192303657531738,248774,Obvious Child,187
Romance,6.190425872802734,9919,How to Lose a Guy in 10 Days,850
Romance,6.189693927764893,9489,You've Got Mail,838
Romance,6.18337869644165,10705,Henry V,71
Romance,6.18051815032959,88005,Seeking a Friend for the End of the World,700
Romance,6.180507659912109,60420,Like Crazy,381
Romance,6.180179595947266,12182,Nick and Norah's Infinite Playlist,379
Romance,6.1800537109375,13198,Wristcutters: A Love Story,160
Romance,6.179850101470947,3635,Girl with a Pearl Earring,377
Romance,6.178656101226807,11208,Wicker Park,157
Romance,6.177720069885254,1833,Rent,155
Romance,6.1775336265563965,34106,You Can't Take It With You,79
Romance,6.1775336265563965,185008,Yeh Jawaani Hai Deewani,79
Romance,6.177414894104004,301351,We Are Your Friends,658
Romance,6.177402973175049,1365,Monster's Ball,250
Romance,6.176355838775635,11086,The Majestic,188
Romance,6.175559997558594,20,My Life Without Me,77
Romance,6.175053596496582,4251,Veer-Zaara,64
Romance,6.173466205596924,8095,Cleopatra,146
Romance,6.173005104064941,113947,The Sessions,179
Romance,6.172511100769043,11162,The Merchant of Venice,144
Romance,6.171823024749756,11400,The New World,330
Romance,6.171535968780518,8874,My Best Friend's Wedding,584
Romance,6.171004772186279,132316,Jab Tak Hai Jaan,66
Romance,6.169142246246338,13435,Antwone Fisher,137
Romance,6.169037342071533,3080,Top Hat,59
Romance,6.168766975402832,9543,Prince of Persia: The Sands of Time,2317
Romance,6.16671085357666,17187,The Emperor's Club,96
Romance,6.166015148162842,8293,Howards End,95
Romance,6.165220737457275,6957,The 40 Year Old Virgin,1983
Romance,6.164254188537598,9026,The Importance of Being Earnest,127
Romance,6.16424036026001,29963,Bright Star,107
Romance,6.164181232452393,16161,Baby Boy,55
Romance,6.163759231567383,12797,Ghost Town,286
Romance,6.163414001464844,10362,Two Lovers,154
Romance,6.162961483001709,10162,Waking Ned,54
Romance,6.162628173828125,78698,Big Miracle,152
Romance,6.162230968475342,1921,Sweet November,278
Romance,6.162027835845947,9087,The American President,195
Romance,6.160836696624756,905,Pandora's Box,45
Romance,6.1600470542907715,123553,The Mortal Instruments: City of Bones,1602
Romance,6.159401893615723,21461,Lage Raho Munna Bhai,44
Romance,6.1572957038879395,193610,The Other Woman,1437
Romance,6.156672477722168,20178,World's Greatest Dad,177
Romance,6.155831813812256,10288,Fido,135
Romance,6.155734539031982,9839,Beyond Borders,110
Romance,6.155208110809326,6964,Something's Gotta Give,410
Romance,6.153509616851807,26371,Maurice,61
Romance,6.153262615203857,26748,Lone Star,77
Romance,6.1530070304870605,2779,The Curse of the Jade Scorpion,165
Romance,6.1529130935668945,4964,Knocked Up,1214
Romance,6.152702808380127,14295,You Can Count on Me,88
Romance,6.151587963104248,184098,Think Like a Man Too,225
Romance,6.151144981384277,9093,The Four Feathers,159
Romance,6.150732040405273,183894,Emma,38
Romance,6.1503682136535645,41110,I Am Love,73
Romance,6.149197578430176,11620,Quo Vadis,63
Romance,6.148802280426025,9816,Save the Last Dance,352
Romance,6.147359848022461,9716,Everyone Says I Love You,147
Romance,6.146718502044678,987,The Front Page,68
Romance,6.146652698516846,10184,He's Just Not That Into You,959
Romance,6.146461009979248,14624,The Ultimate Gift,78
Romance,6.145570755004883,1439,Anna and the King,197
Romance,6.1448283195495605,10744,The Cooler,89
Romance,6.14265775680542,11536,The Misfits,72
Romance,6.14251708984375,11887,High School Musical 3: Senior Year,821
Romance,6.139946937561035,10934,Under the Tuscan Sun,172
Romance,6.1394124031066895,10691,Crazy/Beautiful,96
Romance,6.138845443725586,9664,Flyboys,271
Romance,6.138200283050537,9588,Quigley Down Under,119
Romance,6.1378607749938965,84184,Celeste & Jesse Forever,163
Romance,6.1372270584106445,8346,My Big Fat Greek Wedding,671
Romance,6.1372270584106445,63492,What's Your Number?,671
Romance,6.137218952178955,12509,Pollock,91
Romance,6.135568618774414,10445,Shadowlands,61
Romance,6.1353654861450195,11622,Blast from the Past,245
Romance,6.1351542472839355,57825,Bride & Prejudice,110
Romance,6.133428573608398,455,Bend It Like Beckham,578
Romance,6.133076190948486,258755,Hidden Away,26
Romance,6.132952690124512,480,Monsoon Wedding,57
Romance,6.132749557495117,11091,Riding in Cars with Boys,103
Romance,6.132372856140137,11172,Music and Lyrics,554
Romance,6.130993843078613,8291,Poetic Justice,47
Romance,6.1296539306640625,7973,Caramel,52
Romance,6.129420280456543,13768,Tuck Everlasting,128
Romance,6.127774238586426,16158,The Wood,34
Romance,6.127152919769287,464,As It Is in Heaven,42
Romance,6.12685489654541,2148,The Cotton Club,68
Romance,6.1267781257629395,15708,Latter Days,56
Romance,6.126322269439697,33667,Gentleman's Agreement,47
Romance,6.126213073730469,36811,The Last Station,55
Romance,6.126059532165527,38448,Ondine,84
Romance,6.1255106925964355,10806,In & Out,177
Romance,6.1249799728393555,18923,A Home at the End of the World,45
Romance,6.12486457824707,11027,The Postman Always Rings Twice,110
Romance,6.1243486404418945,6440,The Shipping News,108
Romance,6.124116897583008,1809,The Rules of Attraction,168
Romance,6.124085903167725,15976,The Bubble,20
Romance,6.1224260330200195,22897,It's Complicated,360
Romance,6.121696949005127,37964,Brown Sugar,31
Romance,6.121583938598633,10894,May,152
Romance,6.121074676513672,37080,Mother and Child,46
Romance,6.120498180389404,21494,Moliere,45
Romance,6.120367050170898,25209,Annie Get Your Gun,22
Romance,6.120187282562256,9294,Phenomenon,323
Romance,6.119800090789795,13967,Miss Potter,141
Romance,6.119636058807373,1378,Shortbus,140
Romance,6.119558334350586,24266,The Man from Snowy River,37
Romance,6.119471549987793,121826,Quartet,139
Romance,6.119463920593262,43867,The Prisoner of Zenda,11
Romance,6.11889123916626,11240,My Beautiful Laundrette,51
Romance,6.1188578605651855,3172,Bandits,302
Romance,6.118414402008057,10786,Robin and Marian,50
Romance,6.118414402008057,27191,The Greatest Show on Earth,50
Romance,6.118134021759033,26815,Rocket Singh: Salesman of the Year,27
Romance,6.118104934692383,27322,Love Jones,12
Romance,6.117936611175537,12404,Me and Orson Welles,49
Romance,6.117936611175537,22267,Ride with the Devil,49
Romance,6.117502689361572,7509,Water,34
Romance,6.117192268371582,6639,Love in the Time of Cholera,81
Romance,6.117192268371582,8198,The Quiet American,81
Romance,6.116802215576172,20857,Hardball,123
Romance,6.116131782531738,25461,Raising Victor Vargas,13
Romance,6.116125106811523,19316,Saving Face,32
Romance,6.115843296051025,12586,Bella,37
Romance,6.11582612991333,13491,Arn: The Knight Templar,76
Romance,6.115367889404297,152599,The Immigrant,250
Romance,6.115297794342041,9043,The Family Stone,249
Romance,6.114945888519287,13092,How to Lose Friends & Alienate People,244
Romance,6.114920616149902,10279,Summer of Sam,112
Romance,6.114598751068115,217708,Of Horses and Men,26
Romance,6.114591121673584,1599,I Heart Huckabees,239
Romance,6.114541530609131,25719,Shooting Fish,23
Romance,6.1145195960998535,7942,"Run, Fatboy, Run",238
Romance,6.114446640014648,16186,Diary of a Mad Black Woman,71
Romance,6.114226818084717,16899,Easy Virtue,108
Romance,6.114223480224609,31005,Moonlight Mile,52
Romance,6.1139445304870605,6961,The Wedding Date,230
Romance,6.113871097564697,40652,The Married Woman,20
Romance,6.113726615905762,38543,Ironclad,227
Romance,6.113353729248047,16323,The Rose,28
Romance,6.113353729248047,33870,Mao's Last Dancer,28
Romance,6.112895965576172,1651,Mississippi Mermaid,32
Romance,6.112734794616699,3060,The Big Parade,21
Romance,6.1126909255981445,14054,Snow Angels,48
Romance,6.112657070159912,325373,Two Lovers and a Bear,27
Romance,6.1123223304748535,50725,Take Me Home Tonight,208
Romance,6.112306118011475,25189,The Mirror Has Two Faces,47
Romance,6.110690116882324,361475,Departure,12
Romance,6.110678195953369,10390,For Love of the Game,88
Romance,6.110591888427734,18840,The White Countess,21
Romance,6.110402584075928,1909,Don Juan DeMarco,183
Romance,6.109941005706787,19344,Loving Annabelle,55
Romance,6.1090803146362305,22556,The Yellow Handkerchief,52
Romance,6.108719348907471,11876,The Horseman on the Roof,25
Romance,6.10817813873291,20360,Namastey London,29
Romance,6.10816764831543,17820,Show Boat,18
Romance,6.107679843902588,29146,Charly,28
Romance,6.107653617858887,10739,Anything Else,149
Romance,6.1070661544799805,9280,Femme Fatale,142
Romance,6.1069111824035645,25636,Jesus' Son,22
Romance,6.106614589691162,2074,Flirting with Disaster,66
Romance,6.106306076049805,26306,Prefontaine,21
Romance,6.104818820953369,2577,Code 46,116
Romance,6.104818820953369,13497,Drumline,116
Romance,6.103587627410889,29463,Krush Groove,11
Romance,6.103587627410889,33430,Twin Falls Idaho,11
Romance,6.102962017059326,41823,Mo' Better Blues,47
Romance,6.102766036987305,24137,An Ideal Husband,46
Romance,6.102453708648682,47452,Love and Death on Long Island,11
Romance,6.102131366729736,25462,Two Can Play That Game,17
Romance,6.102131366729736,35032,The Pirate,17
Romance,6.1016387939453125,24985,The Heart of Me,5
Romance,6.101520538330078,8141,You Kill Me,80
Romance,6.101436138153076,361505,Me You and Five Bucks,2
Romance,6.101400852203369,7301,Lonesome Jim,26
Romance,6.101382732391357,9089,Home for the Holidays,39
Romance,6.101097583770752,25520,The House of Mirth,25
Romance,6.100488662719727,18701,Being Julia,23
Romance,6.100185394287109,48217,The Widow of Saint-Pierre,11
Romance,6.100183486938477,15173,Jonah: A VeggieTales Movie,22
Romance,6.099980354309082,9686,New York Stories,64
Romance,6.099979877471924,10219,Snow Falling on Cedars,32
Romance,6.099777698516846,53256,Three,31
Romance,6.099568843841553,42618,Sweet Charity,15
Romance,6.099148273468018,16653,The Singles Ward,4
Romance,6.09894323348999,231617,"Signed, Sealed, Delivered",6
Romance,6.098761558532715,14582,Passchendaele,26
Romance,6.098761558532715,24071,Mumford,26
Romance,6.098692893981934,10269,Yentl,51
Romance,6.098556995391846,22597,The Broken Hearts Club: A Romantic Comedy,25
Romance,6.098316192626953,173224,Along the Roadside,3
Romance,6.09829044342041,11889,Iris,47
Romance,6.098172187805176,50620,The Twilight Saga: Breaking Dawn - Part 2,2553
Romance,6.098146438598633,16388,The Brothers McMullen,23
Romance,6.098146438598633,50035,Lovely & Amazing,23
Romance,6.098087787628174,62008,Good Deeds,45
Romance,6.098028659820557,44770,The Exploding Girl,15
Romance,6.098016738891602,63020,The Perez Family,9
Romance,6.097940921783447,44594,Barry Munday,22
Romance,6.097783088684082,286565,Paper Towns,1937
Romance,6.0976996421813965,46729,Fetching Cody,6
Romance,6.0976996421813965,65749,Tango,6
Romance,6.097527980804443,2211,Aimee & Jaguar,20
Romance,6.097502708435059,20322,The Brothers,10
Romance,6.097372055053711,15624,Conversations with Other Women,38
Romance,6.097247123718262,693,Meet the Fockers,1373
Romance,6.097196578979492,41630,No Strings Attached,1331
Romance,6.097166061401367,542,The Crime of Padre Amaro,36
Romance,6.096977233886719,49963,Walking and Talking,7
Romance,6.096729278564453,225565,That Awkward Moment,1004
Romance,6.096709251403809,3981,What Women Want,992
Romance,6.0966973304748535,24621,Chasing Papi,16
Romance,6.0966973304748535,25113,The Four Seasons,16
Romance,6.096685409545898,6557,27 Dresses,978
Romance,6.096670150756836,55604,Boom Town,8
Romance,6.096646308898926,268171,Elsa & Fred,31
Romance,6.096452236175537,260778,Vaalu,5
Romance,6.096332550048828,22649,A Farewell to Arms,28
Romance,6.096243381500244,9801,Bridget Jones: The Edge of Reason,750
Romance,6.096227169036865,53113,One True Thing,27
Romance,6.096133232116699,17044,The Land Girls,3
Romance,6.096036911010742,619,The Bodyguard,661
Romance,6.0960164070129395,39780,Oscar and Lucinda,25
Romance,6.095592021942139,28029,A Walk on the Moon,21
Romance,6.0955095291137695,55831,Boynton Beach Club,3
Romance,6.095485210418701,18206,Alone With Her,20
Romance,6.095438480377197,22913,24 7: Twenty Four Seven,10
Romance,6.095410346984863,56930,Tycoon,4
Romance,6.095378398895264,27686,State Fair,19
Romance,6.095317363739014,38357,Morning Glory,412
Romance,6.095291614532471,108346,Dreaming of Joseph Lees,1
Romance,6.095291614532471,161795,Déjà Vu,1
Romance,6.095227241516113,14834,Not Easily Broken,9
Romance,6.095212459564209,14608,Partition,6
Romance,6.09500789642334,9621,Elizabethtown,327
Romance,6.094984531402588,2619,Splash,321
Romance,6.094948768615723,24055,The Puffy Chair,15
Romance,6.094908714294434,535,Flashdance,302
Romance,6.094780445098877,255343,Escobar: Paradise Lost,271
Romance,6.094732284545898,51384,"Lovely, Still",13
Romance,6.094515323638916,318040,Bizarre,11
Romance,6.094377517700195,358451,A Tale of Three Cities,5
Romance,6.0943684577941895,9962,The Good Girl,181
Romance,6.094250202178955,125537,Smiling Fish & Goat On Fire,1
Romance,6.094221591949463,14844,Chasing Liberty,152
Romance,6.094120979309082,39053,Cyrus,133
Romance,6.094060897827148,15037,Can't Hardly Wait,122
Romance,6.093932151794434,38093,Just Wright,99
Romance,6.09391450881958,7515,London,96
Romance,6.093742847442627,2621,Return to Me,67
Romance,6.093742847442627,12637,"New York, New York",67
Romance,6.093637466430664,17334,The Other End of the Line,50
Romance,6.093599319458008,15256,200 Cigarettes,44
Romance,6.093586444854736,14395,Kabhi Alvida Naa Kehna,42
Romance,6.093567371368408,5769,Tom Jones,39
Romance,6.093560695648193,8060,Married Life,38
Romance,6.0935540199279785,3062,42nd Street,37
Romance,6.093541145324707,23069,Benji,35
Romance,6.09353494644165,14758,Good Dick,34
Romance,6.09353494644165,66942,Griff the Invisible,34
Romance,6.093502044677734,35688,Why Did I Get Married Too?,29
Romance,6.093475818634033,27995,She's Gotta Have It,25
Romance,6.093469142913818,340816,Christmas Eve,24
Romance,6.093408584594727,39563,The Eclipse,15
Romance,6.093354225158691,36046,The Work and the Glory,7
Romance,6.093354225158691,56666,Fiza,7
Romance,6.093305587768555,51955,Hav Plenty,0
Romance,6.093305587768555,74084,Dil Jo Bhi Kahey...,0
Romance,6.093305587768555,324352,Anderson's Cross,0
Romance,6.093208312988281,90414,"I Love You, Don't Touch Me!",1
Romance,6.093208312988281,255266,Dry Spell,1
Romance,6.093111515045166,30082,Forty Shades of Blue,2
Romance,6.093111515045166,42109,Gabriela,2
Romance,6.0929999351501465,41317,Caravans,1
Romance,6.092533588409424,43306,A Guy Named Joe,8
Romance,6.092438220977783,42497,Pink Narcissus,9
Romance,6.0923027992248535,72766,Newlyweds,5
Romance,6.092166900634766,29731,And Then Came Love,1
Romance,6.092079162597656,96534,My Last Day Without You,3
Romance,6.092057704925537,14165,Ta Ra Rum Pum,13
Romance,6.091904640197754,25312,Yes,7
Romance,6.091399192810059,41469,Next Stop Wonderland,20
Romance,6.091310501098633,7547,Come Early Morning,10
Romance,6.091306209564209,5178,The Good Heart,21
Romance,6.091265678405762,14156,Impact Point,5
Romance,6.09102725982666,9700,The Lost City,24
Romance,6.09102725982666,33644,How Stella Got Her Groove Back,24
Romance,6.090578556060791,38007,Ira & Abby,9
Romance,6.090578556060791,76996,Love and Other Catastrophes,9
Romance,6.090519905090332,380733,Fight to the Finish,3
Romance,6.090475082397461,15875,Donovan's Reef,30
Romance,6.090328693389893,47816,3 Strikes,15
Romance,6.090238571166992,23655,Groove,6
Romance,6.090201377868652,13994,Romance & Cigarettes,33
Romance,6.08998966217041,125123,Among Giants,2
Romance,6.089648723602295,20065,Purple Violets,9
Romance,6.089569568634033,37737,Kites,40
Romance,6.088960647583008,57943,The Love Letter,3
Romance,6.088764190673828,21283,Steppin: The Movie,4
Romance,6.088764190673828,32222,American Desi,4
Romance,6.088764190673828,98557,Dysfunctional Friends,4
Romance,6.088444709777832,13066,I Want Someone to Eat Cheese With,12
Romance,6.088214874267578,41248,The Girl on the Train,10
Romance,6.088214874267578,47889,Ruby in Paradise,10
Romance,6.088045120239258,29371,The Incredibly True Adventure of Two Girls In Love,13
Romance,6.087933540344238,40185,Camping Sauvage,4
Romance,6.087933540344238,125052,Hurricane Streets,4
Romance,6.087897777557373,9709,My Summer of Love,59
Romance,6.087751388549805,38415,Bran Nue Dae,6
Romance,6.087569713592529,29996,Solomon and Sheba,8
Romance,6.087441921234131,13132,All the Real Girls,30
Romance,6.0872483253479,28121,A Thin Line Between Love and Hate,15
Romance,6.087209224700928,44990,Breaking Upwards,12
Romance,6.087182521820068,58680,Woo,10
Romance,6.087020397186279,16428,Breakin' All the Rules,21
Romance,6.086832523345947,46727,Speedway Junky,7
Romance,6.086777687072754,96238,Never Again,3
Romance,6.086742401123047,28353,Def Jam's How to Be a Player,8
Romance,6.086727619171143,37842,Wild Grass,22
Romance,6.0866875648498535,53862,Trippin',4
Romance,6.086370468139648,16781,Madea's Family Reunion,77
Romance,6.085842132568359,111794,20 Dates,3
Romance,6.085443496704102,15122,Love Stinks,11
Romance,6.085273742675781,14474,The Oh in Ohio,27
Romance,6.085264205932617,43839,Alexander's Ragtime Band,6
Romance,6.084768772125244,44857,Molly,14
Romance,6.084737300872803,297621,There's Always Woodstock,12
Romance,6.084712982177734,21413,The Battle of Shaker Heights,17
Romance,6.084712982177734,44853,The Claim,17
Romance,6.084522724151611,91122,16 to Life,5
Romance,6.084309101104736,46889,Living Out Loud,11
Romance,6.0840911865234375,15556,At First Sight,48
Romance,6.084086894989014,77332,Urbania,10
Romance,6.084086894989014,87729,Jefferson in Paris,10
Romance,6.083779811859131,71547,Fascination,4
Romance,6.083726406097412,9302,Up Close & Personal,50
Romance,6.0834856033325195,133575,The Velocity of Gary,5
Romance,6.083433151245117,42586,Darling Lili,8
Romance,6.083433151245117,153397,Restless,8
Romance,6.083082675933838,12658,Someone Like You...,118
Romance,6.082775115966797,14709,Varsity Blues,122
Romance,6.082775115966797,153158,Underdogs,122
Romance,6.082640171051025,10333,The Prince of Tides,56
Romance,6.082640171051025,22215,Cheri,56
Romance,6.08262825012207,45881,The Bridge of San Luis Rey,15
Romance,6.082533836364746,26673,Frat Party,4
Romance,6.081929683685303,59930,The Inkwell,5
Romance,6.0817790031433105,39141,Tadpole,19
Romance,6.081389427185059,7870,Down in the Valley,63
Romance,6.081357955932617,121676,Inescapable,13
Romance,6.08095121383667,68202,Without Men,8
Romance,6.0808587074279785,21349,Anywhere But Here,66
Romance,6.080591678619385,39833,Love Me Tender,21
Romance,6.080438613891602,38970,"Remember Me, My Love",44
Romance,6.0801591873168945,79777,In the Land of Blood and Honey,45
Romance,6.079854965209961,31163,Chicken Tikka Masala,5
Romance,6.079456806182861,28005,Kama Sutra - A Tale of Love,35
Romance,6.079310894012451,321,Mambo Italiano,28
Romance,6.079284191131592,12220,The Story of Us,75
Romance,6.079046726226807,73247,Heartbeeps,6
Romance,6.078819751739502,18828,Double Take,24
Romance,6.078690052032471,21311,I Dreamed of Africa,18
Romance,6.078646183013916,12183,The Wendell Baker Story,16
Romance,6.078495025634766,9930,Legal Eagles,51
Romance,6.078469276428223,220488,My Lucky Star,8
Romance,6.078421592712402,45272,Country Strong,80
Romance,6.078341960906982,14578,Outside Providence,30
Romance,6.077876567840576,1989,My Blueberry Nights,190
Romance,6.077549457550049,46415,Neal 'n' Nikki,4
Romance,6.077397346496582,182,The Good German,86
Romance,6.077179908752441,13501,The Good Night,41
Romance,6.0770583152771,28260,Return of the Living Dead 3,88
Romance,6.076895236968994,10913,Dear Wendy,33
Romance,6.076803207397461,17403,How to Deal,42
Romance,6.0766754150390625,11983,Proof of Life,208
Romance,6.0766754150390625,45658,Everything Must Go,208
Romance,6.076632022857666,42057,It's a Wonderful Afterlife,9
Romance,6.076544284820557,222899,About Last Night,210
Romance,6.076478481292725,14024,Raise Your Voice,211
Romance,6.076384544372559,59457,Womb,92
Romance,6.076378345489502,29076,Gun Shy,24
Romance,6.076378345489502,32456,Two Girls and a Guy,24
Romance,6.076035499572754,21355,All the Pretty Horses,60
Romance,6.07589054107666,14057,Trust the Man,29
Romance,6.075514793395996,89325,Darling Companion,22
Romance,6.075494766235352,14429,Drive Me Crazy,62
Romance,6.075364112854004,14877,September Dawn,16
Romance,6.075056076049805,158150,How to Fall in Love,20
Romance,6.074670791625977,45145,Johnny Suede,13
Romance,6.073739528656006,10017,The Wraith,108
Romance,6.073614597320557,17926,Undiscovered,12
Romance,6.073284149169922,38073,Going the Distance,262
Romance,6.073150634765625,40001,Mrs. Winterbourne,25
Romance,6.072990894317627,13201,Deuces Wild,34
Romance,6.07295560836792,17186,Supercross,29
Romance,6.072734832763672,34043,On the Line,10
Romance,6.0725579261779785,18615,Fur: An Imaginary Portrait of Diane Arbus,73
Romance,6.072065353393555,65203,The Broadway Melody,19
Romance,6.072031021118164,11065,O,75
Romance,6.072031021118164,25968,Veronika Decides to Die,75
Romance,6.071835041046143,19844,Kiss the Bride,11
Romance,6.071469783782959,11823,Wimbledon,293
Romance,6.071331024169922,11191,Mystic Pizza,123
Romance,6.070903301239014,10028,Honey,303
Romance,6.070542812347412,7548,The Libertine,128
Romance,6.070461750030518,9715,Hope Floats,81
Romance,6.06968355178833,36691,Solitary Man,84
Romance,6.069296836853027,10013,Peggy Sue Got Married,136
Romance,6.068778038024902,13523,Sex Drive,342
Romance,6.068606853485107,30139,Phat Girlz,10
Romance,6.068180084228516,24663,The Open Road,19
Romance,6.068045616149902,172533,Drinking Buddies,356
Romance,6.067550182342529,10416,What Planet Are You From?,37
Romance,6.06743049621582,38303,You Again,368
Romance,6.067159652709961,10478,Tin Cup,150
Romance,6.067084789276123,58051,Housefull,29
Romance,6.066646099090576,278316,Da Sweet Blood of Jesus,13
Romance,6.066577434539795,80585,Rock of Ages,385
Romance,6.066550254821777,11363,She's the One,70
Romance,6.0661492347717285,14629,Woman on Top,46
Romance,6.066134452819824,10761,Made of Honor,394
Romance,6.066134452819824,11529,Sweet Home Alabama,394
Romance,6.065793037414551,5822,Sweet Sweetback's Baadasssss Song,18
Romance,6.065130710601807,9095,Mary Reilly,74
Romance,6.064981937408447,11232,Kate & Leopold,418
Romance,6.064777374267578,2610,Shopgirl,75
Romance,6.0647149085998535,47607,Tiny Furniture,59
Romance,6.06355094909668,18126,Hannah Montana: The Movie,449
Romance,6.062471389770508,11431,Fever Pitch,182
Romance,6.061992168426514,9583,Divine Secrets of the Ya-Ya Sisterhood,65
Romance,6.061881065368652,137321,Winter's Tale,487
Romance,6.06148099899292,4599,Raising Helen,189
Romance,6.061214447021484,2008,The Promise,29
Romance,6.061091423034668,82533,Damsels in Distress,67
Romance,6.0607805252075195,1901,In Good Company,194
Romance,6.060582160949707,23082,The Invention of Lying,518
Romance,6.060258388519287,13539,Here On Earth,48
Romance,6.059360980987549,23531,Whipped,11
Romance,6.059167385101318,15186,Full Frontal,26
Romance,6.058869361877441,38665,The Legend of the Lone Ranger,14
Romance,6.0588555335998535,17127,The Object of My Affection,72
Romance,6.058579921722412,8984,Disclosure,210
Romance,6.058529376983643,9895,Man of the Year,129
Romance,6.057654857635498,59860,Monte Carlo,593
Romance,6.057322025299072,1844,Entrapment,602
Romance,6.05702018737793,251979,The Perfect Wave,21
Romance,6.055941581726074,11648,Must Love Dogs,140
Romance,6.055824279785156,378200,The Perfect Match,42
Romance,6.054561614990234,14854,Lone Wolf McQuade,67
Romance,6.054117679595947,11863,Jade,44
Romance,6.0540337562561035,11130,The Princess Diaries 2: Royal Engagement,697
Romance,6.054030895233154,24113,Town & Country,16
Romance,6.053123950958252,39037,The Good Guy,59
Romance,6.0526909828186035,16222,Whatever It Takes,37
Romance,6.052482604980469,20009,Slackers,60
Romance,6.051843166351318,5852,Angel Eyes,88
Romance,6.051543712615967,12257,Home Fries,32
Romance,6.051367282867432,13067,In the Land of Women,160
Romance,6.051337242126465,11632,Vanity Fair,73
Romance,6.051204681396484,10563,Three to Tango,62
Romance,6.0502705574035645,10050,Get Over It,75
Romance,6.049862384796143,11137,The Prince & Me,278
Romance,6.049490928649902,38117,Beastly,849
Romance,6.049023151397705,79698,The Lovers,34
Romance,6.0488996505737305,46503,All Good Things,286
Romance,6.048273086547852,16643,Life or Something Like It,124
Romance,6.048007965087891,23570,The Pallbearer,30
Romance,6.047713279724121,49022,Something Borrowed,296
Romance,6.047605514526367,10068,Nine 1/2 Weeks,177
Romance,6.047595500946045,4380,Shall We Dance?,297
Romance,6.04701042175293,10003,The Saint,302
Romance,6.046354293823242,4942,Leatherheads,130
Romance,6.04630184173584,23049,My Life in Ruins,101
Romance,6.045968532562256,6520,First Knight,311
Romance,6.045054912567139,22327,Youth in Revolt,319
Romance,6.045042514801025,11141,Laws of Attraction,104
Romance,6.044771671295166,10641,Autumn in New York,135
Romance,6.044403076171875,12618,Random Hearts,63
Romance,6.04374361038208,215211,Grace of Monaco,195
Romance,6.043532371520996,10207,Message in a Bottle,196
Romance,6.043111324310303,2057,Original Sin,198
Romance,6.042854309082031,8273,American Wedding,1129
Romance,6.042130947113037,9842,School for Scoundrels,111
Romance,6.04185676574707,8842,Against the Ropes,32
Romance,6.041776180267334,19556,Miss March,77
Romance,6.039307594299316,1950,Lucky You,81
Romance,6.038853645324707,2770,American Pie 2,1344
Romance,6.037189960479736,24940,Head Over Heels,73
Romance,6.035868167877197,253235,And So It Goes,164
Romance,6.035640716552734,10075,Blood and Chocolate,87
Romance,6.034416675567627,13159,Georgia Rule,130
Romance,6.034003734588623,14434,I Think I Love My Wife,55
Romance,6.033664226531982,37710,The Tourist,1699
Romance,6.033252239227295,10533,The Scarlet Letter,108
Romance,6.0328826904296875,20309,Say It Isn't So,47
Romance,6.0324625968933105,38031,You Will Meet a Tall Dark Stranger,251
Romance,6.032233238220215,72710,The Host,1817
Romance,6.031929016113281,10783,Lucky Numbers,52
Romance,6.030115127563477,9582,A Guy Thing,83
Romance,6.02921724319458,12779,Swept Away,50
Romance,6.029212951660156,9339,Click,2104
Romance,6.028927326202393,15017,Blonde Ambition,29
Romance,6.028202056884766,2642,Two Weeks Notice,487
Romance,6.026291370391846,82696,Hope Springs,284
Romance,6.026063919067383,10571,Boys and Girls,103
Romance,6.025155067443848,16558,Duplicity,201
Romance,6.024919033050537,34016,She's Out of My League,525
Romance,6.022907257080078,27588,Forget Me Not,66
Romance,6.021257400512695,9027,The Guru,75
Romance,6.020915508270264,17813,Alex & Emma,68
Romance,6.02085542678833,31246,From Justin to Kelly,23
Romance,6.0202202796936035,41210,The Switch,583
Romance,6.020091533660889,28665,Fame,135
Romance,6.019068717956543,14177,Beauty Shop,115
Romance,6.0190653800964355,9541,Jersey Girl,325
Romance,6.016810417175293,9981,Kicking & Screaming,176
Romance,6.016315937042236,206296,The Last Five Years,143
Romance,6.015380382537842,1722,Captain Corelli's Mandolin,145
Romance,6.015347003936768,25643,Love Happens,180
Romance,6.013581275939941,26602,Summer Catch,63
Romance,6.012607574462891,14191,Aquamarine,364
Romance,6.0121283531188965,10472,Down to You,70
Romance,6.010948181152344,10833,Heartbreakers,254
Romance,6.010303497314453,133698,Fly Me to the Moon,194
Romance,6.008471965789795,13476,Win a Date with Tad Hamilton!,160
Romance,6.008355617523193,11775,Intolerable Cruelty,391
Romance,6.008307456970215,11066,Boomerang,134
Romance,6.007822036743164,10646,Tomcats,74
Romance,6.005764484405518,5689,The Blue Lagoon,408
Romance,6.00429105758667,12771,Serving Sara,85
Romance,6.002193927764893,8656,Deep Impact,855
Romance,6.002025127410889,11452,National Lampoon’s Van Wilder,858
Romance,6.000914096832275,6073,The Mexican,441
Romance,6.0007500648498535,80271,LOL,881
Romance,5.999887943267822,14846,Little Black Book,112
Romance,5.999666690826416,10202,Bedtime Stories,901
Romance,5.997376441955566,10878,Saving Silverman,154
Romance,5.996304988861084,314385,By the Sea,156
Romance,5.993986129760742,10025,Just My Luck,491
Romance,5.992247581481934,10154,Mickey Blue Eyes,140
Romance,5.990652084350586,10696,Glitter,38
Romance,5.9896559715271,15648,The Perfect Man,203
Romance,5.986176013946533,59861,Larry Crowne,359
Romance,5.985824108123779,259694,How to Be Single,1201
Romance,5.9857497215271,16300,Down to Earth,95
Romance,5.98415470123291,9794,Employee of the Month,153
Romance,5.983992099761963,17709,Dudley Do-Right,48
Romance,5.9812188148498535,9616,The Order,91
Romance,5.9812188148498535,73935,Vamps,91
Romance,5.981120586395264,76494,What to Expect When You're Expecting,594
Romance,5.980963706970215,109513,Hit & Run,224
Romance,5.980557441711426,11638,Guess Who,225
Romance,5.978952407836914,59962,This Means War,1389
Romance,5.9763383865356445,8998,Friends with Money,128
Romance,5.97391414642334,10314,She's All That,418
Romance,5.973755359649658,10956,Joe Dirt,242
Romance,5.971714496612549,10642,Loser,120
Romance,5.970486640930176,138697,Don Jon,1671
Romance,5.969842910766602,11467,America's Sweethearts,252
Romance,5.966746807098389,4806,Runaway Bride,455
Romance,5.966444492340088,6068,Six Days Seven Nights,332
Romance,5.966182231903076,34806,The Back-Up Plan,458
Romance,5.963935375213623,13596,My Best Friend's Girl,220
Romance,5.963230133056641,14324,Virgin Territory,75
Romance,5.962401866912842,5966,Along Came Polly,773
Romance,5.957421779632568,13972,The Women,96
Romance,5.956636905670166,13888,Return to the Blue Lagoon,153
Romance,5.95452880859375,77875,Playing for Keeps,240
Romance,5.9531636238098145,70868,I Don't Know How She Does It,141
Romance,5.952277183532715,12657,Soul Plane,108
Romance,5.949458122253418,9029,What Happens in Vegas,923
Romance,5.949001789093018,9683,Bubble Boy,163
Romance,5.94749116897583,10197,Nine,165
Romance,5.9465789794921875,4379,Monster-in-Law,406
Romance,5.944168567657471,302688,My Big Fat Greek Wedding 2,322
Romance,5.93734073638916,129139,The To Do List,342
Romance,5.928018569946289,12158,Vampire in Brooklyn,111
Romance,5.92761754989624,7303,Maid in Manhattan,485
Romance,5.926429271697998,144340,Admission,304
Romance,5.926000118255615,11637,Are We There Yet?,221
Romance,5.92491340637207,62838,New Year's Eve,718
Romance,5.9240312576293945,19840,"I Love You, Beth Cooper",197
Romance,5.923183441162109,9889,Shallow Hal,731
Romance,5.921604156494141,1636,Bedazzled,512
Romance,5.9179301261901855,12620,The House Bunny,529
Romance,5.9178972244262695,37821,Killers,772
Romance,5.914339065551758,81836,To Rome with Love,546
Romance,5.914027214050293,11812,The Sweetest Thing,280
Romance,5.905545234680176,10030,Good Luck Chuck,444
Romance,5.896222114562988,17130,Crossroads,158
Romance,5.89561653137207,316002,Accidental Love,95
Romance,5.8951215744018555,2022,Mr. Deeds,644
Romance,5.891267776489258,32856,Valentine's Day,1013
Romance,5.88975191116333,12193,Four Christmases,331
Romance,5.886734962463379,1819,"You, Me and Dupree",407
Romance,5.886282444000244,24021,The Twilight Saga: Eclipse,2301
Romance,5.885709285736084,889,The Flintstones in Viva Rock Vegas,134
Romance,5.882070064544678,2752,40 Days and 40 Nights,297
Romance,5.8800578117370605,37786,Sex and the City 2,426
Romance,5.873898983001709,8676,Fool's Gold,444
Romance,5.868172645568848,42888,How Do You Know,223
Romance,5.864142894744873,9767,The Break-Up,832
Romance,5.86223030090332,8966,Twilight,3561
Romance,5.856962203979492,10603,George of the Jungle,496
Romance,5.8558349609375,58431,Pride and Prejudice and Zombies,640
Romance,5.850837707519531,1966,Alexander,927
Romance,5.843479156494141,109491,Beautiful Creatures,984
Romance,5.842252254486084,84174,Bachelorette,444
Romance,5.839381217956543,86331,Desire,140
Romance,5.825706958770752,2830,My Boss's Daughter,180
Romance,5.822154998779297,38317,Zookeeper,498
Romance,5.813228130340576,9678,Little Nicky,438
Romance,5.800289154052734,9327,The Nutty Professor,702
Romance,5.791777610778809,19899,Couples Retreat,588
Romance,5.739346027374268,18239,The Twilight Saga: New Moon,2436
Romance,5.735924243927002,10808,Dr. Dolittle 2,410
Romance,5.734996318817139,12107,Nutty Professor II: The Klumps,332
Romance,5.734630107879639,11451,Herbie Fully Loaded,542
Romance,5.731956481933594,12177,The Love Guru,242
Romance,5.729311466217041,39451,Little Fockers,1060
Romance,5.71888542175293,222936,Aloha,692
Romance,5.633162975311279,351819,Fifty Shades of Black,331
Romance,5.5848517417907715,76649,Pompeii,1267
Romance,5.403342247009277,216015,Fifty Shades of Grey,3254
Documentary,6.480439186096191,1430,Bowling for Columbine,453
Documentary,6.462393760681152,44639,Inside Job,286
Documentary,6.423689842224121,164558,One Direction: This Is Us,201
Documentary,6.406790733337402,14048,Man on Wire,275
Documentary,6.376092433929443,89708,Samsara,167
Documentary,6.346004962921143,123678,The Act of Killing,210
Documentary,6.334421634674072,18570,"Food, Inc.",217
Documentary,6.330803871154785,2359,Sicko,235
Documentary,6.321583271026611,80215,Indie Game: The Movie,203
Documentary,6.312589168548584,1667,March of the Penguins,358
Documentary,6.300206661224365,1777,Fahrenheit 9/11,397
Documentary,6.282844066619873,11194,Touching the Void,138
Documentary,6.281903266906738,13007,Religulous,197
Documentary,6.268313884735107,9372,Super Size Me,506
Documentary,6.227779865264893,22074,Capitalism: A Love Story,167
Documentary,6.226940631866455,14275,Hoop Dreams,87
Documentary,6.2191572189331055,1781,An Inconvenient Truth,251
Documentary,6.2184858322143555,36970,Oceans,111
Documentary,6.217562198638916,13576,This Is It,247
Documentary,6.206334114074707,13963,The Last Waltz,64
Documentary,6.205414772033691,1779,Roger & Me,90
Documentary,6.19969367980957,159014,20 Feet from Stardom,85
Documentary,6.187945365905762,16290,Jackass 3D,428
Documentary,6.185877799987793,159037,The Square,55
Documentary,6.184041976928711,181330,Kevin Hart: Let Me Explain,95
Documentary,6.166014194488525,12094,Jackass Number Two,298
Documentary,6.16225528717041,74510,Kevin Hart: Laugh at My Pain,43
Documentary,6.1581268310546875,9459,Woodstock,66
Documentary,6.157445907592773,13508,Who Killed the Electric Car?,59
Documentary,6.1502275466918945,1282,Dogtown and Z-Boys,52
Documentary,6.147090435028076,67675,Glee: The Concert Movie,79
Documentary,6.14363431930542,21525,Tupac: Resurrection,26
Documentary,6.141854286193848,7944,Shine a Light,44
Documentary,6.140484809875488,14284,In the Shadow of the Moon,31
Documentary,6.140337944030762,72914,"Fat, Sick & Nearly Dead",47
Documentary,6.137381076812744,11516,Winged Migration,49
Documentary,6.128594875335693,291,Riding Giants,23
Documentary,6.126417636871338,101267,Katy Perry: Part of Me,85
Documentary,6.125789642333984,201132,Antarctica: A Year on Ice,29
Documentary,6.124852180480957,1435,Tarnation,22
Documentary,6.123032569885254,14271,Beyond the Mat,17
Documentary,6.119842052459717,13362,Taxi to the Dark Side,53
Documentary,6.119225978851318,12901,No End in Sight,23
Documentary,6.119082927703857,58492,The Greatest Movie Ever Sold,88
Documentary,6.115434169769287,12228,Inside Deep Throat,31
Documentary,6.113000869750977,29595,Wal-Mart: The High Cost of Low Price,24
Documentary,6.112982273101807,44260,Lake of Fire,10
Documentary,6.112199783325195,14278,Murderball,23
Documentary,6.111638069152832,43942,Freakonomics,36
Documentary,6.110840320587158,180383,Deceptive Practice: The Mysteries and Mentors of Ricky Jay,17
Documentary,6.109941005706787,251471,A LEGO Brickumentary,55
Documentary,6.109198570251465,127918,The Gatekeepers,39
Documentary,6.107822418212891,24977,Michael Jordan to the Max,10
Documentary,6.105855464935303,178862,Aroused,11
Documentary,6.1057586669921875,35199,Wordplay,10
Documentary,6.105160713195801,40862,Iraq for Sale: The War Profiteers,6
Documentary,6.104115962982178,292539,Food Chains,8
Documentary,6.102461338043213,14358,Mad Hot Ballroom,8
Documentary,6.102005958557129,292,Dave Chappelle's Block Party,28
Documentary,6.100806713104248,30867,Scott Walker: 30 Century Man,8
Documentary,6.100595951080322,8847,Standard Operating Procedure,14
Documentary,6.100187301635742,322745,Counting,3
Documentary,6.099566459655762,37003,U2 3D,10
Documentary,6.099251747131348,57612,Dolphins and Whales: Tribes of the Ocean,3
Documentary,6.099151134490967,84318,The Other Dream Team,7
Documentary,6.098321437835693,139948,Burn,6
Documentary,6.098316192626953,126141,The Case of the Grinning Cat,3
Documentary,6.097940921783447,15800,Trekkies,22
Documentary,6.0976996421813965,79161,51 Birch Street,6
Documentary,6.0976996421813965,89750,"Pink Ribbons, Inc.",6
Documentary,6.0976996421813965,331745,Top Spin,6
Documentary,6.0966973304748535,25975,My Date with Drew,16
Documentary,6.096240997314453,37985,The Trials Of Darryl Hunt,4
Documentary,6.096133232116699,13518,Fuel,3
Documentary,6.0958170890808105,87943,Sisters in Law,2
Documentary,6.095291614532471,287815,Call + Response,1
Documentary,6.0951924324035645,84401,Sholem Aleichem: Laughing In The Darkness,2
Documentary,6.095076560974121,9012,Jackass: The Movie,345
Documentary,6.094579219818115,64973,"Peace, Propaganda & the Promised Land",4
Documentary,6.09385871887207,40658,Starsuckers,5
Documentary,6.0933332443237305,17995,DysFunktional Family,4
Documentary,6.093305587768555,253290,Butterfly Girl,0
Documentary,6.093305587768555,274758,Give Me Shelter,0
Documentary,6.093305587768555,296943,The Hadza:  Last of the First,0
Documentary,6.093305587768555,335244,Antarctic Edge: 70° South,0
Documentary,6.093305587768555,370662,Time to Choose,0
Documentary,6.093305587768555,459488,"To Be Frank, Sinatra at 100",0
Documentary,6.092166900634766,102840,Sex With Strangers,1
Documentary,6.092166900634766,174362,Bending Steel,1
Documentary,6.092166900634766,253261,Born to Fly: Elizabeth Streb vs. Gravity,1
Documentary,6.092166900634766,324322,They Will Have to Kill Us First,1
Documentary,6.092079162597656,250902,The Image Revolution,3
Documentary,6.092070579528809,30979,The Horse Boy,2
Documentary,6.092070579528809,268917,The Past Is a Grotesque Animal,2
Documentary,6.091455459594727,73981,Ayurveda: Art of Being,3
Documentary,6.091310501098633,13516,Slacker Uprising,10
Documentary,6.091113567352295,78394,Sea Rex 3D: Journey to a Prehistoric World,11
Documentary,6.090720176696777,2287,Rize,13
Documentary,6.089616775512695,40428,8: The Mormon Proposition,6
Documentary,6.088960647583008,39183,Once in a Lifetime: The Extraordinary Story of the New York Cosmos,3
Documentary,6.087401390075684,211086,Faith Connections,3
Documentary,6.085087776184082,319069,Censored Voices,8
Documentary,6.083262920379639,8357,What the #$*! Do We (K)now!?,34
Documentary,6.081410884857178,47546,I Want Your Money,5
Documentary,6.074102878570557,202604,The Vatican Exorcisms,11
Documentary,6.070196628570557,19153,The Real Cancun,8
Documentary,6.064294338226318,126509,2016: Obama's America,19
Documentary,6.0546088218688965,12486,Farce of the Penguins,13
Documentary,5.914357662200928,54518,Justin Bieber: Never Say Never,154
Thriller,8.07455825805664,680,Pulp Fiction,8428
Thriller,8.044122695922852,155,The Dark Knight,12002
Thriller,7.969184875488281,27205,Inception,13752
Thriller,7.813798427581787,807,Se7en,5765
Thriller,7.743757724761963,274,The Silence of the Lambs,4443
Thriller,7.726351261138916,205596,The Imitation Game,5723
Thriller,7.714112758636475,77,Memento,4028
Thriller,7.6919379234313965,694,The Shining,3757
Thriller,7.665513515472412,16869,Inglourious Basterds,6430
Thriller,7.6582207679748535,1124,The Prestige,4391
Thriller,7.645987510681152,210577,Gone Girl,5862
Thriller,7.643218517303467,629,The Usual Suspects,3254
Thriller,7.607276439666748,500,Reservoir Dogs,3697
Thriller,7.583860874176025,539,Psycho,2320
Thriller,7.582126140594482,264644,Room,2757
Thriller,7.58085823059082,348,Alien,4470
Thriller,7.575638294219971,11324,Shutter Island,6336
Thriller,7.572967052459717,1422,The Departed,4339
Thriller,7.531988620758057,111,Scarface,2948
Thriller,7.512215614318848,78,Blade Runner,3509
Thriller,7.471558094024658,146233,Prisoners,3085
Thriller,7.4564409255981445,49026,The Dark Knight Rises,9106
Thriller,7.414715766906738,752,V for Vendetta,4442
Thriller,7.400462627410889,280,Terminator 2: Judgment Day,4185
Thriller,7.370344161987305,670,Oldboy,1945
Thriller,7.350968360900879,314365,Spotlight,2686
Thriller,7.3416829109191895,597,Titanic,7562
Thriller,7.331294536590576,679,Aliens,3220
Thriller,7.324739456176758,745,The Sixth Sense,3147
Thriller,7.311100482940674,6977,No Country for Old Men,3003
Thriller,7.305539131164551,393,Kill Bill: Vol. 2,3948
Thriller,7.301958084106445,107,Snatch,2912
Thriller,7.268139839172363,242582,Nightcrawler,3395
Thriller,7.2250823974609375,562,Die Hard,3948
Thriller,7.176642417907715,109424,Captain Phillips,2454
Thriller,7.142662048339844,281957,The Revenant,6396
Thriller,7.132467746734619,64690,Drive,3725
Thriller,7.127538204193115,49047,Gravity,5751
Thriller,7.120474815368652,75656,Now You See Me,5487
Thriller,7.114675998687744,578,Jaws,2542
Thriller,7.097812652587891,76341,Mad Max: Fury Road,9427
Thriller,7.090663909912109,138843,The Conjuring,3092
Thriller,7.085262775421143,44214,Black Swan,4430
Thriller,7.084462642669678,119450,Dawn of the Planet of the Apes,4410
Thriller,7.072514057159424,218,The Terminator,4128
Thriller,7.061102390289307,18,The Fifth Element,3885
Thriller,7.0596137046813965,36557,Casino Royale,3855
Thriller,7.045217990875244,2501,The Bourne Identity,3583
Thriller,7.044865131378174,9552,The Exorcist,2005
Thriller,7.027777194976807,4922,The Curious Case of Benjamin Button,3292
Thriller,7.020925521850586,2118,L.A. Confidential,1310
Thriller,7.012461185455322,782,Gattaca,1808
Thriller,7.006847381591797,1018,Mulholland Drive,1477
Thriller,7.000803470611572,8681,Taken,4369
Thriller,6.9991888999938965,2503,The Bourne Ultimatum,2888
Thriller,6.996181488037109,582,The Lives of Others,958
Thriller,6.993145942687988,322,Mystic River,1422
Thriller,6.986429214477539,9693,Children of Men,2071
Thriller,6.983303546905518,117,The Untouchables,1384
Thriller,6.976187229156494,161,Ocean's Eleven,3783
Thriller,6.952730178833008,2649,The Game,1506
Thriller,6.942833423614502,1372,Blood Diamond,2281
Thriller,6.92152738571167,1933,The Others,1660
Thriller,6.92083215713501,106,Predator,2093
Thriller,6.919524192810059,2502,The Bourne Supremacy,2825
Thriller,6.917448043823242,1359,American Psycho,2066
Thriller,6.916687488555908,1954,The Butterfly Effect,2060
Thriller,6.91193151473999,1949,Zodiac,2023
Thriller,6.90922737121582,187,Sin City,2691
Thriller,6.90036153793335,296098,Bridge of Spies,2583
Thriller,6.895726203918457,193756,Lone Survivor,1526
Thriller,6.887203216552734,65754,The Girl with the Dragon Tattoo,2434
Thriller,6.885534763336182,273481,Sicario,2416
Thriller,6.879684925079346,68734,Argo,3423
Thriller,6.869204044342041,177677,Mission: Impossible - Rogue Nation,3224
Thriller,6.862635135650635,198663,The Maze Runner,5371
Thriller,6.8537139892578125,2034,Training Day,1634
Thriller,6.853278636932373,156022,The Equalizer,2954
Thriller,6.853024482727051,388,Inside Man,1630
Thriller,6.850867748260498,186,Lucky Number Slevin,1323
Thriller,6.839323043823242,9509,Man on Fire,1553
Thriller,6.8362932205200195,16320,Serenity,1264
Thriller,6.836125373840332,61791,Rise of the Planet of the Apes,4347
Thriller,6.8360795974731445,45612,Source Code,2699
Thriller,6.829346656799316,180,Minority Report,2608
Thriller,6.823436737060547,5925,The Great Escape,717
Thriller,6.820821762084961,12162,The Hurt Locker,1840
Thriller,6.815802097320557,51497,Fast Five,2438
Thriller,6.809655666351318,37724,Skyfall,7604
Thriller,6.804976463317871,9366,Donnie Brasco,1147
Thriller,6.775421619415283,4553,The Machinist,1247
Thriller,6.771554470062256,948,Halloween,1035
Thriller,6.7691650390625,1579,Apocalypto,1221
Thriller,6.766892433166504,6479,I Am Legend,4853
Thriller,6.766276836395264,1368,First Blood,1488
Thriller,6.7659220695495605,22803,Law Abiding Citizen,1486
Thriller,6.7560954093933105,44115,127 Hours,2606
Thriller,6.750544548034668,7735,The Wave,841
Thriller,6.7471418380737305,170,28 Days Later,1777
Thriller,6.745083808898926,1813,The Devil's Advocate,1374
Thriller,6.739331245422363,116,Match Point,1105
Thriller,6.731620788574219,4147,Road to Perdition,1077
Thriller,6.725411891937256,94329,The Raid,1055
Thriller,6.724934101104736,1491,The Illusionist,1615
Thriller,6.714602947235107,242,The Godfather: Part III,1546
Thriller,6.712932586669922,5503,The Fugitive,1220
Thriller,6.710175514221191,319,True Romance,749
Thriller,6.708605766296387,80278,The Impossible,2025
Thriller,6.701493740081787,77016,End of Watch,1170
Thriller,6.696022987365723,8810,Mad Max 2: The Road Warrior,957
Thriller,6.694759368896484,9495,The Crow,953
Thriller,6.662559509277344,56292,Mission: Impossible - Ghost Protocol,3972
Thriller,6.654614448547363,658,Goldfinger,987
Thriller,6.648214817047119,36658,X2,3506
Thriller,6.646075248718262,1669,The Hunt for Red October,957
Thriller,6.64425802230835,1572,Die Hard: With a Vengeance,2066
Thriller,6.641730308532715,23168,The Town,1468
Thriller,6.6392035484313965,1538,Collateral,1451
Thriller,6.634565830230713,470,21 Grams,918
Thriller,6.634034156799316,71859,We Need to Talk About Kevin,677
Thriller,6.633693695068359,9741,Unbreakable,1946
Thriller,6.623702526092529,55,Amores perros,521
Thriller,6.622069358825684,2832,Identity,1061
Thriller,6.6209588050842285,1830,Lord of War,1335
Thriller,6.612661838531494,2252,Eastern Promises,848
Thriller,6.610750198364258,72190,World War Z,5560
Thriller,6.60906457901001,8374,The Boondock Saints,837
Thriller,6.608709812164307,819,Sleepers,715
Thriller,6.602241039276123,333371,10 Cloverfield Lane,2468
Thriller,6.598040580749512,755,From Dusk Till Dawn,1603
Thriller,6.5938720703125,1272,Sunshine,1182
Thriller,6.591907501220703,7299,Equilibrium,1552
Thriller,6.591786861419678,154,Star Trek II: The Wrath of Khan,675
Thriller,6.58998441696167,225574,Non-Stop,2268
Thriller,6.580454349517822,7485,Shooter,1462
Thriller,6.579660415649414,9802,The Rock,1456
Thriller,6.576646327972412,820,JFK,502
Thriller,6.567828178405762,604,The Matrix Reloaded,3443
Thriller,6.567042827606201,49530,In Time,3417
Thriller,6.563350677490234,251,Ghost,1339
Thriller,6.561273097991943,291805,Now You See Me 2,3235
Thriller,6.553638935089111,2756,The Abyss,808
Thriller,6.548620223999023,49018,Insidious,1737
Thriller,6.546075344085693,104,Run Lola Run,664
Thriller,6.5416340827941895,300671,13 Hours: The Secret Soldiers of Benghazi,938
Thriller,6.537933349609375,954,Mission: Impossible,2631
Thriller,6.533390998840332,754,Face/Off,1583
Thriller,6.532767295837402,50348,The Lincoln Lawyer,902
Thriller,6.528067111968994,285783,The Walk,1121
Thriller,6.5257344245910645,131631,The Hunger Games: Mockingjay - Part 1,5584
Thriller,6.518530368804932,431,Cube,1069
Thriller,6.514087677001953,59967,Looper,4697
Thriller,6.49637508392334,9008,The Insider,481
Thriller,6.496222496032715,1213,The Talented Mr. Ripley,767
Thriller,6.495816707611084,11615,The Life of David Gale,480
Thriller,6.493580341339111,6537,The Orphanage,633
Thriller,6.492617130279541,646,Dr. No,940
Thriller,6.4925994873046875,1051,The French Connection,422
Thriller,6.489236354827881,9799,The Fast and the Furious,3428
Thriller,6.488275051116943,2787,Pitch Black,1789
Thriller,6.4849677085876465,43539,The Next Three Days,905
Thriller,6.481352806091309,97630,Zero Dark Thirty,1702
Thriller,6.480439186096191,11362,The Count of Monte Cristo,453
Thriller,6.478348255157471,320,Insomnia,1148
Thriller,6.477761745452881,107846,Escape Plan,1659
Thriller,6.475132465362549,473,Pi,586
Thriller,6.473387718200684,36955,True Lies,1116
Thriller,6.471005916595459,39514,RED,2808
Thriller,6.470213413238525,82507,Sinister,1573
Thriller,6.469027519226074,563,Starship Troopers,1560
Thriller,6.469013690948486,13809,RockNRolla,836
Thriller,6.468051433563232,59,A History of Violence,832
Thriller,6.467857837677002,1598,Cape Fear,675
Thriller,6.463259220123291,199,Star Trek: First Contact,661
Thriller,6.460404396057129,794,The Omen,476
Thriller,6.4602251052856445,8337,They Live,550
Thriller,6.460005760192871,277,Underworld,2512
Thriller,6.459461688995361,135397,Jurassic World,8662
Thriller,6.45682954788208,37686,Super 8,2435
Thriller,6.45509672164917,979,Irreversible,538
Thriller,6.453257083892822,5876,The Mist,1399
Thriller,6.4499592781066895,657,From Russia with Love,760
Thriller,6.447057247161865,4550,Sympathy for Lady Vengeance,356
Thriller,6.444406032562256,20504,The Book of Eli,2164
Thriller,6.440103054046631,8470,John Q,594
Thriller,6.4379191398620605,21208,Orphan,1261
Thriller,6.435416221618652,9798,Enemy of the State,1240
Thriller,6.4331889152526855,238636,The Purge: Anarchy,1954
Thriller,6.432555675506592,612,Munich,696
Thriller,6.432094097137451,76726,Chronicle,1935
Thriller,6.431674003601074,8068,Desperado,881
Thriller,6.429800510406494,1573,Die Hard 2,1896
Thriller,6.427193641662598,4836,Layer Cake,559
Thriller,6.427101135253906,2253,Valkyrie,1173
Thriller,6.425897598266602,270303,It Follows,1832
Thriller,6.4248809814453125,64720,Take Shelter,471
Thriller,6.421570777893066,14337,Primer,658
Thriller,6.419469833374023,9533,Red Dragon,1115
Thriller,6.416703224182129,4108,The Transporter,1692
Thriller,6.412112712860107,1817,Phone Booth,1062
Thriller,6.41024923324585,328425,The Gift,1049
Thriller,6.407683849334717,1645,A Time to Kill,509
Thriller,6.406790733337402,14048,Man on Wire,275
Thriller,6.4056596755981445,860,WarGames,504
Thriller,6.403212070465088,8963,Crimson Tide,498
Thriller,6.400606632232666,787,Mr. & Mrs. Smith,2965
Thriller,6.398850917816162,276907,Legend,973
Thriller,6.393524646759033,591,The Da Vinci Code,2704
Thriller,6.391735076904297,2652,Hard Candy,701
Thriller,6.391374111175537,1900,Traffic,562
Thriller,6.389086723327637,70670,Headhunters,399
Thriller,6.388092994689941,10559,Frequency,462
Thriller,6.381215572357178,12244,9,1262
Thriller,6.3807220458984375,158011,The Call,1257
Thriller,6.378951072692871,22970,The Cabin in the Woods,2263
Thriller,6.377580642700195,9833,The Phantom of the Opera,438
Thriller,6.376279830932617,9659,Mad Max,1213
Thriller,6.37429666519165,7445,Brothers,633
Thriller,6.3736982345581055,13448,Angels & Demons,2129
Thriller,6.372189521789551,710,GoldenEye,1174
Thriller,6.369706153869629,1948,Crank,1151
Thriller,6.369427680969238,956,Mission: Impossible III,2028
Thriller,6.368147373199463,298,Ocean's Thirteen,1999
Thriller,6.364850044250488,192141,No Escape,777
Thriller,6.360207557678223,9631,The Negotiator,582
Thriller,6.359349727630615,1535,Spy Game,579
Thriller,6.357083320617676,1635,The Island,1770
Thriller,6.355580806732178,188166,Blue Ruin,462
Thriller,6.353265762329102,9737,Bad Boys,1699
Thriller,6.352712631225586,8271,Disturbia,1006
Thriller,6.350624084472656,38050,The Adjustment Bureau,1652
Thriller,6.348186016082764,9281,Witness,375
Thriller,6.345664024353027,313922,Green Room,683
Thriller,6.345459461212158,3509,A Scanner Darkly,532
Thriller,6.342835903167725,11439,The Ghost Writer,670
Thriller,6.341326713562012,9075,Black Book,277
Thriller,6.340185642242432,8195,Ronin,658
Thriller,6.333124160766602,68724,Elysium,3439
Thriller,6.331614971160889,11644,Blow Out,236
Thriller,6.330573558807373,3021,1408,1343
Thriller,6.329894542694092,49517,Tinker Tailor Soldier Spy,840
Thriller,6.32792854309082,796,Cruel Intentions,827
Thriller,6.32792854309082,26388,Buried,827
Thriller,6.327517509460449,12149,Frailty,334
Thriller,6.327467441558838,605,The Matrix Revolutions,3096
Thriller,6.325953483581543,7304,Running Scared,331
Thriller,6.325494289398193,205775,In the Heart of the Sea,1276
Thriller,6.325024604797363,1701,Con Air,1270
Thriller,6.324789047241211,4547,Panic Room,1267
Thriller,6.324631214141846,48138,Unknown,1265
Thriller,6.3244733810424805,50456,Hanna,1263
Thriller,6.322059154510498,285923,Grindhouse,459
Thriller,6.320707321166992,9667,The Jacket,455
Thriller,6.320267200469971,91586,Insidious: Chapter 2,1211
Thriller,6.319100379943848,1562,28 Weeks Later,1197
Thriller,6.31657600402832,9829,United 93,367
Thriller,6.315652370452881,8909,Wanted,2528
Thriller,6.3145246505737305,95,Armageddon,2482
Thriller,6.314164638519287,768,From Hell,741
Thriller,6.313921928405762,2112,Payback,548
Thriller,6.313717365264893,14139,Timecrimes,308
Thriller,6.308532238006592,1903,Vanilla Sky,1078
Thriller,6.308373928070068,7191,Cloverfield,2251
Thriller,6.307673454284668,50839,Margin Call,524
Thriller,6.307587623596191,303858,Money Monster,1068
Thriller,6.307470798492432,1985,The Constant Gardener,417
Thriller,6.306570053100586,8848,The Bank Job,697
Thriller,6.304599285125732,163,Ocean's Twelve,2124
Thriller,6.30350399017334,1571,Live Free or Die Hard,2089
Thriller,6.301028728485107,2100,The Last Castle,285
Thriller,6.298051834106445,2059,National Treasure,1926
Thriller,6.296800136566162,117251,White House Down,1891
Thriller,6.296334266662598,68727,Trance,956
Thriller,6.2961530685424805,206563,Trash,242
Thriller,6.294267654418945,1946,eXistenZ,475
Thriller,6.29310417175293,1090,The Thirteenth Floor,378
Thriller,6.2908501625061035,11336,The Dead Zone,311
Thriller,6.29081916809082,67913,The Guard,372
Thriller,6.289633274078369,12113,Body of Lies,895
Thriller,6.288147926330566,86825,Stoker,882
Thriller,6.285019397735596,2675,Signs,1599
Thriller,6.282819747924805,325789,The Infiltrator,573
Thriller,6.281736850738525,834,Underworld: Evolution,1528
Thriller,6.281641960144043,146216,RED 2,1526
Thriller,6.281501293182373,9481,The Bone Collector,826
Thriller,6.281256198883057,62835,Colombiana,824
Thriller,6.279762268066406,16608,The Proposition,218
Thriller,6.279001235961914,11371,The Score,423
Thriller,6.277958393096924,75174,The Grey,1451
Thriller,6.275932788848877,174,Star Trek VI: The Undiscovered Country,413
Thriller,6.274945259094238,19898,Pandorum,774
Thriller,6.274190425872803,1073,Arlington Road,239
Thriller,6.273758411407471,13510,Eden Lake,406
Thriller,6.2730937004089355,18079,Nine Queens,153
Thriller,6.2730793952941895,9434,Grosse Pointe Blank,275
Thriller,6.27211856842041,29917,Exam,523
Thriller,6.27111291885376,109421,Side Effects,1323
Thriller,6.269502639770508,2786,Pierrot le Fou,127
Thriller,6.268540382385254,691,The Spy Who Loved Me,507
Thriller,6.267706871032715,164457,Out of the Furnace,720
Thriller,6.267178058624268,37233,The Firm,501
Thriller,6.265844345092773,4174,Spellbound,160
Thriller,6.265344619750977,9702,Bound by Honor,115
Thriller,6.264187812805176,846,The X Files,488
Thriller,6.26352596282959,7305,Alive,374
Thriller,6.2606120109558105,11826,Sexy Beast,217
Thriller,6.255794048309326,36668,X-Men: The Last Stand,3525
Thriller,6.254843235015869,25941,Harry Brown,348
Thriller,6.253889560699463,5175,Rush Hour 2,1054
Thriller,6.251420497894287,9357,One Hour Photo,435
Thriller,6.251059532165527,77495,Sleep Tight,202
Thriller,6.249906539916992,75780,Jack Reacher,2998
Thriller,6.249660968780518,316152,Free State of Jones,428
Thriller,6.247684955596924,1586,Secret Window,972
Thriller,6.247169017791748,9430,Go,196
Thriller,6.2445454597473145,227719,Project Almanac,933
Thriller,6.244081497192383,10045,District B13,565
Thriller,6.243855953216553,12877,Dead Man's Shoes,151
Thriller,6.243576526641846,660,Thunderball,562
Thriller,6.243237495422363,10514,The Andromeda Strain,190
Thriller,6.240850448608398,241239,A Most Violent Year,546
Thriller,6.240671634674072,301365,The Neon Demon,887
Thriller,6.239986896514893,157849,A Most Wanted Man,541
Thriller,6.23962926864624,204082,Homefront,875
Thriller,6.238241672515869,667,You Only Live Twice,531
Thriller,6.237576961517334,5279,Gosford Park,246
Thriller,6.235702991485596,573,Frenzy,158
Thriller,6.235040664672852,4349,The Kingdom,513
Thriller,6.234928131103516,6968,The Baader Meinhof Complex,157
Thriller,6.233830451965332,943,Lethal Weapon 3,811
Thriller,6.23354434967041,223485,Slow West,367
Thriller,6.231357097625732,9303,Bound,198
Thriller,6.230199337005615,1958,8 Women,196
Thriller,6.230197906494141,245916,Kill the Messenger,355
Thriller,6.22927188873291,50837,Martha Marcy May Marlene,277
Thriller,6.227089881896973,10999,Commando,742
Thriller,6.226114749908447,11973,Thirteen Days,189
Thriller,6.224938869476318,10223,A Simple Plan,187
Thriller,6.224510669708252,22972,Green Zone,717
Thriller,6.224367618560791,668,On Her Majesty's Secret Service,456
Thriller,6.221434593200684,8961,Bad Boys II,1564
Thriller,6.219409942626953,8834,Conspiracy Theory,431
Thriller,6.2183966636657715,11386,The Crying Game,176
Thriller,6.218266010284424,9282,11:14,206
Thriller,6.218193531036377,73567,Killer Joe,425
Thriller,6.2166948318481445,11190,The Return,100
Thriller,6.216176986694336,44945,Trust,307
Thriller,6.214456081390381,38985,Sorcerer,98
Thriller,6.2139668464660645,59961,Safe House,1345
Thriller,6.212713718414307,11975,The Rainmaker,235
Thriller,6.211706161499023,189,Sin City: A Dame to Kill For,1286
Thriller,6.211264133453369,10998,Fatal Attraction,291
Thriller,6.209571361541748,1907,The Beach,1233
Thriller,6.208015441894531,9913,The Skeleton Key,573
Thriller,6.206676006317139,44048,Unstoppable,1165
Thriller,6.206223487854004,4912,Confessions of a Dangerous Mind,275
Thriller,6.20621919631958,14283,The Red Violin,99
Thriller,6.20601224899292,23631,Machete,1150
Thriller,6.205923080444336,241554,Run All Night,1148
Thriller,6.205067157745361,345911,Lights Out,1129
Thriller,6.2049431800842285,10226,High Tension,271
Thriller,6.203857421875,253306,Housebound,358
Thriller,6.203307151794434,238615,Self/less,1091
Thriller,6.203000545501709,7516,Smokin' Aces,534
Thriller,6.20295524597168,10072,A Nightmare on Elm Street 3: Dream Warriors,354
Thriller,6.202868461608887,253,Live and Let Die,533
Thriller,6.201786994934082,11219,The Trouble with Harry,149
Thriller,6.201704978942871,6973,In the Valley of Elah,261
Thriller,6.201542854309082,11382,Bullets Over Broadway,130
Thriller,6.201087951660156,27582,The Mechanic,1045
Thriller,6.200325965881348,10159,The Rundown,514
Thriller,6.199737071990967,3594,The Number 23,1018
Thriller,6.199737071990967,13027,Eagle Eye,1018
Thriller,6.198117256164551,8982,The Protector,167
Thriller,6.197424411773682,11601,Stir of Echoes,330
Thriller,6.196878433227539,10664,[REC]²,489
Thriller,6.196709156036377,10212,Ravenous,141
Thriller,6.195772171020508,2001,We Own the Night,323
Thriller,6.194509029388428,10133,Cypher,192
Thriller,6.194177627563477,3595,Ransom,470
Thriller,6.1940693855285645,9707,Bubba Ho-tep,191
Thriller,6.194051742553711,9367,El Mariachi,238
Thriller,6.1936211585998535,11412,The Long Kiss Goodnight,314
Thriller,6.192724227905273,11033,Dressed to Kill,157
Thriller,6.19155216217041,193,Star Trek: Generations,452
Thriller,6.191440105438232,87499,The East,305
Thriller,6.191267013549805,1369,Rambo: First Blood Part II,864
Thriller,6.189474582672119,11835,Death Sentence,297
Thriller,6.188858509063721,157,Star Trek III: The Search for Spock,434
Thriller,6.187246799468994,72387,Safe,799
Thriller,6.186931133270264,577,To Die For,175
Thriller,6.185570240020752,185567,Zulu,172
Thriller,6.185156345367432,944,Lethal Weapon 4,767
Thriller,6.184450626373291,11022,Narc,142
Thriller,6.184419631958008,622,The Ninth Gate,756
Thriller,6.184041976928711,26039,Point Blank,95
Thriller,6.183286190032959,11904,Young Sherlock Holmes,167
Thriller,6.182013034820557,11468,Salton Sea,104
Thriller,6.181485652923584,8338,Blindness,387
Thriller,6.181323528289795,9331,Clear and Present Danger,386
Thriller,6.180179595947266,83686,The Words,379
Thriller,6.180017471313477,2163,Breakdown,198
Thriller,6.1794538497924805,2080,X-Men Origins: Wolverine,4021
Thriller,6.178656101226807,11208,Wicker Park,157
Thriller,6.1786298751831055,262500,Insurgent,3829
Thriller,6.178238391876221,3472,Dirty Pretty Things,131
Thriller,6.177855014801025,68812,The Iceman,365
Thriller,6.177490711212158,8643,The Exorcism of Emily Rose,659
Thriller,6.174712181091309,33542,Rumble in the Bronx,240
Thriller,6.174030303955078,117263,Olympus Has Fallen,2981
Thriller,6.173855304718018,36095,Cure,63
Thriller,6.173349857330322,38363,Fair Game,235
Thriller,6.172511100769043,13820,Repo Man,144
Thriller,6.171868324279785,300673,The Finest Hours,588
Thriller,6.171285629272461,10585,Child's Play,581
Thriller,6.170591831207275,3482,The Train,72
Thriller,6.170169830322266,436,Maria Full of Grace,101
Thriller,6.169466018676758,435,The Day After Tomorrow,2392
Thriller,6.1689019203186035,681,Diamonds Are Forever,553
Thriller,6.168814182281494,74,War of the Worlds,2322
Thriller,6.1682047843933105,8461,Funny Games,545
Thriller,6.167785167694092,5955,The Pledge,215
Thriller,6.166756629943848,8012,Get Shorty,302
Thriller,6.166474342346191,27576,Salt,2093
Thriller,6.1663384437561035,682,The Man with the Golden Gun,524
Thriller,6.166014194488525,2140,Kiss of the Dragon,298
Thriller,6.165886402130127,43947,I Spit on Your Grave,519
Thriller,6.165824890136719,87421,Riddick,2035
Thriller,6.165792465209961,62630,The Devil's Double,208
Thriller,6.165744781494141,584,2 Fast 2 Furious,2028
Thriller,6.165339469909668,6950,Outbreak,513
Thriller,6.164703845977783,11596,New Nightmare,291
Thriller,6.164515495300293,29193,The Spanish Prisoner,73
Thriller,6.16424036026001,327,Brother,107
Thriller,6.16377592086792,14181,Boiler Room,201
Thriller,6.163759231567383,45610,Machine Gun Preacher,286
Thriller,6.163202285766602,699,For Your Eyes Only,490
Thriller,6.163012981414795,2655,What Lies Beneath,488
Thriller,6.162615776062012,82682,Gangster Squad,1778
Thriller,6.162230968475342,10731,The Client,278
Thriller,6.162027835845947,6687,Transsiberian,195
Thriller,6.161004066467285,375290,Airlift,57
Thriller,6.160836696624756,905,Pandora's Box,45
Thriller,6.1601128578186035,77949,The Awakening,458
Thriller,6.159493446350098,332567,The Shallows,1567
Thriller,6.15941858291626,231,Syriana,451
Thriller,6.158858299255371,36586,Blade II,1528
Thriller,6.157600402832031,9869,Patriot Games,433
Thriller,6.157134532928467,12437,Underworld: Rise of the Lycans,1428
Thriller,6.15594482421875,75674,Act of Valor,417
Thriller,6.155201435089111,39538,Contagion,1325
Thriller,6.154570579528809,1551,Flatliners,404
Thriller,6.154464244842529,5551,Space Cowboys,403
Thriller,6.153604030609131,13483,Awake,395
Thriller,6.153170585632324,200,Star Trek: Insurrection,391
Thriller,6.1530070304870605,2779,The Curse of the Jade Scorpion,165
Thriller,6.15196418762207,9100,The Craft,380
Thriller,6.151167392730713,66,Absolute Power,223
Thriller,6.151042938232422,169917,A Walk Among the Tombstones,1131
Thriller,6.1509623527526855,9944,The Pelican Brief,371
Thriller,6.150060653686523,1266,Street Kings,363
Thriller,6.149596214294434,6947,The Village,1071
Thriller,6.149471759796143,1880,Red Dawn,215
Thriller,6.149346351623535,9335,Transporter 2,1061
Thriller,6.149034023284912,1770,Michael Collins,97
Thriller,6.147988796234131,1988,A Mighty Heart,95
Thriller,6.147464275360107,9059,Tales from the Crypt: Demon Knight,94
Thriller,6.147312164306641,280092,Insidious: Chapter 3,983
Thriller,6.146846771240234,16871,Drag Me to Hell,966
Thriller,6.146578788757324,16617,Mindhunters,333
Thriller,6.14651346206665,18487,The Taking of Pelham 1 2 3,954
Thriller,6.145689964294434,49527,Man on a Ledge,925
Thriller,6.145623207092285,10866,Joy Ride,325
Thriller,6.144908905029297,1710,Copycat,194
Thriller,6.143308162689209,10388,The Limey,105
Thriller,6.1432342529296875,5854,Family Plot,86
Thriller,6.143124103546143,9772,Air Force One,840
Thriller,6.14286994934082,49526,Premium Rush,832
Thriller,6.14163875579834,291081,Red Riding: In the Year of Our Lord 1974,54
Thriller,6.141584873199463,16241,The Boys from Brazil,101
Thriller,6.141042709350586,61891,Anonymous,288
Thriller,6.140718460083008,4513,30 Days of Night,767
Thriller,6.140684127807617,82525,Savages,766
Thriller,6.14020299911499,9414,The Man Who Knew Too Little,125
Thriller,6.139497756958008,2251,Unfaithful,276
Thriller,6.139479637145996,19997,Niagara,79
Thriller,6.139454364776611,4170,Trade,67
Thriller,6.1394124031066895,5353,The Hunting Party,96
Thriller,6.139255523681641,5072,Severance,169
Thriller,6.139023780822754,9613,Spider,168
Thriller,6.138913631439209,7461,Vantage Point,716
Thriller,6.13856315612793,12247,Shotgun Stories,57
Thriller,6.136990070343018,48289,The Debt,257
Thriller,6.136839389801025,2207,16 Blocks,661
Thriller,6.136761665344238,204922,Before I Go to Sleep,659
Thriller,6.136514663696289,290864,Kung Fu Jungle,114
Thriller,6.136317253112793,10135,Road House,252
Thriller,6.135503768920898,302,Swimming Pool,153
Thriller,6.135199546813965,31867,Repo Men,620
Thriller,6.134806156158447,13807,Exiled,46
Thriller,6.134678840637207,13150,Pride and Glory,240
Thriller,6.134263038635254,10629,Veronica Guerin,59
Thriller,6.133816242218018,43933,Monsters,587
Thriller,6.133124351501465,48231,A Dangerous Method,571
Thriller,6.132017135620117,84188,Compliance,221
Thriller,6.131886959075928,11980,The Prophecy,138
Thriller,6.131816387176514,20083,Shinjuku Incident,65
Thriller,6.1316423416137695,11507,Body Double,137
Thriller,6.1311516761779785,11592,Serial Mom,135
Thriller,6.131144046783447,700,Octopussy,527
Thriller,6.1305832862854,34813,The Losers,515
Thriller,6.130441665649414,2026,Hostage,512
Thriller,6.130436420440674,3040,Night Watch,210
Thriller,6.130165100097656,11935,Capricorn One,131
Thriller,6.129961967468262,11229,Freeway,95
Thriller,6.129602909088135,11583,The First Great Train Robbery,74
Thriller,6.129258632659912,9104,Buffalo Soldiers,93
Thriller,6.129239082336426,12201,Edge of Darkness,487
Thriller,6.1290283203125,6521,The Contender,60
Thriller,6.1289215087890625,10743,Confidence,126
Thriller,6.1285295486450195,7873,Harsh Times,197
Thriller,6.12763786315918,11460,Red Eye,455
Thriller,6.127414226531982,5780,Torn Curtain,120
Thriller,6.127315044403076,10955,Ripley's Game,69
Thriller,6.126862049102783,708,The Living Daylights,440
Thriller,6.126862049102783,18405,The Last House on the Left,440
Thriller,6.126417636871338,4911,Dark Blue,85
Thriller,6.12637996673584,20981,The Call of Cthulhu,41
Thriller,6.124598503112793,10428,Hackers,398
Thriller,6.124319553375244,14462,The Manchurian Candidate,393
Thriller,6.124263286590576,179,The Interpreter,392
Thriller,6.1233696937561035,43434,Carlos,50
Thriller,6.123140335083008,9311,Smilla's Sense of Snow,60
Thriller,6.123067855834961,22832,Ninja Assassin,371
Thriller,6.1223835945129395,8197,Midnight in the Garden of Good and Evil,157
Thriller,6.1222662925720215,1619,The Way of the Gun,100
Thriller,6.121892929077148,12403,A Perfect Getaway,351
Thriller,6.121583938598633,10894,May,152
Thriller,6.1215338706970215,9437,Kiss the Girls,345
Thriller,6.1198859214782715,17339,Force 10 from Navarone,91
Thriller,6.119842052459717,5722,Beyond the Valley of the Dolls,53
Thriller,6.119558334350586,15394,Owning Mahowny,37
Thriller,6.119350910186768,1999,In the Bedroom,89
Thriller,6.118977069854736,46528,The Warrior's Way,136
Thriller,6.1185455322265625,21610,Nighthawks,86
Thriller,6.118375778198242,29920,Easy Money,63
Thriller,6.118274688720703,26390,Brooklyn's Finest,293
Thriller,6.117980003356934,13250,Butterfly on a Wheel,130
Thriller,6.1178154945373535,10782,Basic,286
Thriller,6.117749214172363,52015,Stake Land,285
Thriller,6.117283821105957,10398,Double Jeopardy,278
Thriller,6.117192268371582,8198,The Quiet American,81
Thriller,6.116336822509766,1957,Enough,264
Thriller,6.114920616149902,10279,Summer of Sam,112
Thriller,6.114875316619873,4105,Black Rain,243
Thriller,6.114089012145996,10684,Courage Under Fire,232
Thriller,6.113075256347656,98568,Enter Nowhere,49
Thriller,6.113053798675537,13551,The Dead Girl,66
Thriller,6.112863063812256,22617,Dinner Rush,19
Thriller,6.1126909255981445,33196,Tidal Wave,48
Thriller,6.112246990203857,11128,Ladder 49,207
Thriller,6.112096309661865,5125,Rendition,205
Thriller,6.111756801605225,15158,Phantasm II,94
Thriller,6.110315799713135,10656,Subway,86
Thriller,6.110087871551514,10029,Very Bad Things,179
Thriller,6.10991907119751,48309,Prison,27
Thriller,6.109220504760742,2185,Big Trouble,80
Thriller,6.109220504760742,13849,The Cottage,80
Thriller,6.109098434448242,62676,Limbo,17
Thriller,6.108643054962158,15301,Twilight Zone: The Movie,161
Thriller,6.1084136962890625,35691,Letters to God,37
Thriller,6.108315467834473,81390,A Lonely Place to Die,157
Thriller,6.10816764831543,12612,Freeze Frame,18
Thriller,6.107402801513672,12117,Instinct,146
Thriller,6.1072306632995605,14823,London to Brighton,34
Thriller,6.1070661544799805,9280,Femme Fatale,142
Thriller,6.1065568923950195,9515,The Matador,136
Thriller,6.106471538543701,11954,Lifeforce,135
Thriller,6.106471538543701,66195,The Perfect Host,135
Thriller,6.1060404777526855,206197,The Sisterhood of Night,31
Thriller,6.104818820953369,2577,Code 46,116
Thriller,6.104516983032227,15745,Made,55
Thriller,6.104373931884766,17707,Brokedown Palace,111
Thriller,6.104188919067383,27342,Malone,15
Thriller,6.103638172149658,14293,Poolhall Junkies,25
Thriller,6.102644920349121,2575,The Tailor of Panama,92
Thriller,6.102051734924316,347755,Wind Walkers,6
Thriller,6.101520538330078,8141,You Kill Me,80
Thriller,6.101382732391357,26618,Clay Pigeons,39
Thriller,6.101097583770752,1123,Catch a Fire,25
Thriller,6.1008524894714355,4997,Wonderland,73
Thriller,6.100808143615723,45138,Machine Gun McCain,6
Thriller,6.10066032409668,9548,The Adventures of Ford Fairlane,71
Thriller,6.100175380706787,11564,Class of 1984,66
Thriller,6.099979400634766,50538,Evil Words,8
Thriller,6.098692893981934,14195,Cecil B. Demented,51
Thriller,6.098692893981934,22820,Gentlemen Broncos,51
Thriller,6.098556995391846,49365,Lady in White,25
Thriller,6.098363876342773,10764,Quantum of Solace,2965
Thriller,6.098351955413818,13197,10th & Wolf,24
Thriller,6.098334789276123,76163,The Expendables 2,2896
Thriller,6.098317623138428,26791,Brigham City,4
Thriller,6.098272323608398,82675,Taken 2,2757
Thriller,6.097967624664307,260346,Taken 3,2200
Thriller,6.097668647766113,138103,The Expendables 3,1795
Thriller,6.09758996963501,9615,The Fast and the Furious: Tokyo Drift,1705
Thriller,6.097464561462402,134374,Pain & Gain,1573
Thriller,6.097410202026367,136797,Need for Speed,1520
Thriller,6.097373008728027,9679,Gone in Sixty Seconds,1485
Thriller,6.097165584564209,316727,The Purge: Election Year,1306
Thriller,6.097062587738037,26268,Harper,35
Thriller,6.097034454345703,65086,The Woman in Black,1206
Thriller,6.096977233886719,19052,Light It Up,7
Thriller,6.096837520599365,214,Saw III,1071
Thriller,6.096750736236572,266034,The Blue Room,32
Thriller,6.096604824066162,9705,Swordfish,932
Thriller,6.096314430236816,5174,Rush Hour 3,783
Thriller,6.0962910652160645,9315,Flightplan,772
Thriller,6.096286773681641,77866,Contraband,770
Thriller,6.096278190612793,256274,"As Above, So Below",766
Thriller,6.096240997314453,45226,The Pursuit of D.B. Cooper,4
Thriller,6.096232891082764,67238,Cavite,2
Thriller,6.0961761474609375,8922,Jeepers Creepers,720
Thriller,6.096157073974609,35219,The Missing Person,9
Thriller,6.096141815185547,9792,The Hills Have Eyes,705
Thriller,6.096133232116699,55903,Betty Fisher and Other Stories,3
Thriller,6.096118450164795,49021,Killer Elite,695
Thriller,6.096070766448975,26389,From Paris with Love,675
Thriller,6.096036911010742,619,The Bodyguard,661
Thriller,6.095849990844727,9350,Cliffhanger,588
Thriller,6.095795631408691,41283,Faster,568
Thriller,6.0957818031311035,28355,Case 39,563
Thriller,6.095736980438232,181283,Child 44,547
Thriller,6.09570837020874,9759,Cellular,537
Thriller,6.095679759979248,4824,The Jackal,527
Thriller,6.0955352783203125,201,Star Trek: Nemesis,479
Thriller,6.09552001953125,8224,8MM,474
Thriller,6.0955095291137695,250184,Locker 13,3
Thriller,6.095491409301758,199373,The Frozen Ground,465
Thriller,6.095485210418701,18206,Alone With Her,20
Thriller,6.0954108238220215,11096,Hide and Seek,440
Thriller,6.095364570617676,70436,The Raven,426
Thriller,6.09527587890625,2043,Along Came a Spider,400
Thriller,6.095209121704102,50698,Grave Encounters,381
Thriller,6.0951924324035645,51130,Open Secret,2
Thriller,6.095163822174072,22314,In Too Deep,17
Thriller,6.095057964324951,3536,U-571,340
Thriller,6.094995021820068,289180,H.,4
Thriller,6.094976425170898,8999,Derailed,319
Thriller,6.09489631652832,64559,The Swindle,5
Thriller,6.094892501831055,2116,Out of Time,298
Thriller,6.094876289367676,60599,Arbitrage,294
Thriller,6.094780445098877,255343,Escobar: Paradise Lost,271
Thriller,6.09475040435791,8665,K-19: The Widowmaker,264
Thriller,6.094508171081543,8987,The River Wild,210
Thriller,6.094489097595215,9573,Blood Work,206
Thriller,6.094484329223633,2275,The General's Daughter,205
Thriller,6.094383239746094,11560,High Crimes,184
Thriller,6.0943732261657715,6552,Idle Hands,182
Thriller,6.094297409057617,347764,Goddess of Love,9
Thriller,6.094152927398682,15070,Undisputed,139
Thriller,6.0941314697265625,4965,Impostor,135
Thriller,6.093999862670898,507,Killing Zoe,111
Thriller,6.09398889541626,9448,The Big Hit,109
Thriller,6.093955039978027,2084,Birthday Girl,103
Thriller,6.093879699707031,27374,Lake Mungo,90
Thriller,6.093868255615234,13079,The Life Before Her Eyes,88
Thriller,6.093832969665527,2453,Harley Davidson and the Marlboro Man,82
Thriller,6.0938029289245605,2370,Topaz,77
Thriller,6.09377908706665,9813,The Quiet,73
Thriller,6.09377908706665,14576,Shade,73
Thriller,6.093705654144287,1698,Anatomy,61
Thriller,6.093541145324707,17622,Fifty Dead Men Walking,35
Thriller,6.093388080596924,22479,Kansas City,12
Thriller,6.093354225158691,25212,Deterrence,7
Thriller,6.0933403968811035,43213,Chicago Overcoat,5
Thriller,6.093305587768555,43743,Fabled,0
Thriller,6.093305587768555,51955,Hav Plenty,0
Thriller,6.093305587768555,181940,Carousel of Revenge,0
Thriller,6.093305587768555,280381,House at the End of the Drive,0
Thriller,6.093305587768555,286939,Sanctuary: Quite a Conundrum,0
Thriller,6.093305587768555,362765,The Sound and the Shadow,0
Thriller,6.093305587768555,366967,Dutch Kills,0
Thriller,6.093305587768555,386826,A Beginner's Guide to Snuff,0
Thriller,6.093305587768555,433715,8 Days,0
Thriller,6.093111515045166,47890,Sphinx,2
Thriller,6.0929179191589355,36549,Yesterday Was a Lie,4
Thriller,6.092166900634766,67373,This Thing of Ours,1
Thriller,6.092166900634766,270554,Echo Dr.,1
Thriller,6.0917840003967285,277519,Z Storm,5
Thriller,6.0917744636535645,62255,Tracker,16
Thriller,6.091654300689697,281730,Fugly,2
Thriller,6.091265678405762,14156,Impact Point,5
Thriller,6.091256618499756,157909,Show Me,4
Thriller,6.090831756591797,52462,The Pet,3
Thriller,6.090750694274902,25208,The Caveman's Valentine,27
Thriller,6.090746879577637,36584,Interview with the Assassin,5
Thriller,6.090384006500244,6016,The Good Thief,31
Thriller,6.090083122253418,323271,Unsullied,1
Thriller,6.090020179748535,29514,Two Evil Eyes,35
Thriller,6.090010166168213,30246,Civil Brand,4
Thriller,6.089896202087402,78814,We Have Your Husband,3
Thriller,6.089569568634033,20764,Sleep Dealer,40
Thriller,6.089212417602539,20794,Novocaine,44
Thriller,6.089041709899902,224569,Taxman,1
Thriller,6.089041709899902,326576,Dawn of the Crescent Moon,1
Thriller,6.089041709899902,343409,Windsor Drive,1
Thriller,6.088778018951416,41488,The Statement,23
Thriller,6.088681697845459,18191,Edmond,50
Thriller,6.088244438171387,16148,Zero Effect,55
Thriller,6.088202953338623,39437,Beloved,26
Thriller,6.088070869445801,9455,The Corruptor,57
Thriller,6.087933540344238,278348,The Maid's Room,4
Thriller,6.0879082679748535,119458,Supercapitalist,2
Thriller,6.0879082679748535,290391,"Run, Hide, Die",2
Thriller,6.087901592254639,13072,Brooklyn Rules,18
Thriller,6.087897777557373,9709,My Summer of Love,59
Thriller,6.087569713592529,18869,Jimmy and Judy,8
Thriller,6.0872483253479,28121,A Thin Line Between Love and Hate,15
Thriller,6.087212562561035,11062,City Hall,67
Thriller,6.087129592895508,193603,Hayride,6
Thriller,6.087102890014648,75986,Love Letters,4
Thriller,6.086777687072754,77156,Alien Zone,3
Thriller,6.086705207824707,27004,Ca$h,73
Thriller,6.0866875648498535,69640,Lies in Plain Sight,4
Thriller,6.085973262786865,135595,Trade Of Innocents,12
Thriller,6.085856914520264,66468,N-Secure,4
Thriller,6.085664749145508,31064,The Business of Strangers,19
Thriller,6.085273742675781,356987,Abandoned,27
Thriller,6.0849761962890625,6217,Cat People,94
Thriller,6.084734916687012,19457,The Yards,97
Thriller,6.084309101104736,352978,Chain of Command,11
Thriller,6.084086894989014,20055,The Betrayed,10
Thriller,6.083779811859131,71547,Fascination,4
Thriller,6.083722114562988,2989,Roar,19
Thriller,6.083722114562988,360339,Eden,19
Thriller,6.083569049835205,18777,Slow Burn,16
Thriller,6.083433151245117,42586,Darling Lili,8
Thriller,6.08331298828125,4657,Jindabyne,25
Thriller,6.083227634429932,31166,I Come with the Rain,20
Thriller,6.083209037780762,70829,The Last Godfather,7
Thriller,6.082394123077393,11702,The Replacement Killers,127
Thriller,6.082118511199951,322194,Subconscious,4
Thriller,6.082091808319092,38780,Rampage,131
Thriller,6.082022666931152,319910,Broken Horses,10
Thriller,6.081567287445068,11588,The I Inside,62
Thriller,6.081419467926025,84204,Grabbers,140
Thriller,6.081357955932617,39349,Sugar Hill,13
Thriller,6.081357955932617,121676,Inescapable,13
Thriller,6.081035137176514,13937,Raising Cain,65
Thriller,6.080989837646484,18886,Flight of the Intruder,31
Thriller,6.0808587074279785,9729,Where the Truth Lies,66
Thriller,6.080540180206299,16353,Ong Bak 2,152
Thriller,6.080532073974609,31932,City of Ghosts,18
Thriller,6.079999923706055,18045,The Dark Hours,22
Thriller,6.0799641609191895,205588,Our Kind of Traitor,160
Thriller,6.079838752746582,21338,Stone Cold,34
Thriller,6.079773426055908,1424,November,11
Thriller,6.079310894012451,51995,Salvation Boulevard,28
Thriller,6.079185962677002,190955,Blood Ties,171
Thriller,6.079075336456299,2088,Romeo Is Bleeding,36
Thriller,6.079047679901123,50497,When the Lights Went Out,49
Thriller,6.079047679901123,329540,The Marine 4: Moving Target,49
Thriller,6.07904577255249,37414,The Killer Inside Me,173
Thriller,6.078861236572266,299552,Born Of War,7
Thriller,6.078646183013916,376004,Adulterers,16
Thriller,6.078639030456543,92635,Snow White: A Deadly Summer,11
Thriller,6.078495025634766,9930,Legal Eagles,51
Thriller,6.07844877243042,35689,Don McKay,21
Thriller,6.078249931335449,9770,Mad City,81
Thriller,6.078219413757324,10871,Switchback,52
Thriller,6.078219413757324,15644,Paparazzi,52
Thriller,6.077944278717041,10632,The Hunted,189
Thriller,6.077894687652588,39303,2:13,10
Thriller,6.077803134918213,241766,Lords of London,6
Thriller,6.077397346496582,182,The Good German,86
Thriller,6.076847553253174,192210,Open Road,18
Thriller,6.0766754150390625,11983,Proof of Life,208
Thriller,6.076559543609619,20296,Chocolate: Deep Dark Secrets,6
Thriller,6.076544284820557,74725,Kill List,210
Thriller,6.076378345489502,29076,Gun Shy,24
Thriller,6.076135635375977,54702,Malevolence,14
Thriller,6.076008319854736,44555,"A Woman, a Gun and a Noodle Shop",13
Thriller,6.0759358406066895,62728,Brighton Rock,35
Thriller,6.075894832611084,12103,Don't Say a Word,220
Thriller,6.075677394866943,80468,Some Guy Who Kills People,45
Thriller,6.075549125671387,7501,Knockaround Guys,97
Thriller,6.075224876403809,17182,Eye for an Eye,63
Thriller,6.0747270584106445,331592,Listening,31
Thriller,6.074725151062012,16911,The Inhabited Island,23
Thriller,6.074697017669678,176077,Enter the Dangerous Mind,14
Thriller,6.074163436889648,24575,Raise the Titanic,21
Thriller,6.073252201080322,10480,Nurse Betty,111
Thriller,6.072990894317627,31640,Blood and Wine,34
Thriller,6.07295560836792,38940,Men of War,29
Thriller,6.072926044464111,11892,Murder by Numbers,268
Thriller,6.072829246520996,40914,Royal Kill,6
Thriller,6.072678565979004,30379,Megiddo: The Omega Code 2,8
Thriller,6.072379112243652,107315,Below Zero,12
Thriller,6.072031021118164,11065,O,75
Thriller,6.071847915649414,36047,The In Crowd,15
Thriller,6.071641445159912,10185,The Midnight Meat Train,290
Thriller,6.071195125579834,8744,Albino Alligator,45
Thriller,6.07114315032959,356483,Unnatural,12
Thriller,6.070918083190918,25066,Tales from the Hood,32
Thriller,6.070456504821777,8978,Assault on Precinct 13,311
Thriller,6.070235252380371,9725,Friday the 13th Part 2,315
Thriller,6.07007360458374,101173,Coriolanus,131
Thriller,6.0700201988220215,2162,Chill Factor,29
Thriller,6.069917678833008,9275,Death to Smoochy,132
Thriller,6.0695672035217285,38153,Shadow Conspiracy,11
Thriller,6.069417953491211,2085,Romeo Must Die,330
Thriller,6.069060802459717,13006,Split Second,63
Thriller,6.06879997253418,260947,Something Wicked,16
Thriller,6.068787097930908,24206,Silent Trigger,22
Thriller,6.068680763244629,34069,Cargo,140
Thriller,6.068253040313721,9882,The Siege,352
Thriller,6.067983627319336,86304,All Superheroes Must Die,13
Thriller,6.067983627319336,356841,Checkmate,13
Thriller,6.06743049621582,4959,The International,368
Thriller,6.06743049621582,8838,Mercury Rising,368
Thriller,6.0673346519470215,56491,In Her Line of Fire,9
Thriller,6.067026138305664,75638,Red Lights,376
Thriller,6.066915512084961,9783,Sublime,33
Thriller,6.066776275634766,11358,Walking Tall,381
Thriller,6.066646099090576,278316,Da Sweet Blood of Jesus,13
Thriller,6.066478252410889,9691,Assassins,387
Thriller,6.066134452819824,22907,Takers,394
Thriller,6.06606388092041,150211,The Frozen,14
Thriller,6.065591812133789,13569,Thr3e,21
Thriller,6.065545558929443,215881,Plush,40
Thriller,6.065171241760254,10431,War,414
Thriller,6.065130710601807,9095,Mary Reilly,74
Thriller,6.065123558044434,5516,The Ladykillers,415
Thriller,6.0650248527526855,11458,People I Know,48
Thriller,6.064858913421631,10425,The Death and Life of Bobby Z,103
Thriller,6.064143180847168,8843,The Cell,436
Thriller,6.063835144042969,256740,Wicked Blood,37
Thriller,6.063811302185059,29064,The Omega Code,17
Thriller,6.0638041496276855,327833,Skin Trade,61
Thriller,6.06376314163208,1613,The 51st State,173
Thriller,6.06376314163208,11495,Firestarter,173
Thriller,6.063191890716553,8007,Behind Enemy Lines,457
Thriller,6.063124179840088,334527,Criminal Activities,110
Thriller,6.063022136688232,11306,Extreme Measures,80
Thriller,6.062899589538574,10740,Birth,179
Thriller,6.062896251678467,118612,After,63
Thriller,6.062891483306885,28902,In Dreams,44
Thriller,6.062673091888428,6071,Kiss of Death,81
Thriller,6.062289714813232,15074,Extreme Ops,28
Thriller,6.061966896057129,13515,Mirrors,485
Thriller,6.061305999755859,256687,Swelter,21
Thriller,6.061214447021484,2008,The Promise,29
Thriller,6.0610785484313965,707,A View to a Kill,506
Thriller,6.0605950355529785,389425,Code of Honor,16
Thriller,6.060444355010986,74777,Absentia,121
Thriller,6.060409069061279,299553,Shark Lake,19
Thriller,6.0600199699401855,18681,Eye of the Beholder,42
Thriller,6.060019493103027,9782,The Night Listener,57
Thriller,6.059469223022461,309503,Zipper,58
Thriller,6.059319019317627,342502,AWOL-72,10
Thriller,6.059257984161377,8875,Timber Falls,38
Thriller,6.058877468109131,207769,Banshee Chapter,92
Thriller,6.058851718902588,253626,Good Kill,208
Thriller,6.0587158203125,11357,Halloween 4: The Return of Michael Myers,209
Thriller,6.058579921722412,8984,Disclosure,210
Thriller,6.058529376983643,9895,Man of the Year,129
Thriller,6.058291912078857,11015,The Relic,130
Thriller,6.057855606079102,1717,All the King's Men,95
Thriller,6.057855606079102,13154,Showdown in Little Tokyo,95
Thriller,6.057840824127197,10065,The Amityville Horror,588
Thriller,6.05753755569458,13538,Straightheads,40
Thriller,6.057366847991943,40160,Meteor,36
Thriller,6.057366847991943,347548,Containment,36
Thriller,6.05617094039917,19901,Daybreakers,634
Thriller,6.056135654449463,9902,Wrong Turn,635
Thriller,6.055994987487793,254904,The November Man,639
Thriller,6.055474281311035,1248,Hannibal Rising,654
Thriller,6.055322647094727,7006,White Noise 2: The Light,80
Thriller,6.0552449226379395,14043,Nancy Drew,143
Thriller,6.054999828338623,9730,Friday the 13th: The Final Chapter,237
Thriller,6.054741859436035,15983,Invasion U.S.A.,49
Thriller,6.054561614990234,14854,Lone Wolf McQuade,67
Thriller,6.054117679595947,11863,Jade,44
Thriller,6.05402135848999,18041,Gossip,68
Thriller,6.053206443786621,8592,Dick Tracy,251
Thriller,6.052708148956299,13191,"War, Inc.",86
Thriller,6.052268981933594,11478,The Skulls,156
Thriller,6.0519633293151855,309919,The Curse of Downers Grove,24
Thriller,6.051950931549072,22821,The Boondock Saints II: All Saints Day,261
Thriller,6.051843166351318,5852,Angel Eyes,88
Thriller,6.051843166351318,283384,The Calling,88
Thriller,6.051570415496826,18550,Fled,47
Thriller,6.051367282867432,127867,The Brass Teapot,160
Thriller,6.050567626953125,235271,Addicted,63
Thriller,6.050539016723633,101179,Truth or Dare,117
Thriller,6.050123691558838,331190,Captive,92
Thriller,6.049259185791016,11678,Vertical Limit,283
Thriller,6.049138069152832,36643,The World Is Not Enough,862
Thriller,6.0488996505737305,46503,All Good Things,286
Thriller,6.048577785491943,192102,3 Days to Kill,883
Thriller,6.04854154586792,134597,The Collection,289
Thriller,6.0484490394592285,50942,Creature,21
Thriller,6.048422813415527,4477,The Devil's Own,290
Thriller,6.048185348510742,13279,Lakeview Terrace,292
Thriller,6.047494888305664,714,Tomorrow Never Dies,925
Thriller,6.047388076782227,12138,3000 Miles to Graceland,178
Thriller,6.047360897064209,1537,Changing Lanes,299
Thriller,6.04701042175293,10003,The Saint,302
Thriller,6.046955585479736,18442,Decoys,33
Thriller,6.046936988830566,18616,No Man's Land: The Rise of Reeker,27
Thriller,6.046512603759766,22007,Train,36
Thriller,6.04551362991333,58233,Johnny English Reborn,1007
Thriller,6.045395851135254,48572,Red State,316
Thriller,6.045042514801025,11141,Laws of Attraction,104
Thriller,6.044517517089844,11665,Get Smart,1051
Thriller,6.0434160232543945,97370,Under the Skin,1102
Thriller,6.043111324310303,2057,Original Sin,198
Thriller,6.042919635772705,9623,The Juror,89
Thriller,6.041930675506592,10483,Death Race,1175
Thriller,6.041330337524414,34851,Predators,1206
Thriller,6.0406904220581055,242166,Red Sky,26
Thriller,6.039059638977051,34314,Turbulence,62
Thriller,6.038965702056885,13389,Righteous Kill,375
Thriller,6.038585662841797,298312,The Visit,1360
Thriller,6.038297176361084,8080,Suspect Zero,98
Thriller,6.037567615509033,5820,The Sentinel,225
Thriller,6.037554740905762,12484,The Forsaken,47
Thriller,6.036018371582031,10092,Cry_Wolf,126
Thriller,6.035809516906738,579,Jaws 2,406
Thriller,6.0346760749816895,12088,Fortress,168
Thriller,6.033664226531982,37710,The Tourist,1699
Thriller,6.033175468444824,2114,Final Fantasy: The Spirits Within,433
Thriller,6.0327935218811035,4614,The Sum of All Fears,437
Thriller,6.0325775146484375,10383,Lost Souls,38
Thriller,6.032233238220215,72710,The Host,1817
Thriller,6.031929016113281,10783,Lucky Numbers,52
Thriller,6.031849384307861,1852,World Trade Center,447
Thriller,6.031696796417236,6623,The Peacemaker,255
Thriller,6.031696796417236,9945,Vampires,255
Thriller,6.031506061553955,2320,Executive Decision,256
Thriller,6.030116081237793,58626,The Hit List,73
Thriller,6.028903007507324,12192,Pathology,144
Thriller,6.0288405418396,12245,The Oxford Murders,188
Thriller,6.028646945953369,7288,Duplex,482
Thriller,6.027982711791992,2749,15 Minutes,191
Thriller,6.027810573577881,10413,Nowhere to Run,119
Thriller,6.027234077453613,28211,Chloe,498
Thriller,6.027129173278809,9566,The Fan,194
Thriller,6.026838779449463,10131,A Nightmare on Elm Street 4: The Dream Master,281
Thriller,6.026656150817871,25769,Carriers,282
Thriller,6.026418685913086,158015,The Purge,2428
Thriller,6.026374340057373,15992,Abandon,45
Thriller,6.025373935699463,10280,Thinner,124
Thriller,6.024786472320557,49040,The Bourne Legacy,2651
Thriller,6.023586750030518,698,Moonraker,541
Thriller,6.023586750030518,709,Licence to Kill,541
Thriller,6.023118495941162,10496,Bats,35
Thriller,6.023032188415527,27578,The Expendables,2926
Thriller,6.022928237915039,9022,All the Boys Love Mandy Lane,209
Thriller,6.022785663604736,254128,San Andreas,2968
Thriller,6.02237606048584,49010,Hobo with a Shotgun,211
Thriller,6.022149085998535,244316,Into the Grizzly Maze,74
Thriller,6.021361351013184,34335,Nine Dead,84
Thriller,6.0210041999816895,10225,Friday the 13th Part VI: Jason Lives,216
Thriller,6.020376682281494,9620,Paycheck,581
Thriller,6.02036714553833,7341,The Rage: Carrie 2,76
Thriller,6.020224094390869,11456,Domestic Disturbance,113
Thriller,6.0199151039123535,17134,12 Rounds,220
Thriller,6.018930912017822,20616,Swimfan,70
Thriller,6.0181965827941895,10724,Firefox,139
Thriller,6.017178058624268,150202,The Haunting in Connecticut 2: Ghosts of Georgia,175
Thriller,6.01686954498291,36670,Never Say Never Again,338
Thriller,6.016702651977539,48340,Sanctum,339
Thriller,6.016080379486084,102362,Dead Man Down,638
Thriller,6.015847682952881,64639,Straw Dogs,144
Thriller,6.014982223510742,136835,No Good Deed,181
Thriller,6.014184474945068,245846,Strangerland,83
Thriller,6.012768745422363,13460,Doomsday,363
Thriller,6.012419700622559,184346,Deliver Us from Evil,690
Thriller,6.012307643890381,283686,Out of the Dark,55
Thriller,6.01182746887207,38033,Chain Letter,37
Thriller,6.011674404144287,10877,Exit Wounds,110
Thriller,6.011354923248291,13429,Donkey Punch,52
Thriller,6.011250019073486,312791,GirlHouse,97
Thriller,6.011048316955566,10391,Bless the Child,71
Thriller,6.011048316955566,208763,Forbidden Kingdom,71
Thriller,6.010992050170898,14033,Soul Survivors,49
Thriller,6.010948181152344,9728,Friday the 13th Part III,254
Thriller,6.010754108428955,271185,Ask Me Anything,155
Thriller,6.010541915893555,49787,The Reef,130
Thriller,6.01038122177124,11228,Daylight,378
Thriller,6.009910583496094,9963,Premonition,381
Thriller,6.009757041931152,169,Predator 2,730
Thriller,6.008355617523193,69668,Dream House,391
Thriller,6.008188724517822,10861,Maximum Risk,101
Thriller,6.006138801574707,37498,Knock Off,64
Thriller,6.006138801574707,254024,The Face of an Angel,64
Thriller,6.006089210510254,8850,The Shadow,138
Thriller,6.005408763885498,11866,Flight of the Phoenix,276
Thriller,6.004687786102295,3512,Under Siege 2: Dark Territory,210
Thriller,6.00451135635376,206213,Zombie Hunter,34
Thriller,6.00429105758667,78381,Twixt,85
Thriller,6.004204750061035,11917,Saw V,820
Thriller,6.003548622131348,84178,Black Rock,78
Thriller,6.003123760223389,10375,D-Tox,123
Thriller,6.001857280731201,15092,Crank: High Voltage,861
Thriller,6.000914096832275,22824,The Fourth Kind,441
Thriller,5.9999823570251465,11258,Hard Rain,179
Thriller,5.999898433685303,97614,Deadfall,224
Thriller,5.99955940246582,663,Saw IV,903
Thriller,5.998503684997559,11968,Into the Blue,458
Thriller,5.996525287628174,3489,88 Minutes,313
Thriller,5.996301174163818,1620,Hitman,966
Thriller,5.995333194732666,27579,The American,481
Thriller,5.993250370025635,45650,The Hole,244
Thriller,5.993054389953613,77883,The Possession,498
Thriller,5.992584705352783,9271,Virtuosity,163
Thriller,5.9919657707214355,15028,Clockstoppers,89
Thriller,5.990990161895752,10008,An American Haunting,142
Thriller,5.990781307220459,351043,Amnesiac,52
Thriller,5.990479469299316,19904,The Stepfather,167
Thriller,5.9877705574035645,11804,White Noise,261
Thriller,5.987557888031006,4597,Armored,208
Thriller,5.987349987030029,2155,Reindeer Games,173
Thriller,5.987264156341553,226458,Backmask,79
Thriller,5.98714017868042,11377,House on Haunted Hill,209
Thriller,5.9869513511657715,137094,Jack Ryan: Shadow Recruit,1173
Thriller,5.986624717712402,373314,Misconduct,149
Thriller,5.986330986022949,16028,They,74
Thriller,5.986176013946533,4858,The Invasion,359
Thriller,5.986063003540039,19959,Surrogates,1195
Thriller,5.985872745513916,9754,Firewall,267
Thriller,5.985663414001465,48171,The Rite,556
Thriller,5.985281467437744,26688,Sorority Row,177
Thriller,5.9850945472717285,162903,The Fifth Estate,364
Thriller,5.983675956726074,17577,The Devil's Tomb,53
Thriller,5.982926368713379,10069,Stay Alive,155
Thriller,5.9812188148498535,9616,The Order,91
Thriller,5.980094909667969,74536,The Son of No One,92
Thriller,5.978766918182373,9877,Urban Legend,290
Thriller,5.977148056030273,10984,Valentine,114
Thriller,5.977128505706787,4970,Gothika,629
Thriller,5.976905822753906,242095,The Signal,631
Thriller,5.975820064544678,13811,Knowing,1486
Thriller,5.975677013397217,10167,Half Past Dead,82
Thriller,5.975155830383301,10163,The Lawnmower Man,197
Thriller,5.974575042724609,43931,My Soul to Take,147
Thriller,5.973388671875,46529,I Am Number Four,1567
Thriller,5.973172187805176,2176,The Glass House,201
Thriller,5.972574710845947,10160,A Nightmare on Elm Street 5: The Dream Child,245
Thriller,5.971939563751221,9619,Dante's Peak,428
Thriller,5.971796989440918,23629,Sucker Punch,1623
Thriller,5.9717912673950195,9825,Lake Placid,247
Thriller,5.971517086029053,10384,Supernova,109
Thriller,5.970514297485352,10685,The Watcher,110
Thriller,5.970461845397949,336004,Heist,318
Thriller,5.970395565032959,4723,Southland Tales,153
Thriller,5.970186233520508,10796,The One,437
Thriller,5.969799518585205,5137,Sky Captain and the World of Tomorrow,439
Thriller,5.968028545379639,81796,Lockout,715
Thriller,5.967936992645264,10885,Shutter,180
Thriller,5.967583656311035,38358,The Last Exorcism,328
Thriller,5.9671244621276855,9208,Broken Arrow,453
Thriller,5.966488361358643,10944,In the Cut,89
Thriller,5.965361595153809,64689,Killing Them Softly,742
Thriller,5.964414119720459,58428,The Innkeepers,219
Thriller,5.964211940765381,955,Mission: Impossible II,1928
Thriller,5.96268367767334,9257,S.W.A.T.,770
Thriller,5.961737632751465,9625,The Glimmer Man,100
Thriller,5.96157693862915,78383,Nurse 3-D,119
Thriller,5.9615478515625,118957,Bait,191
Thriller,5.960973262786865,10281,Friday the 13th Part VII: The New Blood,192
Thriller,5.9603047370910645,1642,The Net,354
Thriller,5.960134983062744,3132,Bad Company,228
Thriller,5.959967613220215,2122,The Whole Ten Yards,278
Thriller,5.959761619567871,296,Terminator 3: Rise of the Machines,2143
Thriller,5.959359169006348,290825,Yoga Hosers,102
Thriller,5.959140300750732,10077,A Sound of Thunder,111
Thriller,5.958854675292969,9030,The Eye,281
Thriller,5.958485126495361,8831,Timecop,282
Thriller,5.958467483520508,44040,Devil,816
Thriller,5.958378314971924,216282,Into the Storm,817
Thriller,5.956969738006592,157353,Transcendence,2295
Thriller,5.956180095672607,10022,The Pacifier,842
Thriller,5.956175804138184,324668,Jason Bourne,2341
Thriller,5.955165386199951,10061,Escape from L.A.,373
Thriller,5.954367160797119,172,Star Trek V: The Final Frontier,376
Thriller,5.9542107582092285,1970,The Grudge,865
Thriller,5.9541730880737305,534,Terminator Salvation,2463
Thriller,5.952289581298828,11351,Jeepers Creepers 2,299
Thriller,5.951118469238281,284536,The Gambler,543
Thriller,5.950538158416748,9656,Black Christmas,119
Thriller,5.950157642364502,11361,Halloween 5: The Revenge of Michael Myers,183
Thriller,5.949634075164795,301325,#Horror,52
Thriller,5.949487686157227,36419,After.Life,251
Thriller,5.9490766525268555,479,Shaft,308
Thriller,5.948927402496338,65055,Shark Night,132
Thriller,5.948723316192627,109729,The Canyons,75
Thriller,5.9485764503479,10762,Without a Paddle,214
Thriller,5.948128700256348,2900,The Astronaut's Wife,254
Thriller,5.948023796081543,9594,Double Impact,215
Thriller,5.9473114013671875,2636,The Specialist,313
Thriller,5.945428371429443,9682,Pulse,150
Thriller,5.945275783538818,22787,Whiteout,220
Thriller,5.945274829864502,11058,Godsend,114
Thriller,5.943093776702881,49950,The Roommate,224
Thriller,5.943028450012207,98357,Broken City,593
Thriller,5.942872047424316,9894,The Cable Guy,594
Thriller,5.94231653213501,8870,Red Planet,267
Thriller,5.9418745040893555,10053,When a Stranger Calls,268
Thriller,5.938351154327393,13812,Quarantine,339
Thriller,5.937422275543213,9624,On Deadly Ground,104
Thriller,5.937142848968506,36669,Die Another Day,1092
Thriller,5.9364776611328125,321258,The Boy,1102
Thriller,5.935332775115967,24418,Cirque du Freak: The Vampire's Assistant,348
Thriller,5.934473991394043,8975,The Marine,163
Thriller,5.934134483337402,134411,Snitch,1138
Thriller,5.933766841888428,234212,Demonic,148
Thriller,5.931982040405273,11375,Hollywood Homicide,166
Thriller,5.930207252502441,8869,Eight Legged Freaks,295
Thriller,5.928732395172119,1370,Rambo III,690
Thriller,5.928680419921875,10987,Halloween: The Curse of Michael Myers,170
Thriller,5.928579330444336,10550,Ballistic: Ecks vs. Sever,97
Thriller,5.924744606018066,9731,Friday the 13th: A New Beginning,196
Thriller,5.924378395080566,41436,Paranormal Activity 2,722
Thriller,5.9234418869018555,10461,Get Carter,145
Thriller,5.923141956329346,70435,Haywire,505
Thriller,5.921884059906006,83,Open Water,315
Thriller,5.921767711639404,10727,Darkness Falls,161
Thriller,5.920482158660889,9042,The Cave,202
Thriller,5.918737411499023,297596,Dying of the Light,118
Thriller,5.918035984039307,7451,xXx,1424
Thriller,5.9178972244262695,37821,Killers,772
Thriller,5.917015552520752,9009,Dark Water,274
Thriller,5.914966583251953,9268,Eraser,543
Thriller,5.913532257080078,10610,The Medallion,281
Thriller,5.91247034072876,82505,House at the End of the Street,555
Thriller,5.912181377410889,10306,Poltergeist III,123
Thriller,5.912051677703857,12123,Chain Reaction,284
Thriller,5.9114460945129395,46261,Don't Be Afraid of the Dark,341
Thriller,5.910519599914551,9884,Collateral Damage,427
Thriller,5.909023284912109,267860,London Has Fallen,1621
Thriller,5.902674198150635,8914,Deep Blue Sea,604
Thriller,5.900755882263184,9053,DOA: Dead or Alive,205
Thriller,5.899249076843262,11586,Exorcist II: The Heretic,133
Thriller,5.897622108459473,8427,I Spy,269
Thriller,5.896974086761475,9383,Hollow Man,634
Thriller,5.8946075439453125,10329,Congo,213
Thriller,5.893658638000488,10577,Dracula 2000,148
Thriller,5.893155574798584,104755,The Lords of Salem,242
Thriller,5.891602993011475,43935,Dylan Dog: Dead of Night,139
Thriller,5.890411376953125,262543,Automata,670
Thriller,5.890336513519287,79694,The Apparition,140
Thriller,5.889758586883545,1975,The Grudge 2,283
Thriller,5.8885040283203125,10253,Dragon Wars: D-War,104
Thriller,5.888238430023193,11237,Anacondas: The Hunt for the Blood Orchid,199
Thriller,5.887806415557861,334074,Survivor,404
Thriller,5.88776159286499,228066,Victor Frankenstein,685
Thriller,5.8875885009765625,13836,Race to Witch Mountain,509
Thriller,5.887412071228027,3597,I Know What You Did Last Summer,687
Thriller,5.886992931365967,9954,The Covenant,288
Thriller,5.883927345275879,8836,The X Files: I Want to Believe,523
Thriller,5.882460117340088,6933,One Missed Call,171
Thriller,5.87936544418335,190847,The Last Days on Mars,302
Thriller,5.878814697265625,146238,Runner Runner,543
Thriller,5.878504276275635,10283,Friday the 13th Part VIII: Jason Takes Manhattan,191
Thriller,5.878419876098633,8698,The League of Extraordinary Gentlemen,1155
Thriller,5.877307891845703,7978,The Wolfman,549
Thriller,5.875812530517578,144336,Sabotage,555
Thriller,5.875253677368164,9378,Thir13en Ghosts,440
Thriller,5.875206470489502,18501,Gamer,760
Thriller,5.873826026916504,11284,Freddy's Dead: The Final Nightmare,272
Thriller,5.8705925941467285,36648,Blade: Trinity,1252
Thriller,5.870035171508789,11026,Exorcist: The Beginning,183
Thriller,5.869519233703613,76640,The Last Stand,1266
Thriller,5.869407653808594,146198,Triple 9,797
Thriller,5.868988513946533,503,Poseidon,583
Thriller,5.8662238121032715,4442,The Brothers Grimm,818
Thriller,5.863940238952637,15268,Street Fighter: The Legend of Chun-Li,112
Thriller,5.861280918121338,87101,Terminator Genisys,3631
Thriller,5.859791278839111,77987,Only God Forgives,862
Thriller,5.857313632965088,3093,Basic Instinct 2,180
Thriller,5.856616497039795,94348,Alex Cross,300
Thriller,5.856125831604004,9697,Lady in the Water,409
Thriller,5.8558349609375,58431,Pride and Prejudice and Zombies,640
Thriller,5.853954315185547,9793,The Hills Have Eyes 2,351
Thriller,5.851504325866699,49730,Red Riding Hood,922
Thriller,5.8512372970581055,52451,The Three Musketeers,924
Thriller,5.850766181945801,9341,The Core,516
Thriller,5.849067687988281,37707,Splice,671
Thriller,5.846395969390869,59965,Abduction,961
Thriller,5.845286846160889,8968,Boogeyman,191
Thriller,5.845090389251709,11618,The Haunting,369
Thriller,5.842689037322998,332411,I Am Wrath,179
Thriller,5.841707706451416,10357,Volcano,376
Thriller,5.835747718811035,57876,Area 51,151
Thriller,5.834255695343018,76617,Texas Chainsaw 3D,465
Thriller,5.831066608428955,127493,Stolen,344
Thriller,5.827586650848389,10771,The Tuxedo,483
Thriller,5.827300548553467,22825,The Box,597
Thriller,5.826624393463135,257088,Point Break,783
Thriller,5.825239658355713,11535,Rollerball,106
Thriller,5.824235916137695,331,Jurassic Park III,2077
Thriller,5.819701671600342,1995,Lara Croft: Tomb Raider,2192
Thriller,5.817900657653809,10320,The Ring Two,632
Thriller,5.816720485687256,241254,The Prince,218
Thriller,5.815919876098633,4327,Charlie's Angels,1232
Thriller,5.814841270446777,869,Planet of the Apes,1243
Thriller,5.8146138191223145,3600,I Still Know What You Did Last Summer,374
Thriller,5.812145709991455,13184,Bangkok Dangerous,332
Thriller,5.811690330505371,265208,Wild Card,656
Thriller,5.810590744018555,9645,Ghost Ship,531
Thriller,5.809637069702148,10336,Spawn,336
Thriller,5.808437347412109,227348,Paranormal Activity: The Marked Ones,449
Thriller,5.8083577156066895,77948,The Cold Light of Day,271
Thriller,5.807782173156738,9544,FearDotCom,105
Thriller,5.806654453277588,9381,Babylon A.D.,676
Thriller,5.802713394165039,38321,Priest,692
Thriller,5.801590442657471,171424,The Green Inferno,349
Thriller,5.801178932189941,10756,The Haunted Mansion,466
Thriller,5.7985453605651855,6171,Dreamcatcher,567
Thriller,5.797487258911133,146203,The Last Exorcism Part II,203
Thriller,5.797323226928711,50357,Apollo 18,356
Thriller,5.795085906982422,9879,Striptease,205
Thriller,5.79491662979126,70074,Bullet to the Head,481
Thriller,5.792733192443848,241257,Regression,585
Thriller,5.791414260864258,157544,The Vatican Tapes,243
Thriller,5.787992477416992,47327,Drive Angry,600
Thriller,5.787261962890625,11442,Halloween: Resurrection,228
Thriller,5.783638954162598,277685,Unfriended,1047
Thriller,5.778478145599365,106747,Machete Kills,631
Thriller,5.776111125946045,10285,Jason Goes to Hell: The Final Friday,193
Thriller,5.77287483215332,76487,The Devil Inside,262
Thriller,5.768641948699951,11531,Book of Shadows: Blair Witch 2,212
Thriller,5.76695442199707,299245,The Gallows,361
Thriller,5.764348030090332,287948,The Transporter Refueled,559
Thriller,5.761958122253418,14869,G.I. Joe: The Rise of Cobra,1962
Thriller,5.754244327545166,326,Snakes on a Plane,497
Thriller,5.753759860992432,61012,Silent Hill: Revelation 3D,432
Thriller,5.750669479370117,243940,The Lazarus Effect,505
Thriller,5.744706630706787,8285,The Spirit,320
Thriller,5.739368915557861,1996,Lara Croft Tomb Raider: The Cradle of Life,1418
Thriller,5.736767292022705,13788,The Unborn,365
Thriller,5.693605899810791,93856,Chernobyl Diaries,483
Thriller,5.685154438018799,44833,Battleship,2114
Thriller,5.681506633758545,329440,The Forest,448
Thriller,5.675285816192627,9920,Ultraviolet,458
Thriller,5.668543338775635,71469,The Darkest Hour,469
Thriller,5.63698673248291,100241,"I, Frankenstein",687
Thriller,5.636455535888672,5550,RoboCop 3,305
Thriller,5.635848045349121,12142,Alone in the Dark,173
Thriller,5.6279120445251465,10200,The Day the Earth Stood Still,1043
Thriller,5.6274566650390625,109091,The Counselor,712
Thriller,5.602265357971191,580,Jaws: The Revenge,224
Thriller,5.588769435882568,11667,Street Fighter,325
Thriller,5.587395668029785,1979,Fantastic 4: Rise of the Silver Surfer,2589
Thriller,5.586061000823975,11679,xXx: State of the Union,549
Thriller,5.577578067779541,20533,Jonah Hex,420
Thriller,5.57356071472168,440,Aliens vs Predator: Requiem,740
Thriller,5.566887378692627,72559,G.I. Joe: Retaliation,3025
Thriller,5.551612377166748,9360,Anaconda,610
Thriller,5.520733833312988,1250,Ghost Rider,1712
Thriller,5.499465465545654,8645,The Happening,950
Thriller,5.472275733947754,1639,Speed 2: Cruise Control,434
Thriller,5.403342247009277,216015,Fifty Shades of Grey,3254
Thriller,5.398874759674072,218043,Left Behind,392
Thriller,5.392426013946533,47964,A Good Day to Die Hard,3493
Thriller,5.376430511474609,44912,Green Lantern,2487
Thriller,5.338099479675293,71676,Ghost Rider: Spirit of Vengeance,1135
Thriller,5.064957141876221,241251,The Boy Next Door,1022
Thriller,5.055088043212891,14164,Dragonball Evolution,462
Crime,8.248143196105957,278,The Shawshank Redemption,8205
Crime,8.077157020568848,238,The Godfather,5893
Crime,8.07455825805664,680,Pulp Fiction,8428
Crime,8.044122695922852,155,The Dark Knight,12002
Crime,7.813798427581787,807,Se7en,5765
Crime,7.807512283325195,240,The Godfather: Part II,3338
Crime,7.7965006828308105,497,The Green Mile,4048
Crime,7.743757724761963,274,The Silence of the Lambs,4443
Crime,7.705671787261963,769,GoodFellas,3128
Crime,7.6699042320251465,106646,The Wolf of Wall Street,6571
Crime,7.643218517303467,629,The Usual Suspects,3254
Crime,7.607276439666748,500,Reservoir Dogs,3697
Crime,7.572967052459717,1422,The Departed,4339
Crime,7.531988620758057,111,Scarface,2948
Crime,7.476668357849121,103,Taxi Driver,2535
Crime,7.471558094024658,146233,Prisoners,3085
Crime,7.4564409255981445,49026,The Dark Knight Rises,9106
Crime,7.439197540283203,24,Kill Bill: Vol. 1,4949
Crime,7.406014919281006,598,City of God,1814
Crime,7.390705585479736,641,Requiem for a Dream,2443
Crime,7.3787078857421875,115,The Big Lebowski,2926
Crime,7.375889778137207,640,Catch Me If You Can,3795
Crime,7.347116947174072,627,Trainspotting,2655
Crime,7.3378190994262695,272,Batman Begins,7359
Crime,7.323883056640625,273248,The Hateful Eight,4274
Crime,7.311100482940674,6977,No Country for Old Men,3003
Crime,7.305539131164551,393,Kill Bill: Vol. 2,3948
Crime,7.301958084106445,107,Snatch,2912
Crime,7.268139839172363,242582,Nightcrawler,3395
Crime,7.203786849975586,311,Once Upon a Time in America,1069
Crime,7.140298366546631,235,Stand by Me,1522
Crime,7.132467746734619,64690,Drive,3725
Crime,7.120474815368652,75656,Now You See Me,5487
Crime,7.077705383300781,524,Casino,1307
Crime,7.020925521850586,2118,L.A. Confidential,1310
Crime,7.003191947937012,4638,Hot Fuzz,2199
Crime,6.993145942687988,322,Mystic River,1422
Crime,6.983303546905518,117,The Untouchables,1384
Crime,6.982539176940918,100,"Lock, Stock and Two Smoking Barrels",1648
Crime,6.976187229156494,161,Ocean's Eleven,3783
Crime,6.927726745605469,23483,Kick-Ass,4645
Crime,6.917448043823242,1359,American Psycho,2066
Crime,6.91193151473999,1949,Zodiac,2023
Crime,6.90922737121582,187,Sin City,2691
Crime,6.890808582305908,4982,American Gangster,1502
Crime,6.887203216552734,65754,The Girl with the Dragon Tattoo,2434
Crime,6.885534763336182,273481,Sicario,2416
Crime,6.870703220367432,10528,Sherlock Holmes,5766
Crime,6.868490219116211,595,To Kill a Mockingbird,657
Crime,6.8660759925842285,8321,In Bruges,1388
Crime,6.862322807312012,176,Saw,2184
Crime,6.8537139892578125,2034,Training Day,1634
Crime,6.853278636932373,156022,The Equalizer,2954
Crime,6.853024482727051,388,Inside Man,1630
Crime,6.850867748260498,186,Lucky Number Slevin,1323
Crime,6.849420070648193,4133,Blow,1317
Crime,6.839323043823242,9509,Man on Fire,1553
Crime,6.8334879875183105,525,The Blues Brothers,1065
Crime,6.832058429718018,184,Jackie Brown,1514
Crime,6.820532321929932,58574,Sherlock Holmes: A Game of Shadows,3886
Crime,6.815802097320557,51497,Fast Five,2438
Crime,6.804976463317871,9366,Donnie Brasco,1147
Crime,6.804098606109619,9277,The Sting,622
Crime,6.796746253967285,187017,22 Jump Street,3319
Crime,6.79254150390625,328387,Nerve,2181
Crime,6.776247024536133,1542,Office Space,1050
Crime,6.7734694480896,152742,The Best Offer,704
Crime,6.767369270324707,25376,The Secret in Their Eyes,626
Crime,6.7659220695495605,22803,Law Abiding Citizen,1486
Crime,6.7634992599487305,3131,Gangs of New York,1910
Crime,6.746306419372559,3580,Changeling,1131
Crime,6.739331245422363,116,Match Point,1105
Crime,6.731620788574219,4147,Road to Perdition,1077
Crime,6.725411891937256,94329,The Raid,1055
Crime,6.714602947235107,242,The Godfather: Part III,1546
Crime,6.712932586669922,5503,The Fugitive,1220
Crime,6.710175514221191,319,True Romance,749
Crime,6.701493740081787,77016,End of Watch,1170
Crime,6.681257724761963,7347,Elite Squad,504
Crime,6.64547061920166,1427,Perfume: The Story of a Murderer,1165
Crime,6.642907619476318,4232,Scream,1476
Crime,6.641730308532715,23168,The Town,1468
Crime,6.6392035484313965,1538,Collateral,1451
Crime,6.634565830230713,470,21 Grams,918
Crime,6.627595901489258,138832,We're the Millers,2972
Crime,6.624758720397949,5236,Kiss Kiss Bang Bang,886
Crime,6.621181011199951,642,Butch Cassidy and the Sundance Kid,650
Crime,6.6209588050842285,1830,Lord of War,1335
Crime,6.620042324066162,168672,American Hustle,2807
Crime,6.612661838531494,2252,Eastern Promises,848
Crime,6.610547065734863,654,On the Waterfront,357
Crime,6.60906457901001,8374,The Boondock Saints,837
Crime,6.608709812164307,819,Sleepers,715
Crime,6.607083797454834,9470,Kung Fu Hustle,831
Crime,6.598040580749512,755,From Dusk Till Dawn,1603
Crime,6.5843987464904785,64688,21 Jump Street,4074
Crime,6.580454349517822,7485,Shooter,1462
Crime,6.575378894805908,2757,Adaptation.,638
Crime,6.561273097991943,291805,Now You See Me 2,3235
Crime,6.5567755699157715,308639,Dope,691
Crime,6.552837371826172,1637,Speed,1783
Crime,6.540535926818848,97367,The Place Beyond the Pines,1653
Crime,6.533812999725342,256591,Focus,2542
Crime,6.533390998840332,754,Face/Off,1583
Crime,6.532767295837402,50348,The Lincoln Lawyer,902
Crime,6.531662464141846,1429,25th Hour,629
Crime,6.518473148345947,16,Dancer in the Dark,377
Crime,6.501763343811035,10734,Escape from Alcatraz,561
Crime,6.496222496032715,1213,The Talented Mr. Ripley,767
Crime,6.495816707611084,11615,The Life of David Gale,480
Crime,6.4925994873046875,1051,The French Connection,422
Crime,6.489236354827881,9799,The Fast and the Furious,3428
Crime,6.486461162567139,592,The Conversation,372
Crime,6.4849677085876465,43539,The Next Three Days,905
Crime,6.479154586791992,198184,Chappie,3062
Crime,6.478348255157471,320,Insomnia,1148
Crime,6.4741291999816895,1646,Freedom Writers,356
Crime,6.471005916595459,39514,RED,2808
Crime,6.469013690948486,13809,RockNRolla,836
Crime,6.468051433563232,59,A History of Violence,832
Crime,6.467857837677002,1598,Cape Fear,675
Crime,6.458373546600342,854,The Mask,2472
Crime,6.45509672164917,979,Irreversible,538
Crime,6.452819347381592,650,Boyz n the Hood,364
Crime,6.4521026611328125,11798,This Is England,363
Crime,6.447722434997559,9504,Glengarry Glen Ross,323
Crime,6.447021007537842,90,Beverly Hills Cop,961
Crime,6.442777633666992,18533,Bronson,733
Crime,6.440103054046631,8470,John Q,594
Crime,6.431674003601074,8068,Desperado,881
Crime,6.43126106262207,86838,Seven Psychopaths,1206
Crime,6.4311604499816895,9654,The Italian Job,1919
Crime,6.427193641662598,4836,Layer Cake,559
Crime,6.427127361297607,1574,Chicago,677
Crime,6.422245979309082,10673,Wall Street,546
Crime,6.419469833374023,9533,Red Dragon,1115
Crime,6.416703224182129,4108,The Transporter,1692
Crime,6.411827564239502,9762,Step Up,1060
Crime,6.4092936515808105,136400,2 Guns,1589
Crime,6.407683849334717,1645,A Time to Kill,509
Crime,6.406790733337402,14048,Man on Wire,275
Crime,6.398850917816162,276907,Legend,973
Crime,6.397839546203613,504,Monster,485
Crime,6.391374111175537,1900,Traffic,562
Crime,6.391067028045654,226,Boys Don't Cry,353
Crime,6.389086723327637,70670,Headhunters,399
Crime,6.388092994689941,10559,Frequency,462
Crime,6.386104106903076,203,Mean Streets,345
Crime,6.3807220458984375,158011,The Call,1257
Crime,6.379474639892578,51540,Horrible Bosses,2277
Crime,6.370824813842773,37495,Four Lions,423
Crime,6.369706153869629,1948,Crank,1151
Crime,6.368147373199463,298,Ocean's Thirteen,1999
Crime,6.360207557678223,9631,The Negotiator,582
Crime,6.359349727630615,1535,Spy Game,579
Crime,6.355672359466553,4816,Ghost Dog: The Way of the Samurai,298
Crime,6.355580806732178,188166,Blue Ruin,462
Crime,6.354955673217773,1725,West Side Story,389
Crime,6.353265762329102,9737,Bad Boys,1699
Crime,6.348186016082764,9281,Witness,375
Crime,6.34662389755249,10220,Rounders,439
Crime,6.346085071563721,136795,The Heat,1575
Crime,6.345664024353027,313922,Green Room,683
Crime,6.345414161682129,57214,Project X,1564
Crime,6.340185642242432,8195,Ronin,658
Crime,6.3328962326049805,8065,21,1375
Crime,6.330646991729736,11322,Public Enemies,1344
Crime,6.32846736907959,8292,Four Brothers,607
Crime,6.327517509460449,12149,Frailty,334
Crime,6.325953483581543,7304,Running Scared,331
Crime,6.325766086578369,37903,The White Ribbon,255
Crime,6.325024604797363,1701,Con Air,1270
Crime,6.324789047241211,4547,Panic Room,1267
Crime,6.319006443023682,84329,Robot & Frank,450
Crime,6.31657600402832,9829,United 93,367
Crime,6.315652370452881,8909,Wanted,2528
Crime,6.313921928405762,2112,Payback,548
Crime,6.313350200653076,9013,Midnight Run,238
Crime,6.306570053100586,8848,The Bank Job,697
Crime,6.304599285125732,163,Ocean's Twelve,2124
Crime,6.302221298217773,816,Austin Powers: International Man of Mystery,1013
Crime,6.296702861785889,12093,Lilya 4-ever,139
Crime,6.296334266662598,68727,Trance,956
Crime,6.2961530685424805,206563,Trash,242
Crime,6.295368671417236,398,Capote,384
Crime,6.29081916809082,67913,The Guard,372
Crime,6.282819747924805,325789,The Infiltrator,573
Crime,6.282354831695557,171274,Inherent Vice,833
Crime,6.281641960144043,146216,RED 2,1526
Crime,6.281501293182373,9481,The Bone Collector,826
Crime,6.281256198883057,62835,Colombiana,824
Crime,6.28110408782959,227,The Outsiders,291
Crime,6.279762268066406,16608,The Proposition,218
Crime,6.279001235961914,11371,The Score,423
Crime,6.277129650115967,37137,The Naked Gun 2½: The Smell of Fear,546
Crime,6.2730937004089355,18079,Nine Queens,153
Crime,6.27111291885376,109421,Side Effects,1323
Crime,6.2710089683532715,10027,Unleashed,518
Crime,6.267706871032715,164457,Out of the Furnace,720
Crime,6.265344619750977,9702,Bound by Honor,115
Crime,6.263461589813232,206647,Spectre,4466
Crime,6.2624382972717285,9516,Menace II Society,173
Crime,6.2606120109558105,11826,Sexy Beast,217
Crime,6.2585015296936035,10147,Bad Santa,656
Crime,6.254843235015869,25941,Harry Brown,348
Crime,6.253889560699463,5175,Rush Hour 2,1054
Crime,6.253451824188232,13685,Bottle Rocket,281
Crime,6.25256872177124,9344,Kids,279
Crime,6.25175666809082,11023,Thirteen,339
Crime,6.250147342681885,9336,Police Academy,602
Crime,6.249906539916992,75780,Jack Reacher,2998
Crime,6.247169017791748,9430,Go,196
Crime,6.243855953216553,12877,Dead Man's Shoes,151
Crime,6.241848945617676,9464,Buffalo '66,166
Crime,6.24090051651001,772,Home Alone 2: Lost in New York,2395
Crime,6.240850448608398,241239,A Most Violent Year,546
Crime,6.238065719604492,5,Four Rooms,530
Crime,6.237725257873535,59859,Kick-Ass 2,2224
Crime,6.237643718719482,2142,Cop Land,382
Crime,6.235702991485596,573,Frenzy,158
Crime,6.234928131103516,6968,The Baader Meinhof Complex,157
Crime,6.234577655792236,8053,The Three Burials of Melquiades Estrada,177
Crime,6.233830451965332,943,Lethal Weapon 3,811
Crime,6.232862949371338,4566,Michael Clayton,501
Crime,6.232157230377197,39939,Super Troopers,362
Crime,6.231357097625732,9303,Bound,198
Crime,6.230199337005615,1958,8 Women,196
Crime,6.230197906494141,245916,Kill the Messenger,355
Crime,6.228126525878906,257,Oliver Twist,274
Crime,6.226316928863525,11509,Silverado,146
Crime,6.225639343261719,913,The Thomas Crown Affair,339
Crime,6.224938869476318,10223,A Simple Plan,187
Crime,6.221434593200684,8961,Bad Boys II,1564
Crime,6.2206711769104,1696,The Devil's Rejects,322
Crime,6.2183966636657715,11386,The Crying Game,176
Crime,6.218266010284424,9282,11:14,206
Crime,6.218193531036377,73567,Killer Joe,425
Crime,6.216176986694336,44945,Trust,307
Crime,6.212713718414307,11975,The Rainmaker,235
Crime,6.211706161499023,189,Sin City: A Dame to Kill For,1286
Crime,6.2099409103393555,261023,Black Mass,1242
Crime,6.208807945251465,11576,"It's a Mad, Mad, Mad, Mad World",140
Crime,6.206223487854004,4912,Confessions of a Dangerous Mind,275
Crime,6.205923080444336,241554,Run All Night,1148
Crime,6.203000545501709,7516,Smokin' Aces,534
Crime,6.201704978942871,6973,In the Valley of Elah,261
Crime,6.201087951660156,27582,The Mechanic,1045
Crime,6.200723171234131,11967,Young Guns,258
Crime,6.199698448181152,3766,The Lady from Shanghai,102
Crime,6.19882345199585,9535,Analyze This,503
Crime,6.198126792907715,1389,Out of Sight,333
Crime,6.198117256164551,8982,The Protector,167
Crime,6.196234226226807,18900,In Cold Blood,82
Crime,6.195772171020508,2001,We Own the Night,323
Crime,6.195058822631836,92591,Bernie,320
Crime,6.194051742553711,9367,El Mariachi,238
Crime,6.1936211585998535,11412,The Long Kiss Goodnight,314
Crime,6.189474582672119,11835,Death Sentence,297
Crime,6.18778657913208,27936,Micmacs,148
Crime,6.187246799468994,72387,Safe,799
Crime,6.185570240020752,185567,Zulu,172
Crime,6.185156345367432,944,Lethal Weapon 4,767
Crime,6.184450626373291,11022,Narc,142
Crime,6.184041976928711,26039,Point Blank,95
Crime,6.183286190032959,11904,Young Sherlock Holmes,167
Crime,6.178238391876221,3472,Dirty Pretty Things,131
Crime,6.177855014801025,68812,The Iceman,365
Crime,6.177490711212158,8643,The Exorcism of Emily Rose,659
Crime,6.174712181091309,33542,Rumble in the Bronx,240
Crime,6.173855304718018,36095,Cure,63
Crime,6.173596382141113,12281,Mean Creek,106
Crime,6.172511100769043,13820,Repo Man,144
Crime,6.171072959899902,12150,Sea of Love,141
Crime,6.170169830322266,436,Maria Full of Grace,101
Crime,6.1682047843933105,8461,Funny Games,545
Crime,6.167785167694092,5955,The Pledge,215
Crime,6.166756629943848,8012,Get Shorty,302
Crime,6.166067600250244,36593,The Naked Gun 33⅓: The Final Insult,521
Crime,6.166014194488525,2140,Kiss of the Dragon,298
Crime,6.165886402130127,43947,I Spit on Your Grave,519
Crime,6.165792465209961,62630,The Devil's Double,208
Crime,6.165744781494141,584,2 Fast 2 Furious,2028
Crime,6.165318012237549,868,Tsotsi,94
Crime,6.165218830108643,9766,Gridiron Gang,206
Crime,6.164515495300293,29193,The Spanish Prisoner,73
Crime,6.16424036026001,327,Brother,107
Crime,6.164181232452393,16161,Baby Boy,55
Crime,6.16377592086792,14181,Boiler Room,201
Crime,6.163759231567383,45610,Machine Gun Preacher,286
Crime,6.163265705108643,9517,Bully,125
Crime,6.162615776062012,82682,Gangster Squad,1778
Crime,6.162230968475342,10731,The Client,278
Crime,6.162027835845947,6687,Transsiberian,195
Crime,6.162027835845947,34769,Defendor,195
Crime,6.158717155456543,617,Wild Things,444
Crime,6.157600402832031,9869,Patriot Games,433
Crime,6.154610633850098,12079,Spun,132
Crime,6.153604030609131,13483,Awake,395
Crime,6.1530070304870605,2779,The Curse of the Jade Scorpion,165
Crime,6.151167392730713,66,Absolute Power,223
Crime,6.151042938232422,169917,A Walk Among the Tombstones,1131
Crime,6.1509623527526855,9944,The Pelican Brief,371
Crime,6.150060653686523,1266,Street Kings,363
Crime,6.149346351623535,9335,Transporter 2,1061
Crime,6.1480607986450195,817,Austin Powers: The Spy Who Shagged Me,1011
Crime,6.147718906402588,11109,Vera Drake,80
Crime,6.146578788757324,16617,Mindhunters,333
Crime,6.14651346206665,18487,The Taking of Pelham 1 2 3,954
Crime,6.145689964294434,49527,Man on a Ledge,925
Crime,6.145248889923096,9400,Set It Off,66
Crime,6.144466876983643,9950,Find Me Guilty,138
Crime,6.143308162689209,10388,The Limey,105
Crime,6.1432342529296875,5854,Family Plot,86
Crime,6.14286994934082,49526,Premium Rush,832
Crime,6.142701148986816,400,Things to Do in Denver When You're Dead,85
Crime,6.14243221282959,12690,Appaloosa,299
Crime,6.14163875579834,291081,Red Riding: In the Year of Our Lord 1974,54
Crime,6.141091346740723,9490,Half Baked,177
Crime,6.140684127807617,82525,Savages,766
Crime,6.14020299911499,9414,The Man Who Knew Too Little,125
Crime,6.140097141265869,8883,Flame & Citron,68
Crime,6.139479637145996,19997,Niagara,79
Crime,6.138913631439209,7461,Vantage Point,716
Crime,6.138397693634033,11042,The Barbarian Invasions,77
Crime,6.136839389801025,2207,16 Blocks,661
Crime,6.136514663696289,290864,Kung Fu Jungle,114
Crime,6.1359782218933105,10569,Small Time Crooks,155
Crime,6.135503768920898,302,Swimming Pool,153
Crime,6.135199546813965,31867,Repo Men,620
Crime,6.134806156158447,13807,Exiled,46
Crime,6.134678840637207,13150,Pride and Glory,240
Crime,6.134263038635254,10629,Veronica Guerin,59
Crime,6.132017135620117,84188,Compliance,221
Crime,6.131816387176514,20083,Shinjuku Incident,65
Crime,6.1316423416137695,11507,Body Double,137
Crime,6.13132905960083,2069,The Whole Nine Yards,531
Crime,6.1311516761779785,11592,Serial Mom,135
Crime,6.131091117858887,21612,The Funeral,31
Crime,6.1305832862854,34813,The Losers,515
Crime,6.130441665649414,2026,Hostage,512
Crime,6.129602909088135,11583,The First Great Train Robbery,74
Crime,6.129258632659912,9104,Buffalo Soldiers,93
Crime,6.129239082336426,12201,Edge of Darkness,487
Crime,6.1289215087890625,10743,Confidence,126
Crime,6.1285295486450195,7873,Harsh Times,197
Crime,6.128467559814453,21309,River's Edge,59
Crime,6.127315044403076,10955,Ripley's Game,69
Crime,6.126862049102783,18405,The Last House on the Left,440
Crime,6.12685489654541,2148,The Cotton Club,68
Crime,6.126417636871338,4911,Dark Blue,85
Crime,6.12486457824707,11027,The Postman Always Rings Twice,110
Crime,6.124598503112793,10428,Hackers,398
Crime,6.124263286590576,179,The Interpreter,392
Crime,6.1233696937561035,43434,Carlos,50
Crime,6.123140335083008,9311,Smilla's Sense of Snow,60
Crime,6.123067855834961,22832,Ninja Assassin,371
Crime,6.1223835945129395,8197,Midnight in the Garden of Good and Evil,157
Crime,6.1222662925720215,1619,The Way of the Gun,100
Crime,6.122064590454102,175291,Cheap Thrills,155
Crime,6.1215338706970215,9437,Kiss the Girls,345
Crime,6.120988368988037,290751,Secret in Their Eyes,336
Crime,6.119749069213867,145220,Muppets Most Wanted,316
Crime,6.119558334350586,15394,Owning Mahowny,37
Crime,6.1188578605651855,3172,Bandits,302
Crime,6.1185455322265625,21610,Nighthawks,86
Crime,6.118375778198242,29920,Easy Money,63
Crime,6.118274688720703,26390,Brooklyn's Finest,293
Crime,6.117980003356934,13250,Butterfly on a Wheel,130
Crime,6.1178154945373535,10782,Basic,286
Crime,6.117644786834717,10622,Mr. Nice Guy,128
Crime,6.117283821105957,10398,Double Jeopardy,278
Crime,6.114920616149902,10279,Summer of Sam,112
Crime,6.114875316619873,4105,Black Rain,243
Crime,6.114541530609131,25719,Shooting Fish,23
Crime,6.113053798675537,13551,The Dead Girl,66
Crime,6.112895965576172,1651,Mississippi Mermaid,32
Crime,6.112657070159912,24424,Ajami,27
Crime,6.110369682312012,15049,Bon Cop Bad Cop,42
Crime,6.110087871551514,10029,Very Bad Things,179
Crime,6.10991907119751,48309,Prison,27
Crime,6.109220504760742,13849,The Cottage,80
Crime,6.1090803146362305,15670,Madea Goes to Jail,52
Crime,6.108315467834473,81390,A Lonely Place to Die,157
Crime,6.10816764831543,12612,Freeze Frame,18
Crime,6.107356548309326,36334,Deadline - U.S.A.,17
Crime,6.1072306632995605,14823,London to Brighton,34
Crime,6.1070661544799805,9280,Femme Fatale,142
Crime,6.106642246246338,60309,The Conspirator,137
Crime,6.1065568923950195,9515,The Matador,136
Crime,6.106471538543701,66195,The Perfect Host,135
Crime,6.104902744293213,22600,Gangster's Paradise: Jerusalema,16
Crime,6.104442119598389,14290,Better Luck Tomorrow,27
Crime,6.104284286499023,692,Pink Flamingos,110
Crime,6.101520538330078,8141,You Kill Me,80
Crime,6.101382732391357,26618,Clay Pigeons,39
Crime,6.1008524894714355,4997,Wonderland,73
Crime,6.100808143615723,45138,Machine Gun McCain,6
Crime,6.100808143615723,72086,The Night Visitor,6
Crime,6.10066032409668,9548,The Adventures of Ford Fairlane,71
Crime,6.100175380706787,11564,Class of 1984,66
Crime,6.098692893981934,14195,Cecil B. Demented,51
Crime,6.098363876342773,10764,Quantum of Solace,2965
Crime,6.098351955413818,13197,10th & Wolf,24
Crime,6.098317623138428,26791,Brigham City,4
Crime,6.098272323608398,82675,Taken 2,2757
Crime,6.09758996963501,9615,The Fast and the Furious: Tokyo Drift,1705
Crime,6.097464561462402,134374,Pain & Gain,1573
Crime,6.097410202026367,136797,Need for Speed,1520
Crime,6.097373008728027,9679,Gone in Sixty Seconds,1485
Crime,6.097258567810059,27581,The Other Guys,1383
Crime,6.097095966339111,10034,High Heels and Low Lifes,12
Crime,6.097062587738037,26268,Harper,35
Crime,6.0968804359436035,9273,Ace Ventura: When Nature Calls,1099
Crime,6.096837520599365,214,Saw III,1071
Crime,6.096750736236572,186935,Heli,32
Crime,6.096750736236572,266034,The Blue Room,32
Crime,6.0966973304748535,16155,Safe Men,16
Crime,6.096656322479248,1493,Miss Congeniality,961
Crime,6.096604824066162,9705,Swordfish,932
Crime,6.096314430236816,5174,Rush Hour 3,783
Crime,6.096286773681641,77866,Contraband,770
Crime,6.096278190612793,7220,The Punisher,766
Crime,6.096240997314453,45226,The Pursuit of D.B. Cooper,4
Crime,6.096133232116699,55903,Betty Fisher and Other Stories,3
Crime,6.096070766448975,26389,From Paris with Love,675
Crime,6.095915794372559,96,Beverly Hills Cop II,613
Crime,6.095795631408691,41283,Faster,568
Crime,6.095736980438232,181283,Child 44,547
Crime,6.09570837020874,9759,Cellular,537
Crime,6.095679759979248,4824,The Jackal,527
Crime,6.09552001953125,8224,8MM,474
Crime,6.095491409301758,199373,The Frozen Ground,465
Crime,6.095485210418701,18206,Alone With Her,20
Crime,6.095364570617676,70436,The Raven,426
Crime,6.09527587890625,2043,Along Came a Spider,400
Crime,6.0951924324035645,51130,Open Secret,2
Crime,6.095163822174072,22314,In Too Deep,17
Crime,6.095102787017822,11001,Blue Streak,352
Crime,6.09489631652832,64559,The Swindle,5
Crime,6.094892501831055,2116,Out of Time,298
Crime,6.094579219818115,312113,Black November,4
Crime,6.094508171081543,8987,The River Wild,210
Crime,6.094489097595215,9573,Blood Work,206
Crime,6.094484329223633,2275,The General's Daughter,205
Crime,6.094475269317627,2661,Batman,203
Crime,6.094383239746094,11560,High Crimes,184
Crime,6.093999862670898,507,Killing Zoe,111
Crime,6.093955039978027,2084,Birthday Girl,103
Crime,6.093856334686279,208869,Plastic,86
Crime,6.093826770782471,10410,Hoffa,81
Crime,6.09377908706665,14576,Shade,73
Crime,6.093674659729004,14112,Auto Focus,56
Crime,6.093560695648193,8060,Married Life,38
Crime,6.093388080596924,22479,Kansas City,12
Crime,6.0933403968811035,43213,Chicago Overcoat,5
Crime,6.093305587768555,119657,El Rey de Najayo,0
Crime,6.093305587768555,310706,Black Water Transit,0
Crime,6.093305587768555,364083,Mi America,0
Crime,6.093305587768555,366967,Dutch Kills,0
Crime,6.093305587768555,378237,Amidst the Devil's Wings,0
Crime,6.093208312988281,29122,An Everlasting Piece,1
Crime,6.0928215980529785,41894,Blood Done Sign My Name,5
Crime,6.092247486114502,16433,Grand Theft Parsons,11
Crime,6.0917840003967285,277519,Z Storm,5
Crime,6.090384006500244,6016,The Good Thief,31
Crime,6.090384006500244,26352,A Low Down Dirty Shame,31
Crime,6.090083122253418,263503,Water & Power,1
Crime,6.090010166168213,30246,Civil Brand,4
Crime,6.089896202087402,78814,We Have Your Husband,3
Crime,6.089212417602539,20794,Novocaine,44
Crime,6.089041709899902,224569,Taxman,1
Crime,6.089006423950195,26837,B-Girl,7
Crime,6.088281631469727,63006,Dum Maaro Dum,7
Crime,6.088244438171387,16148,Zero Effect,55
Crime,6.088070869445801,9455,The Corruptor,57
Crime,6.087933540344238,36825,The R.M.,4
Crime,6.087933540344238,47502,Faithful,4
Crime,6.087933540344238,125052,Hurricane Streets,4
Crime,6.087569713592529,18869,Jimmy and Judy,8
Crime,6.0872483253479,28121,A Thin Line Between Love and Hate,15
Crime,6.0872483253479,36351,Light Sleeper,15
Crime,6.086832523345947,46727,Speedway Junky,7
Crime,6.086705207824707,27004,Ca$h,73
Crime,6.085856914520264,66468,N-Secure,4
Crime,6.0853800773620605,30141,The Singing Detective,41
Crime,6.085010051727295,244114,Firestorm,43
Crime,6.0849761962890625,45324,Casino Jack,94
Crime,6.08482551574707,42807,The Newton Boys,44
Crime,6.084734916687012,19457,The Yards,97
Crime,6.084086894989014,20055,The Betrayed,10
Crime,6.083569049835205,18777,Slow Burn,16
Crime,6.083363056182861,103370,Madea's Witness Protection,52
Crime,6.08331298828125,4657,Jindabyne,25
Crime,6.082394123077393,11702,The Replacement Killers,127
Crime,6.082281112670898,1415,Party Monster,58
Crime,6.082091808319092,38780,Rampage,131
Crime,6.082022666931152,319910,Broken Horses,10
Crime,6.081035137176514,13937,Raising Cain,65
Crime,6.079958915710449,18713,The Jerky Boys,10
Crime,6.079838752746582,21338,Stone Cold,34
Crime,6.079793930053711,34697,Butterfly,12
Crime,6.079185962677002,190955,Blood Ties,171
Crime,6.079075336456299,2088,Romeo Is Bleeding,36
Crime,6.07904577255249,37414,The Killer Inside Me,173
Crime,6.079013347625732,27360,King's Ransom,14
Crime,6.078646183013916,376004,Adulterers,16
Crime,6.078495025634766,9930,Legal Eagles,51
Crime,6.07844877243042,35689,Don McKay,21
Crime,6.077944278717041,10632,The Hunted,189
Crime,6.077803134918213,241766,Lords of London,6
Crime,6.077397346496582,182,The Good German,86
Crime,6.076895236968994,10913,Dear Wendy,33
Crime,6.076544284820557,74725,Kill List,210
Crime,6.076135635375977,54702,Malevolence,14
Crime,6.0760040283203125,13816,Idlewild,17
Crime,6.0759358406066895,62728,Brighton Rock,35
Crime,6.075549125671387,7501,Knockaround Guys,97
Crime,6.075510501861572,10589,After the Sunset,226
Crime,6.073815822601318,95755,Small Apartments,50
Crime,6.073739528656006,10017,The Wraith,108
Crime,6.073252201080322,10480,Nurse Betty,111
Crime,6.072990894317627,13201,Deuces Wild,34
Crime,6.072990894317627,31640,Blood and Wine,34
Crime,6.072926044464111,11892,Murder by Numbers,268
Crime,6.071641445159912,10185,The Midnight Meat Train,290
Crime,6.071195125579834,8744,Albino Alligator,45
Crime,6.07101583480835,11323,The Informant!,301
Crime,6.070918083190918,25066,Tales from the Hood,32
Crime,6.070165634155273,370464,The Masked Saint,7
Crime,6.070120334625244,24066,"Happy, Texas",39
Crime,6.069917678833008,9275,Death to Smoochy,132
Crime,6.069634437561035,11699,The Bad Lieutenant: Port of Call - New Orleans,326
Crime,6.069417953491211,2085,Romeo Must Die,330
Crime,6.069060802459717,13006,Split Second,63
Crime,6.069054126739502,41009,Perrier’s Bounty,24
Crime,6.068680763244629,12085,Mad Money,140
Crime,6.068253040313721,9882,The Siege,352
Crime,6.067983627319336,356841,Checkmate,13
Crime,6.06743049621582,4959,The International,368
Crime,6.06743049621582,8838,Mercury Rising,368
Crime,6.066478252410889,9691,Assassins,387
Crime,6.0662126541137695,13982,8 Heads in a Duffel Bag,39
Crime,6.066134452819824,22907,Takers,394
Crime,6.065171241760254,10431,War,414
Crime,6.065123558044434,5516,The Ladykillers,415
Crime,6.064858913421631,10425,The Death and Life of Bobby Z,103
Crime,6.064602851867676,18065,Next Day Air,36
Crime,6.063777446746826,9923,Domino,444
Crime,6.06376314163208,1613,The 51st State,173
Crime,6.0635528564453125,25166,Drowning Mona,43
Crime,6.063124179840088,334527,Criminal Activities,110
Crime,6.062673091888428,6071,Kiss of Death,81
Crime,6.062351703643799,356216,The Rise of the Krays,19
Crime,6.0605950355529785,389425,Code of Honor,16
Crime,6.058877468109131,13536,City By The Sea,92
Crime,6.0588555335998535,10090,Reno 911!: Miami,72
Crime,6.058579921722412,8984,Disclosure,210
Crime,6.055994987487793,254904,The November Man,639
Crime,6.055474281311035,1248,Hannibal Rising,654
Crime,6.0552449226379395,14043,Nancy Drew,143
Crime,6.054561614990234,14854,Lone Wolf McQuade,67
Crime,6.053482532501221,9809,Let's Go to Prison,69
Crime,6.053206443786621,8592,Dick Tracy,251
Crime,6.053164958953857,116613,The Sweeney,109
Crime,6.05294942855835,9989,Antitrust,153
Crime,6.052635192871094,88794,J. Edgar,741
Crime,6.052268981933594,11478,The Skulls,156
Crime,6.051950931549072,22821,The Boondock Saints II: All Saints Day,261
Crime,6.050123691558838,331190,Captive,92
Crime,6.0488996505737305,46503,All Good Things,286
Crime,6.048577785491943,192102,3 Days to Kill,883
Crime,6.048422813415527,4477,The Devil's Own,290
Crime,6.048185348510742,13279,Lakeview Terrace,292
Crime,6.047388076782227,12138,3000 Miles to Graceland,178
Crime,6.047360897064209,1537,Changing Lanes,299
Crime,6.04551362991333,58233,Johnny English Reborn,1007
Crime,6.044623851776123,5971,We're No Angels,105
Crime,6.040205001831055,192134,Dom Hemingway,212
Crime,6.039059638977051,34314,Turbulence,62
Crime,6.038965702056885,13389,Righteous Kill,375
Crime,6.038297176361084,8080,Suspect Zero,98
Crime,6.038050651550293,15365,Witless Protection,26
Crime,6.037567615509033,5820,The Sentinel,225
Crime,6.035380840301514,10623,Cradle 2 the Grave,236
Crime,6.034172534942627,10117,Action Jackson,50
Crime,6.032431602478027,11398,The Art of War,135
Crime,6.031929016113281,10783,Lucky Numbers,52
Crime,6.029694080352783,325173,Close Range,54
Crime,6.028903007507324,12192,Pathology,144
Crime,6.0288405418396,12245,The Oxford Murders,188
Crime,6.027982711791992,2749,15 Minutes,191
Crime,6.025155067443848,16558,Duplicity,201
Crime,6.022180080413818,1969,Bandidas,307
Crime,6.021361351013184,34335,Nine Dead,84
Crime,6.020224094390869,11456,Domestic Disturbance,113
Crime,6.0187249183654785,8688,Snake Eyes,327
Crime,6.016080379486084,102362,Dead Man Down,638
Crime,6.014982223510742,136835,No Good Deed,181
Crime,6.01302433013916,12634,The Big Bounce,76
Crime,6.012419700622559,184346,Deliver Us from Evil,690
Crime,6.011674404144287,10877,Exit Wounds,110
Crime,6.011354923248291,13429,Donkey Punch,52
Crime,6.011048316955566,10391,Bless the Child,71
Crime,6.010948181152344,10833,Heartbreakers,254
Crime,6.008864402770996,9074,The Man,133
Crime,6.008355617523193,11775,Intolerable Cruelty,391
Crime,6.004204750061035,11917,Saw V,820
Crime,6.001857280731201,15092,Crank: High Voltage,861
Crime,6.000914096832275,6073,The Mexican,441
Crime,5.999898433685303,97614,Deadfall,224
Crime,5.999560832977295,16991,Observe and Report,225
Crime,5.99955940246582,663,Saw IV,903
Crime,5.998503684997559,11968,Into the Blue,458
Crime,5.997376441955566,10878,Saving Silverman,154
Crime,5.996525287628174,3489,88 Minutes,313
Crime,5.996301174163818,1620,Hitman,966
Crime,5.995655536651611,818,Austin Powers in Goldmember,979
Crime,5.995333194732666,27579,The American,481
Crime,5.993719100952148,33909,Wall Street: Money Never Sleeps,493
Crime,5.992584705352783,9271,Virtuosity,163
Crime,5.992247581481934,10154,Mickey Blue Eyes,140
Crime,5.989748954772949,13411,Malibu's Most Wanted,77
Crime,5.9885053634643555,14396,Code Name: The Cleaner,78
Crime,5.987557888031006,4597,Armored,208
Crime,5.987048149108887,17708,Corky Romano,54
Crime,5.981688022613525,9932,Analyze That,380
Crime,5.980094909667969,74536,The Son of No One,92
Crime,5.97755765914917,13056,Punisher: War Zone,294
Crime,5.975677013397217,10167,Half Past Dead,82
Crime,5.970461845397949,336004,Heist,318
Crime,5.966536521911621,41439,Saw: The Final Chapter,730
Crime,5.965361595153809,64689,Killing Them Softly,742
Crime,5.9629807472229,11517,Money Train,222
Crime,5.96268367767334,9257,S.W.A.T.,770
Crime,5.961737632751465,9625,The Glimmer Man,100
Crime,5.9603047370910645,1642,The Net,354
Crime,5.959967613220215,2122,The Whole Ten Yards,278
Crime,5.958485126495361,8831,Timecop,282
Crime,5.951118469238281,284536,The Gambler,543
Crime,5.9490766525268555,479,Shaft,308
Crime,5.948023796081543,9594,Double Impact,215
Crime,5.945275783538818,22787,Whiteout,220
Crime,5.943028450012207,98357,Broken City,593
Crime,5.939631462097168,254473,Brick Mansions,615
Crime,5.936185836791992,256092,Drive Hard,74
Crime,5.931478977203369,4551,Be Cool,292
Crime,5.923590183258057,9072,Little Man,261
Crime,5.9234418869018555,10461,Get Carter,145
Crime,5.922921657562256,9600,Big Momma's House,506
Crime,5.922024250030518,297761,Suicide Squad,7458
Crime,5.921154499053955,266396,The Gunman,392
Crime,5.913505554199219,12096,The Pink Panther,550
Crime,5.909023284912109,267860,London Has Fallen,1621
Crime,5.908456802368164,306,Beverly Hills Cop III,434
Crime,5.901492118835449,8617,Prom Night,167
Crime,5.899909973144531,11565,Big Momma's House 2,371
Crime,5.898097515106201,38322,"Big Mommas: Like Father, Like Son",313
Crime,5.8951215744018555,9384,Starsky & Hutch,644
Crime,5.878814697265625,146238,Runner Runner,543
Crime,5.875812530517578,144336,Sabotage,555
Crime,5.869519233703613,76640,The Last Stand,1266
Crime,5.864795684814453,54054,One for the Money,388
Crime,5.859791278839111,77987,Only God Forgives,862
Crime,5.857313632965088,3093,Basic Instinct 2,180
Crime,5.856616497039795,94348,Alex Cross,300
Crime,5.8562469482421875,119283,Parker,1455
Crime,5.8496928215026855,146227,Getaway,246
Crime,5.842689037322998,332411,I Am Wrath,179
Crime,5.831066608428955,127493,Stolen,344
Crime,5.826624393463135,257088,Point Break,783
Crime,5.817537307739258,23742,Cop Out,511
Crime,5.815919876098633,4327,Charlie's Angels,1232
Crime,5.813997745513916,268920,Hot Pursuit,647
Crime,5.812145709991455,13184,Bangkok Dangerous,332
Crime,5.811690330505371,265208,Wild Card,656
Crime,5.795085906982422,9879,Striptease,205
Crime,5.79491662979126,70074,Bullet to the Head,481
Crime,5.787992477416992,47327,Drive Angry,600
Crime,5.781674385070801,109431,Identity Thief,1645
Crime,5.781249046325684,11546,Police Academy: Mission to Moscow,178
Crime,5.780017375946045,10628,Kangaroo Jack,203
Crime,5.778478145599365,106747,Machete Kills,631
Crime,5.764348030090332,287948,The Transporter Refueled,559
Crime,5.7574567794799805,40805,The Green Hornet,1251
Crime,5.754244327545166,326,Snakes on a Plane,497
Crime,5.744706630706787,8285,The Spirit,320
Crime,5.699630260467529,49524,R.I.P.D.,1260
Crime,5.685281753540039,4474,My Super Ex-Girlfriend,442
Crime,5.636455535888672,5550,RoboCop 3,305
Crime,5.633658409118652,201088,Blackhat,826
Crime,5.6274566650390625,109091,The Counselor,712
Crime,5.586061000823975,11679,xXx: State of the Union,549
Crime,5.548669338226318,414,Batman Forever,1498
Crime,5.417721271514893,122081,Spring Breakers,1551
Crime,5.2275495529174805,314,Catwoman,808
Crime,4.963853359222412,415,Batman & Robin,1418
Animation,7.8590288162231445,129,Spirited Away,3840
Animation,7.7568135261535645,150540,Inside Out,6560
Animation,7.711362361907959,8587,The Lion King,5376
Animation,7.574400901794434,10681,WALL·E,6296
Animation,7.569281101226807,177572,Big Hero 6,6135
Animation,7.515145778656006,4935,Howl's Moving Castle,1991
Animation,7.5132832527160645,128,Princess Mononoke,1983
Animation,7.503190517425537,14160,Up,6870
Animation,7.4525980949401855,862,Toy Story,5269
Animation,7.395944118499756,12,Finding Nemo,6122
Animation,7.339935302734375,10193,Toy Story 3,4597
Animation,7.306035995483398,585,"Monsters, Inc.",5996
Animation,7.246805667877197,2062,Ratatouille,4369
Animation,7.244545936584473,82702,How to Train Your Dragon 2,3106
Animation,7.239872932434082,10191,How to Train Your Dragon,4227
Animation,7.194940090179443,9806,The Incredibles,5152
Animation,7.165172576904297,137106,The Lego Movie,3070
Animation,7.114963054656982,109445,Frozen,5295
Animation,7.113572597503662,812,Aladdin,3416
Animation,7.113003253936768,10674,Mulan,2008
Animation,7.1078290939331055,38757,Tangled,3330
Animation,7.069248199462891,808,Shrek,4056
Animation,7.0571417808532715,863,Toy Story 2,3806
Animation,6.996693134307861,10386,The Iron Giant,1436
Animation,6.970186710357666,20352,Despicable Me,6478
Animation,6.925389766693115,82690,Wreck-It Ralph,4570
Animation,6.899538993835449,425,Ice Age,3857
Animation,6.875901222229004,9444,Anastasia,1432
Animation,6.868140697479248,10315,Fantastic Mr. Fox,1176
Animation,6.855011463165283,149,Akira,773
Animation,6.8446173667907715,93456,Despicable Me 2,4637
Animation,6.827998638153076,3933,Corpse Bride,1894
Animation,6.806516170501709,14836,Coraline,1386
Animation,6.80621337890625,62211,Monsters University,3528
Animation,6.784339427947998,12429,Ponyo,926
Animation,6.766631126403809,11688,The Emperor's New Groove,1490
Animation,6.764901161193848,81188,Rise of the Guardians,1922
Animation,6.757481098175049,309809,The Little Prince,756
Animation,6.711495876312256,9502,Kung Fu Panda,3145
Animation,6.699933052062988,9023,Spirit: Stallion of the Cimarron,831
Animation,6.675266265869141,11544,Lilo & Stitch,1314
Animation,6.659968852996826,35,The Simpsons Movie,2264
Animation,6.643460750579834,9016,Treasure Planet,948
Animation,6.642655849456787,142061,"Batman: The Dark Knight Returns, Part 2",419
Animation,6.630727291107178,408,Snow White and the Seven Dwarfs,1914
Animation,6.624842643737793,228326,The Book of Life,755
Animation,6.607738971710205,76492,Hotel Transylvania,2566
Animation,6.606444358825684,2011,Persepolis,450
Animation,6.599366188049316,756,Fantasia,808
Animation,6.598177433013916,49519,The Croods,2399
Animation,6.596103668212891,62177,Brave,4641
Animation,6.592237949371338,9487,A Bug's Life,2303
Animation,6.578714847564697,9473,"South Park: Bigger, Longer & Uncut",893
Animation,6.565678596496582,10895,Pinocchio,1355
Animation,6.552591800689697,809,Shrek 2,2988
Animation,6.526505470275879,228161,Home,1519
Animation,6.521452903747559,10501,The Road to El Dorado,858
Animation,6.513316631317139,3170,Bambi,1405
Animation,6.5073442459106445,17578,The Adventures of Tintin,2061
Animation,6.499520301818848,920,Cars,3877
Animation,6.497768402099609,38055,Megamind,1918
Animation,6.495061874389648,49444,Kung Fu Panda 2,1880
Animation,6.490623950958252,8885,Waltz with Bashir,291
Animation,6.484194278717041,953,Madagascar,3237
Animation,6.47542142868042,10545,The Hunchback of Notre Dame,1129
Animation,6.472904205322266,140300,Kung Fu Panda 3,1603
Animation,6.4631028175354,159824,Hotel Transylvania 2,1497
Animation,6.4591803550720215,10530,Pocahontas,1457
Animation,6.456210136413574,12144,The Land Before Time,640
Animation,6.438564777374268,44896,Rango,2051
Animation,6.43625545501709,10198,The Princess and the Frog,1247
Animation,6.43347692489624,10865,Atlantis: The Lost Empire,1224
Animation,6.419695854187012,105864,The Good Dinosaur,1736
Animation,6.418400764465332,9837,The Prince of Egypt,817
Animation,6.400250434875488,950,Ice Age: The Meltdown,2951
Animation,6.38679838180542,291270,Anomalisa,459
Animation,6.381215572357178,12244,9,1262
Animation,6.379251003265381,8355,Ice Age: Dawn of the Dinosaurs,2271
Animation,6.377125263214111,82703,Mr. Peabody & Sherman,843
Animation,6.376953601837158,533,The Curse of the Were-Rabbit,643
Animation,6.3751935958862305,46195,Rio,2166
Animation,6.367151260375977,77174,ParaNorman,789
Animation,6.363427639007568,17979,A Christmas Carol,1095
Animation,6.355868339538574,22794,Cloudy with a Chance of Meatballs,1747
Animation,6.346813678741455,211672,Minions,4571
Animation,6.345459461212158,3509,A Scanner Darkly,532
Animation,6.3430352210998535,62214,Frankenweenie,932
Animation,6.330793857574463,270946,Penguins of Madagascar,1346
Animation,6.327546119689941,9662,The Triplets of Belleville,231
Animation,6.3264265060424805,2300,Space Jam,1288
Animation,6.320469856262207,11836,The SpongeBob SquarePants Movie,574
Animation,6.31506872177124,7443,Chicken Run,1150
Animation,6.304940223693848,49948,Fantasia 2000,292
Animation,6.301340103149414,170687,The Boxtrolls,668
Animation,6.299864292144775,3989,Team America: World Police,660
Animation,6.293704509735107,80321,Madagascar 3: Europe's Most Wanted,1808
Animation,6.2876296043396,126319,Ernest & Celestine,142
Animation,6.2868523597717285,13187,A Charlie Brown Christmas,153
Animation,6.284894943237305,26963,The Secret of Kells,181
Animation,6.279112339019775,5255,The Polar Express,1474
Animation,6.265330791473389,41216,Legend of the Guardians: The Owls of Ga'Hoole,703
Animation,6.258595943450928,116711,Epic,1121
Animation,6.250466823577881,227973,The Peanuts Movie,604
Animation,6.2496747970581055,51052,Arthur Christmas,333
Animation,6.243122577667236,51162,Winnie the Pooh,258
Animation,6.2430524826049805,109451,Cloudy with a Chance of Meatballs 2,915
Animation,6.234920978546143,14411,Sinbad: Legend of the Seven Seas,372
Animation,6.2268290519714355,13053,Bolt,1750
Animation,6.226701259613037,18937,Quest for Camelot,190
Animation,6.203406810760498,192577,Space Pirate Captain Harlock,356
Animation,6.202498912811279,7518,Over the Hedge,1074
Animation,6.197666645050049,172385,Rio 2,978
Animation,6.193380355834961,77459,A Monster in Paris,313
Animation,6.191860198974609,9297,Monster House,874
Animation,6.191404342651367,417859,Puss in Boots,451
Animation,6.179354667663574,72197,The Pirates! In an Adventure with Scientists!,374
Animation,6.171820640563965,57800,Ice Age: Continental Drift,2672
Animation,6.163048267364502,10527,Madagascar: Escape 2 Africa,1810
Animation,6.1539306640625,3179,Beavis and Butt-Head Do America,168
Animation,6.146939277648926,19933,The Brave Little Toaster,93
Animation,6.145517349243164,333355,Star Wars: Clone Wars: Volume 1,27
Animation,6.144166469573975,7450,Titan A.E.,313
Animation,6.141525745391846,10800,Dragon Hunters,129
Animation,6.138397693634033,9389,Renaissance,77
Animation,6.131832122802734,10567,Dinosaur,542
Animation,6.126393795013428,19405,Recess: School's Out,67
Animation,6.1227898597717285,8953,Steamboy,102
Animation,6.120127201080322,15655,The Tigger Movie,143
Animation,6.119082927703857,13682,Pooh's Heffalump Movie,88
Animation,6.117884159088135,24662,Cats Don't Dance,24
Animation,6.1164631843566895,202575,Thunder and the House of Magic,121
Animation,6.111959457397461,26672,The Thief and the Cobbler,26
Animation,6.110690116882324,51942,I Married a Strange Person!,12
Animation,6.107625961303711,13158,Aqua Teen Hunger Force Colon Movie Film for Theaters,35
Animation,6.107570171356201,11827,Heavy Metal,148
Animation,6.107314109802246,52032,My Dog Tulip,9
Animation,6.107034683227539,257932,Dragon Nest: Warriors' Dawn,19
Animation,6.103924751281738,9975,Curious George,106
Animation,6.100756645202637,20455,Digimon: The Movie,72
Animation,6.100183486938477,15173,Jonah: A VeggieTales Movie,22
Animation,6.096842288970947,77950,Turbo,1074
Animation,6.096024990081787,7484,Open Season,656
Animation,6.0955281257629395,367961,Savva. Heart of the Warrior,7
Animation,6.095438480377197,36696,Space Dogs,10
Animation,6.095306873321533,16577,Astro Boy,409
Animation,6.095197677612305,20653,Roadside Romeo,3
Animation,6.094995021820068,294512,Alpha and Omega: The Legend of the Saw Tooth Cave,4
Animation,6.094860076904297,16690,Return to Never Land,290
Animation,6.093729019165039,283671,Jungle Shuffle,1
Animation,6.092695236206055,46256,The Lion of Judah,2
Animation,6.092070579528809,24034,Teacher's Pet,2
Animation,6.0883941650390625,15511,VeggieTales: The Pirates Who Don't Do Anything,25
Animation,6.087479114532471,239897,Dwegons,1
Animation,6.085929870605469,293644,Top Cat Begins,9
Animation,6.085010051727295,59981,Legends of Oz: Dorothy's Return,43
Animation,6.084494590759277,16340,Rugrats in Paris: The Movie,100
Animation,6.0836591720581055,173931,Legend of a Rabbit,3
Animation,6.0836591720581055,292481,Henry & Me,3
Animation,6.082775115966797,153158,Underdogs,122
Animation,6.08262825012207,20542,Delgo,15
Animation,6.080990791320801,16016,Journey to Saturn,10
Animation,6.08095121383667,16110,Thomas and the Magic Railroad,8
Animation,6.080438613891602,14317,The Wild Thornberrys Movie,44
Animation,6.077757358551025,16508,Doug's 1st Movie,22
Animation,6.076687335968018,25353,The True Story of Puss 'n Boots,7
Animation,6.072822570800781,172391,Khumba,72
Animation,6.0691423416137695,10991,Pokémon: Spell of the Unknown,137
Animation,6.068843841552734,52010,"Ultramarines: A Warhammer 40,000 Movie",27
Animation,6.068619728088379,1273,TMNT,345
Animation,6.0638041496276855,20694,Rugrats Go Wild,61
Animation,6.063349723815918,17710,Hey Arnold! The Movie,62
Animation,6.056175231933594,12610,Osmosis Jones,228
Animation,6.055994987487793,9992,Arthur and the Invisibles,639
Animation,6.0545806884765625,40688,Meet the Deedles,19
Animation,6.048816204071045,11619,Flushed Away,874
Animation,6.04689884185791,164372,The Snow Queen,47
Animation,6.042402267456055,50135,Animals United,90
Animation,6.0410308837890625,14444,The Rugrats Movie,147
Animation,6.040779113769531,133931,Zambezia,68
Animation,6.040107727050781,8916,Antz,1272
Animation,6.0390400886535645,9928,Robots,1333
Animation,6.037565231323242,15512,Monsters vs Aliens,1423
Animation,6.035024642944336,18975,The Adventures of Pinocchio,54
Animation,6.033175468444824,2114,Final Fantasy: The Spirits Within,433
Animation,6.031125545501709,10199,The Tale of Despereaux,258
Animation,6.030664920806885,10192,Shrek Forever After,1959
Animation,6.028914928436279,10982,Hoodwinked!,479
Animation,6.027642726898193,810,Shrek the Third,2278
Animation,6.026198387145996,49953,A Turtle's Tale: Sammy's Adventures,151
Animation,6.018833160400391,9408,Surf's Up,601
Animation,6.011171340942383,65759,Happy Feet Two,373
Animation,6.010948181152344,175574,Free Birds,254
Animation,6.009716510772705,11802,Space Chimps,99
Animation,6.002797603607178,258509,Alvin and the Chipmunks: The Road Chip,428
Animation,6.002474784851074,12819,Alpha and Omega,124
Animation,6.001826763153076,280391,Why I Did (Not) Eat My Father,125
Animation,5.997546195983887,12589,Jimmy Neutron: Boy Genius,231
Animation,5.993578910827637,153518,The Angry Birds Movie,1022
Animation,5.992161273956299,68179,Escape from Planet Earth,332
Animation,5.991347312927246,50321,Mars Needs Moms,199
Animation,5.98569393157959,116977,Foodfight!,28
Animation,5.985244274139404,14873,The Jungle Book 2,269
Animation,5.984505653381348,77951,Walking With Dinosaurs,133
Animation,5.979806900024414,13700,Home on the Range,389
Animation,5.978252410888672,9836,Happy Feet,1410
Animation,5.976655960083008,10715,Looney Tunes: Back in Action,297
Animation,5.967628002166748,228165,The SpongeBob Movie: Sponge Out of Water,719
Animation,5.958418369293213,23685,Monkeybone,78
Animation,5.947206020355225,5393,Happily N'Ever After,104
Animation,5.946652889251709,10137,Stuart Little,959
Animation,5.945211410522461,227783,The Nut Job,319
Animation,5.9425506591796875,9907,Barnyard,225
Animation,5.94193172454834,328111,The Secret Life of Pets,3462
Animation,5.941069602966309,50359,Hop,331
Animation,5.93787145614624,57089,Hoodwinked Too! Hood VS. Evil,131
Animation,5.929419040679932,9906,The Ant Bully,366
Animation,5.9266157150268555,41515,Yogi Bear,220
Animation,5.917487621307373,14175,Valiant,235
Animation,5.912263870239258,16866,Planet 51,556
Animation,5.911796569824219,10555,Shark Tale,1557
Animation,5.910879611968994,17711,The Adventures of Rocky & Bullwinkle,87
Animation,5.894010543823242,49013,Cars 2,2033
Animation,5.877079963684082,5559,Bee Movie,1171
Animation,5.860762119293213,55301,Alvin and the Chipmunks: Chipwrecked,484
Animation,5.848597049713135,9982,Chicken Little,944
Animation,5.8440022468566895,77931,The Smurfs 2,695
Animation,5.822951793670654,10996,Stuart Little 2,613
Animation,5.816100120544434,2310,Beowulf,841
Animation,5.809156894683838,23398,Alvin and the Chipmunks: The Squeakquel,666
Animation,5.769416809082031,9513,Garfield: A Tail of Two Kitties,464
Animation,5.766376495361328,6477,Alvin and the Chipmunks,1177
Animation,5.766127109527588,41513,The Smurfs,1179
Animation,5.747976303100586,223702,Sausage Party,2238
Animation,5.681551456451416,8920,Garfield,820
History,7.899806976318359,424,Schindler's List,4329
History,7.726351261138916,205596,The Imitation Game,5723
History,7.611566543579102,857,Saving Private Ryan,5048
History,7.526026248931885,76203,12 Years a Slave,3674
History,7.449383735656738,152532,Dallas Buyers Club,2886
History,7.350968360900879,314365,Spotlight,2686
History,7.34125280380249,197,Braveheart,3336
History,7.210638523101807,45269,The King's Speech,2752
History,6.995715141296387,279,Amadeus,1076
History,6.983303546905518,117,The Untouchables,1384
History,6.928046226501465,613,Downfall,1037
History,6.895734786987305,947,Lawrence of Arabia,851
History,6.894526958465576,616,The Last Samurai,1895
History,6.8674492835998535,1955,The Elephant Man,719
History,6.823436737060547,5925,The Great Escape,717
History,6.81685209274292,855,Black Hawk Down,1811
History,6.797824382781982,387,Das Boot,613
History,6.770380020141602,140823,Saving Mr. Banks,1226
History,6.7634992599487305,3131,Gangs of New York,1910
History,6.730011463165283,205,Hotel Rwanda,793
History,6.6944146156311035,273895,Selma,817
History,6.673470973968506,826,The Bridge on the River Kwai,542
History,6.65186882019043,783,Gandhi,716
History,6.621181011199951,642,Butch Cassidy and the Sundance Kid,650
History,6.6093878746032715,11969,Tombstone,626
History,6.586520195007324,8741,The Thin Red Line,771
History,6.582764148712158,22954,Invictus,1125
History,6.581676006317139,1904,Memoirs of a Geisha,652
History,6.576646327972412,820,JFK,502
History,6.571730613708496,522,Ed Wood,630
History,6.5652570724487305,921,Cinderella Man,616
History,6.544864177703857,319888,Eddie the Eagle,661
History,6.5416340827941895,300671,13 Hours: The Secret Soldiers of Benghazi,938
History,6.534178256988525,79,Hero,635
History,6.5323381423950195,321697,Steve Jobs,1573
History,6.529083251953125,9361,The Last of the Mohicans,732
History,6.485474109649658,10139,Milk,612
History,6.481352806091309,97630,Zero Dark Thirty,1702
History,6.47068977355957,2024,The Patriot,1099
History,6.456357002258301,72976,Lincoln,1429
History,6.45278787612915,978,Seven Years in Tibet,630
History,6.446331977844238,746,The Last Emperor,355
History,6.432555675506592,612,Munich,696
History,6.427101135253906,2253,Valkyrie,1173
History,6.423301696777344,676,Pearl Harbor,1791
History,6.413834571838379,1934,Shakespeare in Love,796
History,6.406790733337402,14048,Man on Wire,275
History,6.401414394378662,1883,Malcolm X,370
History,6.397332191467285,11202,Patton,323
History,6.3753533363342285,11499,Frost/Nixon,328
History,6.370358943939209,1495,Kingdom of Heaven,1157
History,6.353348731994629,4518,Elizabeth,334
History,6.330803871154785,9549,The Right Stuff,235
History,6.330646991729736,11322,Public Enemies,1344
History,6.328640937805176,26428,Agora,395
History,6.325494289398193,205775,In the Heart of the Sea,1276
History,6.321218013763428,18320,The Young Victoria,322
History,6.31657600402832,9829,United 93,367
History,6.31037712097168,9289,The Longest Day,234
History,6.308201789855957,3683,Flags of Our Fathers,526
History,6.306878566741943,10590,We Were Soldiers,521
History,6.302944183349609,821,Judgment at Nuremberg,155
History,6.293663501739502,11661,Joyeux Noël,212
History,6.288820266723633,887,The Best Years of Our Lives,143
History,6.270612716674805,12783,The Duchess,396
History,6.2684550285339355,11831,Amistad,316
History,6.266891956329346,256040,Baahubali: The Beginning,135
History,6.257574081420898,76758,The Flowers of War,187
History,6.256389617919922,1887,Marie Antoinette,642
History,6.2524542808532715,11658,Tae Guk Gi: The Brotherhood of War,133
History,6.249902725219727,3291,"Good Night, and Good Luck.",273
History,6.249660968780518,316152,Free State of Jones,428
History,6.236517906188965,5902,A Bridge Too Far,207
History,6.234928131103516,6968,The Baader Meinhof Complex,157
History,6.232596397399902,1116,The Wind That Shakes the Barley,154
History,6.227743625640869,127560,The Railway Man,273
History,6.222253799438477,14292,Miracle,159
History,6.218764781951904,9443,Chariots of Fire,207
History,6.21496057510376,4517,Elizabeth: The Golden Age,303
History,6.212767124176025,874,A Man for All Seasons,89
History,6.208505153656006,365222,Ip Man 3,379
History,6.205414772033691,1779,Roger & Me,90
History,6.204833984375,4464,Seabiscuit,216
History,6.204433917999268,28089,The Messenger,119
History,6.201704978942871,6973,In the Valley of Elah,261
History,6.20052433013916,11165,Tora! Tora! Tora!,147
History,6.199290752410889,6538,Charlie Wilson's War,338
History,6.196746826171875,11156,Coco Before Chanel,246
History,6.185877799987793,159037,The Square,55
History,6.18337869644165,10705,Henry V,71
History,6.175029754638672,21345,City of Life and Death,55
History,6.173466205596924,8095,Cleopatra,146
History,6.171868324279785,300673,The Finest Hours,588
History,6.171823024749756,11400,The New World,330
History,6.170312881469727,192136,Mandela: Long Walk to Freedom,224
History,6.166325092315674,9045,Amen.,75
History,6.16458797454834,253450,The Assassin,157
History,6.164254188537598,9026,The Importance of Being Earnest,127
History,6.162699222564697,10858,Nixon,71
History,6.161004066467285,375290,Airlift,57
History,6.159693717956543,14299,Cadillac Records,86
History,6.1590447425842285,18254,Reds,67
History,6.1581268310546875,9459,Woodstock,66
History,6.154552459716797,13922,The Great Raid,91
History,6.151264667510986,4107,Bloody Sunday,53
History,6.150832653045654,12246,Mongol: The Rise of Genghis Khan,158
History,6.1502203941345215,9555,Rabbit-Proof Fence,84
History,6.149197578430176,11620,Quo Vadis,63
History,6.145984172821045,15927,A Passage to India,67
History,6.145869255065918,13537,Shattered Glass,111
History,6.145570755004883,1439,Anna and the King,197
History,6.1416215896606445,43418,Beneath Hill 60,40
History,6.141042709350586,61891,Anonymous,288
History,6.140283584594727,10105,Saints and Soldiers,98
History,6.140097141265869,8883,Flame & Citron,68
History,6.1391072273254395,44865,The Grandmaster,273
History,6.138845443725586,9664,Flyboys,271
History,6.138809680938721,16564,Winter in Wartime,66
History,6.138537406921387,549,Basquiat,94
History,6.138537406921387,46138,Made in Dagenham,94
History,6.1380462646484375,26843,Lion of the Desert,34
History,6.136777877807617,10655,Gettysburg,90
History,6.134470462799072,2669,The Bounty,108
History,6.13412618637085,17139,Character,25
History,6.131144046783447,71688,The Iron Lady,527
History,6.129561424255371,245700,Mr. Turner,204
History,6.128552436828613,46332,Of Gods and Men,91
History,6.12786340713501,1874,Goodbye Bafana,38
History,6.127342700958252,44092,Reign of Assassins,57
History,6.127161502838135,10741,Bobby,119
History,6.1233696937561035,43434,Carlos,50
History,6.122835636138916,10047,The Messenger: The Story of Joan of Arc,367
History,6.121696949005127,33157,Waterloo,31
History,6.119340896606445,30973,The Visual Bible: The Gospel of John,12
History,6.118414402008057,14729,The Long Riders,50
History,6.116122245788574,30596,Bodyguards and Assassins,57
History,6.115434169769287,12228,Inside Deep Throat,31
History,6.113871097564697,14902,1776,20
History,6.113726615905762,38543,Ironclad,227
History,6.111146926879883,14538,Three Kingdoms: Resurrection of the Dragon,35
History,6.110591888427734,18840,The White Countess,21
History,6.10998010635376,2428,The Greatest Story Ever Told,41
History,6.109941005706787,10935,Heaven's Gate,55
History,6.109769821166992,14392,The Warlords,83
History,6.107679843902588,19644,Silmido,28
History,6.106642246246338,60309,The Conspirator,137
History,6.104516983032227,16005,The Lucky Ones,55
History,6.104104518890381,2447,The Nativity Story,35
History,6.104104518890381,96399,For Greater Glory - The True Story of Cristiada,35
History,6.100783824920654,27759,55 Days at Peking,36
History,6.099979400634766,69848,One Man's Hero,2
History,6.098761558532715,14582,Passchendaele,26
History,6.0975775718688965,31908,Ghosts of Mississippi,40
History,6.097527980804443,2211,Aimee & Jaguar,20
History,6.0968546867370605,18712,Sands of Iwo Jima,33
History,6.095860004425049,12602,The Torture Chamber of Dr. Sadism,12
History,6.09475040435791,8665,K-19: The Widowmaker,264
History,6.094377517700195,358451,A Tale of Three Cities,5
History,6.094174385070801,10523,W.,143
History,6.094151973724365,113464,Inchon,2
History,6.093826770782471,10410,Hoffa,81
History,6.093735694885254,281230,Fort McCoy,2
History,6.093624591827393,16072,Gods and Generals,48
History,6.093567371368408,5769,Tom Jones,39
History,6.093435764312744,22301,Hell's Angels,19
History,6.093354225158691,31668,All The Queen's Men,7
History,6.093111515045166,38428,"Gandhi, My Father",2
History,6.093111515045166,72913,Amigo,2
History,6.092247486114502,24973,The Egyptian,11
History,6.090201377868652,17277,The Fall of the Roman Empire,33
History,6.090133190155029,42345,The Molly Maguires,16
History,6.089896202087402,280871,Ramanujan,3
History,6.089085102081299,184374,Cinco de Mayo: La Batalla,14
History,6.087569713592529,29996,Solomon and Sheba,8
History,6.087129592895508,27329,The Legend of Suriyothai,6
History,6.085300445556641,2290,Jakob the Liar,90
History,6.085087776184082,319069,Censored Voices,8
History,6.084696292877197,407887,Operation Chromite,29
History,6.079456806182861,28005,Kama Sutra - A Tale of Love,35
History,6.07615327835083,4515,Lions for Lambs,216
History,6.075514793395996,58882,Snow Flower and the Secret Fan,22
History,6.075364112854004,14877,September Dawn,16
History,6.075160503387451,98549,The Legend of Hell's Gate: An American Conspiracy,8
History,6.071807384490967,8818,Evita,120
History,6.066926002502441,293646,The 33,378
History,6.064112663269043,10733,The Alamo,106
History,6.063043117523193,72431,Red Tails,178
History,6.062069892883301,19495,Nomad: The Warrior,17
History,6.052635192871094,88794,J. Edgar,741
History,6.048480033874512,76349,1911,41
History,6.033252239227295,10533,The Scarlet Letter,108
History,6.031849384307861,1852,World Trade Center,447
History,6.016369342803955,12100,Windtalkers,341
History,6.015380382537842,1722,Captain Corelli's Mandolin,145
History,5.913328170776367,152760,The Monuments Men,1523
History,5.850837707519531,1966,Alexander,927
History,5.5848517417907715,76649,Pompeii,1267
Fantasy,7.886720657348633,122,The Lord of the Rings: The Return of the King,8064
Fantasy,7.8590288162231445,129,Spirited Away,3840
Fantasy,7.810790538787842,120,The Lord of the Rings: The Fellowship of the Ring,8705
Fantasy,7.7965006828308105,497,The Green Mile,4048
Fantasy,7.783504486083984,121,The Lord of the Rings: The Two Towers,7487
Fantasy,7.515145778656006,4935,Howl's Moving Castle,1991
Fantasy,7.5132832527160645,128,Princess Mononoke,1983
Fantasy,7.474602222442627,673,Harry Potter and the Prisoner of Azkaban,5877
Fantasy,7.414715766906738,752,V for Vendetta,4442
Fantasy,7.350687026977539,141,Donnie Darko,3452
Fantasy,7.336472511291504,57158,The Hobbit: The Desolation of Smaug,4524
Fantasy,7.330631732940674,671,Harry Potter and the Philosopher's Stone,7006
Fantasy,7.330183982849121,22,Pirates of the Caribbean: The Curse of the Black Pearl,6985
Fantasy,7.307034969329834,127585,X-Men: Days of Future Past,6032
Fantasy,7.2945756912231445,674,Harry Potter and the Goblet of Fire,5608
Fantasy,7.246805667877197,2062,Ratatouille,4369
Fantasy,7.244545936584473,82702,How to Train Your Dragon 2,3106
Fantasy,7.239872932434082,10191,How to Train Your Dragon,4227
Fantasy,7.238770008087158,1417,Pan's Labyrinth,3041
Fantasy,7.215010166168213,672,Harry Potter and the Chamber of Secrets,5815
Fantasy,7.205808162689209,675,Harry Potter and the Order of the Phoenix,5494
Fantasy,7.204162120819092,162,Edward Scissorhands,3601
Fantasy,7.1995649337768555,767,Harry Potter and the Half-Blood Prince,5293
Fantasy,7.186306476593018,762,Monty Python and the Holy Grail,1708
Fantasy,7.165172576904297,137106,The Lego Movie,3070
Fantasy,7.116817951202393,19995,Avatar,11800
Fantasy,7.113572597503662,812,Aladdin,3416
Fantasy,7.110694408416748,587,Big Fish,1994
Fantasy,7.10146427154541,1585,It's a Wonderful Life,1076
Fantasy,7.069248199462891,808,Shrek,4056
Fantasy,7.061102390289307,18,The Fifth Element,3885
Fantasy,7.027777194976807,4922,The Curious Case of Benjamin Button,3292
Fantasy,7.026296138763428,601,E.T. the Extra-Terrestrial,3269
Fantasy,7.0156073570251465,137,Groundhog Day,2301
Fantasy,7.009030818939209,2493,The Princess Bride,1486
Fantasy,6.996693134307861,10386,The Iron Giant,1436
Fantasy,6.975069522857666,59436,Midnight in Paris,1990
Fantasy,6.975069522857666,293863,The Age of Adaline,1990
Fantasy,6.9311909675598145,122917,The Hobbit: The Battle of the Five Armies,4760
Fantasy,6.918216228485107,630,The Wizard of Oz,1642
Fantasy,6.9060587882995605,49051,The Hobbit: An Unexpected Journey,8297
Fantasy,6.859868049621582,58,Pirates of the Caribbean: Dead Man's Chest,5246
Fantasy,6.840601444244385,102651,Maleficent,4496
Fantasy,6.827998638153076,3933,Corpse Bride,1894
Fantasy,6.825713634490967,70160,The Hunger Games,9455
Fantasy,6.814976692199707,433,Mary Poppins,1183
Fantasy,6.788076877593994,116745,The Secret Life of Walter Mitty,3144
Fantasy,6.766631126403809,11688,The Emperor's New Groove,1490
Fantasy,6.764901161193848,81188,Rise of the Guardians,1922
Fantasy,6.7582855224609375,285,Pirates of the Caribbean: At World's End,4500
Fantasy,6.757481098175049,309809,The Little Prince,756
Fantasy,6.750546932220459,765,Evil Dead II,742
Fantasy,6.7382426261901855,492,Being John Malkovich,1101
Fantasy,6.724934101104736,1491,The Illusionist,1615
Fantasy,6.715378284454346,268,Batman,2096
Fantasy,6.698244094848633,4011,Beetlejuice,1444
Fantasy,6.694759368896484,9495,The Crow,953
Fantasy,6.691112041473389,557,Spider-Man,5265
Fantasy,6.686784267425537,252,Willy Wonka & the Chocolate Factory,798
Fantasy,6.681393146514893,76338,Thor: The Dark World,4755
Fantasy,6.656026840209961,766,Army of Darkness,838
Fantasy,6.649500846862793,2270,Stardust,1184
Fantasy,6.64547061920166,1427,Perfume: The Story of a Murderer,1165
Fantasy,6.643460750579834,9016,Treasure Planet,948
Fantasy,6.630727291107178,408,Snow White and the Seven Dwarfs,1914
Fantasy,6.624842643737793,228326,The Book of Life,755
Fantasy,6.607738971710205,76492,Hotel Transylvania,2566
Fantasy,6.607083797454834,9470,Kung Fu Hustle,831
Fantasy,6.598177433013916,49519,The Croods,2399
Fantasy,6.597213268280029,927,Gremlins,1596
Fantasy,6.596103668212891,62177,Brave,4641
Fantasy,6.589807033538818,558,Spider-Man 2,4321
Fantasy,6.573048114776611,118,Charlie and the Chocolate Factory,3624
Fantasy,6.565775394439697,985,Eraserhead,485
Fantasy,6.563350677490234,251,Ghost,1339
Fantasy,6.556593418121338,34584,The NeverEnding Story,1002
Fantasy,6.552591800689697,809,Shrek 2,2988
Fantasy,6.548917293548584,278927,The Jungle Book,2892
Fantasy,6.537842750549316,411,"The Chronicles of Narnia: The Lion, the Witch and the Wardrobe",2629
Fantasy,6.535072326660156,10195,Thor,6525
Fantasy,6.53265905380249,297,Meet Joe Black,1147
Fantasy,6.526505470275879,228161,Home,1519
Fantasy,6.5254364013671875,150689,Cinderella,2374
Fantasy,6.525345325469971,1262,Stranger Than Fiction,721
Fantasy,6.519819736480713,6978,Big Trouble in Little China,705
Fantasy,6.509479999542236,1924,Superman,1022
Fantasy,6.503678321838379,2280,Big,993
Fantasy,6.460005760192871,277,Underworld,2512
Fantasy,6.458373546600342,854,The Mask,2472
Fantasy,6.456850528717041,924,Dawn of the Dead,1016
Fantasy,6.448307514190674,1930,The Amazing Spider-Man,6586
Fantasy,6.446703910827637,49521,Man of Steel,6359
Fantasy,6.42409086227417,102382,The Amazing Spider-Man 2,4179
Fantasy,6.4196858406066895,1832,Dogma,823
Fantasy,6.415380001068115,364,Batman Returns,1673
Fantasy,6.411500930786133,34647,Enter the Void,387
Fantasy,6.4049296379089355,879,Hook,1532
Fantasy,6.3999128341674805,11687,The Visitors,420
Fantasy,6.398205757141113,4523,Enchanted,1449
Fantasy,6.378018856048584,2907,The Addams Family,848
Fantasy,6.377506256103516,1487,Hellboy,2225
Fantasy,6.371876239776611,8009,Highlander,624
Fantasy,6.368855953216553,24420,The Time Traveler's Wife,798
Fantasy,6.359920978546143,7980,The Lovely Bones,1065
Fantasy,6.358776092529297,12159,What Dreams May Come,577
Fantasy,6.354687213897705,241259,Alice Through the Looking Glass,1725
Fantasy,6.350208282470703,1865,Pirates of the Caribbean: On Stranger Tides,4948
Fantasy,6.347516059875488,12155,Alice in Wonderland,4645
Fantasy,6.343113422393799,11253,Hellboy II: The Golden Army,1527
Fantasy,6.3264265060424805,2300,Space Jam,1288
Fantasy,6.32593297958374,310,Bruce Almighty,3012
Fantasy,6.3226847648620605,46146,Troll Hunter,583
Fantasy,6.320707321166992,9667,The Jacket,455
Fantasy,6.306049346923828,1024,Heavenly Creatures,294
Fantasy,6.302408218383789,84175,Beasts of the Southern Wild,403
Fantasy,6.301340103149414,170687,The Boxtrolls,668
Fantasy,6.299578666687012,8967,The Tree of Life,987
Fantasy,6.297998905181885,9387,Conan the Barbarian,650
Fantasy,6.293663501739502,10437,The Muppet Christmas Carol,212
Fantasy,6.284894943237305,26963,The Secret of Kells,181
Fantasy,6.281736850738525,834,Underworld: Evolution,1528
Fantasy,6.279112339019775,5255,The Polar Express,1474
Fantasy,6.268702507019043,9647,Scrooged,390
Fantasy,6.265330791473389,41216,Legend of the Guardians: The Owls of Ga'Hoole,703
Fantasy,6.264954090118408,72105,Ted,4697
Fantasy,6.260450839996338,76170,The Wolverine,4053
Fantasy,6.258595943450928,116711,Epic,1121
Fantasy,6.254395484924316,8536,Superman II,629
Fantasy,6.248859405517578,10719,Elf,987
Fantasy,6.248256206512451,103328,Holy Motors,228
Fantasy,6.248123645782471,1593,Night at the Museum,2862
Fantasy,6.246410846710205,9007,Just Like Heaven,579
Fantasy,6.2440361976623535,526,Ladyhawke,260
Fantasy,6.238574504852295,68735,Warcraft,2268
Fantasy,6.236473083496094,5994,The Family Man,521
Fantasy,6.23594856262207,844,2046,206
Fantasy,6.226701259613037,18937,Quest for Camelot,190
Fantasy,6.223880290985107,11283,Nanny McPhee,711
Fantasy,6.223437786102295,2454,The Chronicles of Narnia: Prince Caspian,1630
Fantasy,6.210022449493408,71864,The Odd Life of Timothy Green,386
Fantasy,6.209012508392334,16281,Creepshow,226
Fantasy,6.2083587646484375,10096,13 Going on 30,1204
Fantasy,6.207890033721924,16523,Where the Wild Things Are,572
Fantasy,6.203132629394531,8840,DragonHeart,535
Fantasy,6.20295524597168,10215,Sliding Doors,354
Fantasy,6.202338695526123,795,City of Angels,529
Fantasy,6.199782371520996,1911,The 13th Warrior,510
Fantasy,6.199698448181152,16633,Somewhere in Time,102
Fantasy,6.197748184204102,36819,Time Bandits,249
Fantasy,6.194321632385254,10439,Hocus Pocus,471
Fantasy,6.1940693855285645,9707,Bubba Ho-tep,191
Fantasy,6.193380355834961,77459,A Monster in Paris,313
Fantasy,6.191860198974609,9297,Monster House,874
Fantasy,6.191564559936523,8054,The Imaginarium of Doctor Parnassus,869
Fantasy,6.191404342651367,417859,Puss in Boots,451
Fantasy,6.186931133270264,577,To Die For,175
Fantasy,6.181824207305908,1494,Curse of the Golden Flower,203
Fantasy,6.1800537109375,13198,Wristcutters: A Love Story,160
Fantasy,6.175724029541016,9374,Death Becomes Her,636
Fantasy,6.173897743225098,8960,Hancock,2961
Fantasy,6.170528888702393,8204,The Spiderwick Chronicles,572
Fantasy,6.169438362121582,49017,Dracula Untold,2389
Fantasy,6.168766975402832,9543,Prince of Persia: The Sands of Time,2317
Fantasy,6.164703845977783,11596,New Nightmare,291
Fantasy,6.163759231567383,12797,Ghost Town,286
Fantasy,6.163107872009277,11395,The Santa Clause,489
Fantasy,6.160778522491455,13155,Return to Oz,120
Fantasy,6.1604084968566895,1729,The Forbidden Kingdom,461
Fantasy,6.1600470542907715,123553,The Mortal Instruments: City of Bones,1602
Fantasy,6.158858299255371,36586,Blade II,1528
Fantasy,6.15862512588501,10140,The Chronicles of Narnia: The Voyage of the Dawn Treader,1514
Fantasy,6.157134532928467,12437,Underworld: Rise of the Lycans,1428
Fantasy,6.15636682510376,8871,How the Grinch Stole Christmas,1386
Fantasy,6.15196418762207,9100,The Craft,380
Fantasy,6.147170543670654,6435,Practical Magic,338
Fantasy,6.146939277648926,19933,The Brave Little Toaster,93
Fantasy,6.145517349243164,333355,Star Wars: Clone Wars: Volume 1,27
Fantasy,6.142016887664795,14517,Mirrormask,102
Fantasy,6.137533664703369,294272,Pete's Dragon,679
Fantasy,6.136486530303955,928,Gremlins 2: The New Batch,652
Fantasy,6.136181831359863,4958,The Legend of Bagger Vance,251
Fantasy,6.134578227996826,13600,City of Ember,605
Fantasy,6.131886959075928,11980,The Prophecy,138
Fantasy,6.130436420440674,3040,Night Watch,210
Fantasy,6.130394458770752,11551,Small Soldiers,511
Fantasy,6.129420280456543,13768,Tuck Everlasting,128
Fantasy,6.12637996673584,20981,The Call of Cthulhu,41
Fantasy,6.1227898597717285,8953,Steamboy,102
Fantasy,6.122528076171875,24869,Ink,101
Fantasy,6.120187282562256,9294,Phenomenon,323
Fantasy,6.119863510131836,848,Dragonslayer,67
Fantasy,6.118977069854736,46528,The Warrior's Way,136
Fantasy,6.117457866668701,309425,Do You Believe?,48
Fantasy,6.1164631843566895,202575,Thunder and the House of Magic,121
Fantasy,6.111959457397461,26672,The Thief and the Cobbler,26
Fantasy,6.10966682434082,13856,Special,32
Fantasy,6.108643054962158,15301,Twilight Zone: The Movie,161
Fantasy,6.108118057250977,32235,Northfork,24
Fantasy,6.107034683227539,257932,Dragon Nest: Warriors' Dawn,19
Fantasy,6.106471538543701,11954,Lifeforce,135
Fantasy,6.100756645202637,20455,Digimon: The Movie,72
Fantasy,6.100183486938477,15173,Jonah: A VeggieTales Movie,22
Fantasy,6.098172187805176,50620,The Twilight Saga: Breaking Dawn - Part 2,2553
Fantasy,6.097724437713623,52520,Underworld: Awakening,1862
Fantasy,6.097715377807617,181533,Night at the Museum: Secret of the Tomb,1851
Fantasy,6.0976996421813965,46729,Fetching Cody,6
Fantasy,6.097497463226318,188652,The Ghastly Love of Johnny X,8
Fantasy,6.09739875793457,75,Mars Attacks!,1509
Fantasy,6.096306324005127,6795,Zathura: A Space Adventure,779
Fantasy,6.096158027648926,9593,Last Action Hero,712
Fantasy,6.0958428382873535,60400,The Blue Bird,8
Fantasy,6.0955281257629395,367961,Savva. Heart of the Warrior,7
Fantasy,6.094984531402588,2619,Splash,321
Fantasy,6.094860076904297,16690,Return to Never Land,290
Fantasy,6.093977451324463,13688,CJ7,107
Fantasy,6.093687534332275,94352,Cirque du Soleil: Worlds Away,58
Fantasy,6.09102725982666,381902,The Monkey King 2,24
Fantasy,6.090746879577637,73191,The Nutcracker,5
Fantasy,6.090384006500244,44638,The Tempest,31
Fantasy,6.088960647583008,57943,The Love Letter,3
Fantasy,6.087639331817627,9092,Snow White: A Tale of Terror,62
Fantasy,6.085087776184082,27551,The Barbarians,8
Fantasy,6.0849761962890625,6217,Cat People,94
Fantasy,6.084734916687012,16441,The Beastmaster,97
Fantasy,6.08262825012207,20542,Delgo,15
Fantasy,6.082281112670898,24961,The Wiz,58
Fantasy,6.082126617431641,10981,Nothing,38
Fantasy,6.08035135269165,49478,Warriors of Virtue,9
Fantasy,6.0778584480285645,15208,Bathory: Countess of Blood,31
Fantasy,6.077179908752441,13501,The Good Night,41
Fantasy,6.07615327835083,10395,Wolf,216
Fantasy,6.074753761291504,4244,The Kid,238
Fantasy,6.074725151062012,16911,The Inhabited Island,23
Fantasy,6.074687480926514,14849,Dead Like Me: Life After Death,65
Fantasy,6.070241928100586,34549,Max Keeble's Big Move,33
Fantasy,6.069606781005859,11359,The Indian in the Cupboard,134
Fantasy,6.069296836853027,10013,Peggy Sue Got Married,136
Fantasy,6.0691423416137695,10991,Pokémon: Spell of the Unknown,137
Fantasy,6.068787097930908,24264,Sheena,22
Fantasy,6.068464756011963,37718,The Muse,31
Fantasy,6.067630767822266,10208,Muppets from Space,92
Fantasy,6.067295074462891,27549,Beastmaster 2: Through the Portal of Time,17
Fantasy,6.066869258880615,11342,Warlock,95
Fantasy,6.0661492347717285,17834,A Simple Wish,46
Fantasy,6.064981937408447,11232,Kate & Leopold,418
Fantasy,6.064143180847168,35019,Nanny McPhee and the Big Bang,436
Fantasy,6.06407356262207,50037,Beyond the Black Rainbow,77
Fantasy,6.06376314163208,11495,Firestarter,173
Fantasy,6.062891483306885,3587,Bogus,44
Fantasy,6.061881065368652,137321,Winter's Tale,487
Fantasy,6.061214447021484,2008,The Promise,29
Fantasy,6.060582160949707,23082,The Invention of Lying,518
Fantasy,6.059257984161377,24126,Warlock: The Armageddon,38
Fantasy,6.0589494705200195,49852,The Nutcracker: The Untold Story,50
Fantasy,6.058851718902588,9822,Mighty Joe Young,208
Fantasy,6.058529376983643,849,Krull,129
Fantasy,6.05769157409668,2309,Inkheart,592
Fantasy,6.057111740112305,9449,The Borrowers,135
Fantasy,6.05617094039917,19901,Daybreakers,634
Fantasy,6.056166172027588,21972,Like Mike,100
Fantasy,6.055994987487793,9992,Arthur and the Invisibles,639
Fantasy,6.055322647094727,7006,White Noise 2: The Light,80
Fantasy,6.054963111877441,6278,Reign of Fire,669
Fantasy,6.052884101867676,9598,Babe,733
Fantasy,6.052584171295166,13948,An American Carol,20
Fantasy,6.051367282867432,127867,The Brass Teapot,160
Fantasy,6.049490928649902,38117,Beastly,849
Fantasy,6.047952175140381,2687,Memoirs of an Invisible Man,125
Fantasy,6.04689884185791,164372,The Snow Queen,47
Fantasy,6.046512603759766,9288,Dungeons & Dragons: Wrath of the Dragon God,36
Fantasy,6.046314239501953,1649,Bill & Ted's Bogus Journey,308
Fantasy,6.045676231384277,267935,The BFG,1000
Fantasy,6.0452375411987305,8839,Casper,1019
Fantasy,6.03903865814209,252360,In the Name of the King III,19
Fantasy,6.038372993469238,10353,The Visitors II: The Corridors of Time,221
Fantasy,6.035640716552734,10075,Blood and Chocolate,87
Fantasy,6.035024642944336,18975,The Adventures of Pinocchio,54
Fantasy,6.033175468444824,2114,Final Fantasy: The Spirits Within,433
Fantasy,6.0327935218811035,14442,Ella Enchanted,437
Fantasy,6.031696796417236,9945,Vampires,255
Fantasy,6.030664920806885,10192,Shrek Forever After,1959
Fantasy,6.03013801574707,32657,Percy Jackson & the Olympians: The Lightning Thief,2010
Fantasy,6.029212951660156,9339,Click,2104
Fantasy,6.028271675109863,1734,The Mummy Returns,2206
Fantasy,6.027642726898193,810,Shrek the Third,2278
Fantasy,6.025565147399902,9986,Charlotte's Web,288
Fantasy,6.023042678833008,227707,The Adventurer: The Curse of the Midas Box,73
Fantasy,6.020142555236816,287903,Krampus,584
Fantasy,6.018669128417969,9067,Tank Girl,138
Fantasy,6.012607574462891,14191,Aquamarine,364
Fantasy,6.011976718902588,9824,Mystery Men,250
Fantasy,6.011719226837158,45649,Rubber,251
Fantasy,6.0112128257751465,9304,Multiplicity,154
Fantasy,6.011048316955566,208763,Forbidden Kingdom,71
Fantasy,6.0095977783203125,9610,Conan the Destroyer,383
Fantasy,6.006089210510254,8850,The Shadow,138
Fantasy,5.999666690826416,10202,Bedtime Stories,901
Fantasy,5.997546195983887,12589,Jimmy Neutron: Boy Genius,231
Fantasy,5.996905326843262,266647,Pan,954
Fantasy,5.993986129760742,10025,Just My Luck,491
Fantasy,5.993250370025635,45650,The Hole,244
Fantasy,5.991477012634277,44603,Hereafter,510
Fantasy,5.988338470458984,15582,Teen Wolf Too,46
Fantasy,5.9857497215271,16300,Down to Earth,95
Fantasy,5.98573637008667,158752,Escape from Tomorrow,87
Fantasy,5.9812188148498535,9616,The Order,91
Fantasy,5.981129169464111,64686,47 Ronin,1326
Fantasy,5.971796989440918,23629,Sucker Punch,1623
Fantasy,5.971108436584473,76285,Percy Jackson: Sea of Monsters,1648
Fantasy,5.967215538024902,8247,Jumper,1799
Fantasy,5.967013359069824,10488,Nim's Island,330
Fantasy,5.9632697105407715,18360,Night at the Museum: Battle of the Smithsonian,1971
Fantasy,5.959359169006348,290825,Yoga Hosers,102
Fantasy,5.958418369293213,23685,Monkeybone,78
Fantasy,5.954991817474365,11979,Queen of the Damned,239
Fantasy,5.953009605407715,9021,The Santa Clause 2,297
Fantasy,5.947206020355225,5393,Happily N'Ever After,104
Fantasy,5.946652889251709,10137,Stuart Little,959
Fantasy,5.946347713470459,308531,Teenage Mutant Ninja Turtles: Out of the Shadows,963
Fantasy,5.946051120758057,14113,Zoom,135
Fantasy,5.940877437591553,559,Spider-Man 3,3576
Fantasy,5.935332775115967,24418,Cirque du Freak: The Vampire's Assistant,348
Fantasy,5.934916973114014,6116,Spice World,123
Fantasy,5.933403491973877,1499,Teenage Mutant Ninja Turtles III,184
Fantasy,5.93240213394165,20856,Aliens in the Attic,244
Fantasy,5.929419040679932,9906,The Ant Bully,366
Fantasy,5.929354667663574,8011,Highlander: The Final Dimension,110
Fantasy,5.9292192459106445,14623,Thunderbirds,91
Fantasy,5.927638530731201,12211,Highlander: Endgame,104
Fantasy,5.924350261688232,2268,The Golden Compass,1303
Fantasy,5.922024250030518,297761,Suicide Squad,7458
Fantasy,5.921604156494141,1636,Bedazzled,512
Fantasy,5.91580057144165,27022,The Sorcerer's Apprentice,1470
Fantasy,5.913532257080078,10610,The Medallion,281
Fantasy,5.9114460945129395,46261,Don't Be Afraid of the Dark,341
Fantasy,5.907271385192871,10658,Howard the Duck,221
Fantasy,5.9051008224487305,37958,Immortals,880
Fantasy,5.899982929229736,9626,Red Sonja,206
Fantasy,5.899249076843262,11586,Exorcist II: The Heretic,133
Fantasy,5.8992109298706055,9703,The Last Legion,207
Fantasy,5.897593021392822,56715,Just Visiting,171
Fantasy,5.894850730895996,9946,End of Days,482
Fantasy,5.8948283195495605,9306,The Island of Dr. Moreau,147
Fantasy,5.8885040283203125,10253,Dragon Wars: D-War,104
Fantasy,5.8875885009765625,13836,Race to Witch Mountain,509
Fantasy,5.886992931365967,9954,The Covenant,288
Fantasy,5.886282444000244,24021,The Twilight Saga: Eclipse,2301
Fantasy,5.878419876098633,8698,The League of Extraordinary Gentlemen,1155
Fantasy,5.878242015838623,98566,Teenage Mutant Ninja Turtles,2636
Fantasy,5.877753257751465,9447,Babe: Pig in the City,305
Fantasy,5.874575138092041,9312,Mortal Kombat,442
Fantasy,5.8705925941467285,36648,Blade: Trinity,1252
Fantasy,5.870072841644287,11817,Bulletproof Monk,278
Fantasy,5.868991851806641,58595,Snow White and the Huntsman,3118
Fantasy,5.8662238121032715,4442,The Brothers Grimm,818
Fantasy,5.865793228149414,274854,The Last Witch Hunter,1316
Fantasy,5.864510536193848,11469,Black Knight,287
Fantasy,5.86223030090332,8966,Twilight,3561
Fantasy,5.860762119293213,55301,Alvin and the Chipmunks: Chipwrecked,484
Fantasy,5.856125831604004,9697,Lady in the Water,409
Fantasy,5.855709552764893,11024,Scooby-Doo 2: Monsters Unleashed,500
Fantasy,5.851504325866699,49730,Red Riding Hood,922
Fantasy,5.845090389251709,11618,The Haunting,369
Fantasy,5.8440022468566895,77931,The Smurfs 2,695
Fantasy,5.843479156494141,109491,Beautiful Creatures,984
Fantasy,5.825037956237793,9531,Superman III,490
Fantasy,5.819701671600342,1995,Lara Croft: Tomb Raider,2192
Fantasy,5.815029144287109,62213,Dark Shadows,2320
Fantasy,5.813228130340576,9678,Little Nicky,438
Fantasy,5.809637069702148,10336,Spawn,336
Fantasy,5.809173583984375,168705,BloodRayne,118
Fantasy,5.809156894683838,23398,Alvin and the Chipmunks: The Squeakquel,666
Fantasy,5.804182529449463,3050,Doctor Dolittle,686
Fantasy,5.802713394165039,38321,Priest,692
Fantasy,5.801178932189941,10756,The Haunted Mansion,466
Fantasy,5.800289154052734,9327,The Nutty Professor,702
Fantasy,5.789847373962402,60304,Hansel & Gretel: Witch Hunters,3239
Fantasy,5.787992477416992,47327,Drive Angry,600
Fantasy,5.784023284912109,68728,Oz: The Great and Powerful,3530
Fantasy,5.781187057495117,224141,Into the Woods,1652
Fantasy,5.776111125946045,10285,Jason Goes to Hell: The Final Friday,193
Fantasy,5.774471759796143,62764,Mirror Mirror,1114
Fantasy,5.766376495361328,6477,Alvin and the Chipmunks,1177
Fantasy,5.766127109527588,41513,The Smurfs,1179
Fantasy,5.763682842254639,10588,The Cat in the Hat,366
Fantasy,5.755376815795898,72331,Abraham Lincoln: Vampire Hunter,1269
Fantasy,5.748454570770264,19585,G-Force,510
Fantasy,5.748208045959473,18823,Clash of the Titans,2233
Fantasy,5.747976303100586,223702,Sausage Party,2238
Fantasy,5.747366428375244,209112,Batman v Superman: Dawn of Justice,7004
Fantasy,5.739368915557861,1996,Lara Croft Tomb Raider: The Cradle of Life,1418
Fantasy,5.739346027374268,18239,The Twilight Saga: New Moon,2436
Fantasy,5.737732887268066,9334,The Scorpion King,779
Fantasy,5.735924243927002,10808,Dr. Dolittle 2,410
Fantasy,5.734996318817139,12107,Nutty Professor II: The Klumps,332
Fantasy,5.734630107879639,11451,Herbie Fully Loaded,542
Fantasy,5.733202934265137,2395,Asterix at the Olympic Games,471
Fantasy,5.715874671936035,2312,In the Name of the King: A Dungeon Siege Tale,224
Fantasy,5.699630260467529,49524,R.I.P.D.,1260
Fantasy,5.698055744171143,888,The Flintstones,543
Fantasy,5.68554162979126,9607,Super Mario Bros.,232
Fantasy,5.685281753540039,4474,My Super Ex-Girlfriend,442
Fantasy,5.681848049163818,1452,Superman Returns,1400
Fantasy,5.663796424865723,9823,Mortal Kombat: Annihilation,221
Fantasy,5.660559177398682,2698,Evan Almighty,1151
Fantasy,5.659960746765137,81005,Jack the Giant Slayer,2598
Fantasy,5.647119045257568,68737,Seventh Son,957
Fantasy,5.640241622924805,205584,Gods of Egypt,1277
Fantasy,5.635848045349121,12142,Alone in the Dark,173
Fantasy,5.608526706695557,9947,Elektra,575
Fantasy,5.587395668029785,1979,Fantastic 4: Rise of the Silver Surfer,2589
Fantasy,5.577578067779541,20533,Jonah Hex,420
Fantasy,5.57356071472168,440,Aliens vs Predator: Requiem,740
Fantasy,5.565166473388672,1735,The Mummy: Tomb of the Dragon Emperor,1387
Fantasy,5.548669338226318,414,Batman Forever,1498
Fantasy,5.5453338623046875,43074,Ghostbusters,2142
Fantasy,5.520733833312988,1250,Ghost Rider,1712
Fantasy,5.494174480438232,2486,Eragon,967
Fantasy,5.443546772003174,10214,Son of the Mask,338
Fantasy,5.4298577308654785,76757,Jupiter Ascending,2768
Fantasy,5.338099479675293,71676,Ghost Rider: Spirit of Vengeance,1135
Fantasy,5.333260536193848,10196,The Last Airbender,1151
Fantasy,5.055088043212891,14164,Dragonball Evolution,462
Fantasy,4.963853359222412,415,Batman & Robin,1418
Adventure,7.969184875488281,27205,Inception,13752
Adventure,7.937272071838379,157336,Interstellar,10867
Adventure,7.904545307159424,1891,The Empire Strikes Back,5879
Adventure,7.886720657348633,122,The Lord of the Rings: The Return of the King,8064
Adventure,7.8590288162231445,129,Spirited Away,3840
Adventure,7.846219062805176,11,Star Wars,6624
Adventure,7.810790538787842,120,The Lord of the Rings: The Fellowship of the Ring,8705
Adventure,7.783504486083984,121,The Lord of the Rings: The Two Towers,7487
Adventure,7.7401933670043945,105,Back to the Future,6079
Adventure,7.738088130950928,118340,Guardians of the Galaxy,9742
Adventure,7.629193305969238,98,Gladiator,5439
Adventure,7.591923713684082,1892,Return of the Jedi,4665
Adventure,7.569281101226807,177572,Big Hero 6,6135
Adventure,7.515145778656006,4935,Howl's Moving Castle,1991
Adventure,7.5132832527160645,128,Princess Mononoke,1983
Adventure,7.503190517425537,14160,Up,6870
Adventure,7.474602222442627,673,Harry Potter and the Prisoner of Azkaban,5877
Adventure,7.4621381759643555,62,2001: A Space Odyssey,2998
Adventure,7.424368381500244,286217,The Martian,7268
Adventure,7.391228675842285,5915,Into the Wild,3045
Adventure,7.385077953338623,100402,Captain America: The Winter Soldier,5764
Adventure,7.3798627853393555,85,Raiders of the Lost Ark,3854
Adventure,7.351518630981445,329,Jurassic Park,4856
Adventure,7.336472511291504,57158,The Hobbit: The Desolation of Smaug,4524
Adventure,7.330631732940674,671,Harry Potter and the Philosopher's Stone,7006
Adventure,7.330183982849121,22,Pirates of the Caribbean: The Curse of the Black Pearl,6985
Adventure,7.307034969329834,127585,X-Men: Days of Future Past,6032
Adventure,7.301600456237793,24428,The Avengers,11776
Adventure,7.29517126083374,293660,Deadpool,10995
Adventure,7.2945756912231445,674,Harry Potter and the Goblet of Fire,5608
Adventure,7.271276950836182,1726,Iron Man,8776
Adventure,7.248523235321045,89,Indiana Jones and the Last Crusade,3152
Adventure,7.244545936584473,82702,How to Train Your Dragon 2,3106
Adventure,7.239872932434082,10191,How to Train Your Dragon,4227
Adventure,7.231886386871338,101299,The Hunger Games: Catching Fire,6495
Adventure,7.215010166168213,672,Harry Potter and the Chamber of Secrets,5815
Adventure,7.205808162689209,675,Harry Potter and the Order of the Phoenix,5494
Adventure,7.1995649337768555,767,Harry Potter and the Half-Blood Prince,5293
Adventure,7.194940090179443,9806,The Incredibles,5152
Adventure,7.186306476593018,762,Monty Python and the Holy Grail,1708
Adventure,7.177036285400391,8358,Cast Away,3218
Adventure,7.171203136444092,13475,Star Trek,4518
Adventure,7.166948318481445,54138,Star Trek Into Darkness,4418
Adventure,7.165172576904297,137106,The Lego Movie,3070
Adventure,7.150217533111572,99861,Avengers: Age of Ultron,6767
Adventure,7.142662048339844,281957,The Revenant,6396
Adventure,7.138278961181641,165,Back to the Future Part II,3829
Adventure,7.116817951202393,19995,Avatar,11800
Adventure,7.114963054656982,109445,Frozen,5295
Adventure,7.114675998687744,578,Jaws,2542
Adventure,7.113572597503662,812,Aladdin,3416
Adventure,7.113003253936768,10674,Mulan,2008
Adventure,7.110694408416748,587,Big Fish,1994
Adventure,7.097812652587891,76341,Mad Max: Fury Road,9427
Adventure,7.069248199462891,808,Shrek,4056
Adventure,7.061102390289307,18,The Fifth Element,3885
Adventure,7.0596137046813965,36557,Casino Royale,3855
Adventure,7.042907238006592,87827,Life of Pi,5797
Adventure,7.026296138763428,601,E.T. the Extra-Terrestrial,3269
Adventure,7.009030818939209,2493,The Princess Bride,1486
Adventure,6.996693134307861,10386,The Iron Giant,1436
Adventure,6.982265949249268,271110,Captain America: Civil War,7241
Adventure,6.942765235900879,49538,X-Men: First Class,5181
Adventure,6.9311909675598145,122917,The Hobbit: The Battle of the Five Armies,4760
Adventure,6.925389766693115,82690,Wreck-It Ralph,4570
Adventure,6.92083215713501,106,Predator,2093
Adventure,6.918216228485107,630,The Wizard of Oz,1642
Adventure,6.909769535064697,1895,Star Wars: Episode III - Revenge of the Sith,4116
Adventure,6.9060587882995605,49051,The Hobbit: An Unexpected Journey,8297
Adventure,6.899538993835449,425,Ice Age,3857
Adventure,6.895734786987305,947,Lawrence of Arabia,851
Adventure,6.8793416023254395,581,Dances with Wolves,1046
Adventure,6.87285852432251,102899,Ant-Man,5880
Adventure,6.870703220367432,10528,Sherlock Holmes,5766
Adventure,6.869204044342041,177677,Mission: Impossible - Rogue Nation,3224
Adventure,6.868140697479248,10315,Fantastic Mr. Fox,1176
Adventure,6.859868049621582,58,Pirates of the Caribbean: Dead Man's Chest,5246
Adventure,6.855974197387695,22538,Scott Pilgrim vs. the World,2126
Adventure,6.854009628295898,1271,300,4997
Adventure,6.849826335906982,196,Back to the Future Part III,2900
Adventure,6.841866493225098,87,Indiana Jones and the Temple of Doom,2781
Adventure,6.840601444244385,102651,Maleficent,4496
Adventure,6.8362932205200195,16320,Serenity,1264
Adventure,6.825713634490967,70160,The Hunger Games,9455
Adventure,6.823436737060547,5925,The Great Escape,717
Adventure,6.820532321929932,58574,Sherlock Holmes: A Game of Shadows,3886
Adventure,6.809655666351318,37724,Skyfall,7604
Adventure,6.800551891326904,203801,The Man from U.N.C.L.E.,2265
Adventure,6.797824382781982,387,Das Boot,613
Adventure,6.795995235443115,44264,True Grit,1668
Adventure,6.79254150390625,328387,Nerve,2181
Adventure,6.788076877593994,116745,The Secret Life of Walter Mitty,3144
Adventure,6.7691650390625,1579,Apocalypto,1221
Adventure,6.766631126403809,11688,The Emperor's New Groove,1490
Adventure,6.766276836395264,1368,First Blood,1488
Adventure,6.762393951416016,157350,Divergent,4663
Adventure,6.7582855224609375,285,Pirates of the Caribbean: At World's End,4500
Adventure,6.757481098175049,309809,The Little Prince,756
Adventure,6.7560954093933105,44115,127 Hours,2606
Adventure,6.755963325500488,607,Men in Black,4412
Adventure,6.741226673126221,134,"O Brother, Where Art Thou?",1112
Adventure,6.738284111022949,861,Total Recall,1710
Adventure,6.730597019195557,68721,Iron Man 3,8806
Adventure,6.730389595031738,1878,Fear and Loathing in Las Vegas,1301
Adventure,6.719509601593018,44826,Hugo,2141
Adventure,6.712932586669922,5503,The Fugitive,1220
Adventure,6.711495876312256,9502,Kung Fu Panda,3145
Adventure,6.699933052062988,9023,Spirit: Stallion of the Cimarron,831
Adventure,6.696022987365723,8810,Mad Max 2: The Road Warrior,957
Adventure,6.691926002502441,652,Troy,2759
Adventure,6.681393146514893,76338,Thor: The Dark World,4755
Adventure,6.665957450866699,36657,X-Men,4097
Adventure,6.662559509277344,56292,Mission: Impossible - Ghost Protocol,3972
Adventure,6.654614448547363,658,Goldfinger,987
Adventure,6.649500846862793,2270,Stardust,1184
Adventure,6.648214817047119,36658,X2,3506
Adventure,6.646075248718262,1669,The Hunt for Red October,957
Adventure,6.643460750579834,9016,Treasure Planet,948
Adventure,6.637264251708984,146,"Crouching Tiger, Hidden Dragon",927
Adventure,6.624842643737793,228326,The Book of Life,755
Adventure,6.614344596862793,129670,Nebraska,636
Adventure,6.6093878746032715,11969,Tombstone,626
Adventure,6.5988664627075195,68726,Pacific Rim,4794
Adventure,6.598177433013916,49519,The Croods,2399
Adventure,6.596103668212891,62177,Brave,4641
Adventure,6.592237949371338,9487,A Bug's Life,2303
Adventure,6.591786861419678,154,Star Trek II: The Wrath of Khan,675
Adventure,6.589807033538818,558,Spider-Man 2,4321
Adventure,6.580347537994385,1265,Bridge to Terabithia,1113
Adventure,6.579660415649414,9802,The Rock,1456
Adventure,6.573048114776611,118,Charlie and the Chocolate Factory,3624
Adventure,6.568933010101318,644,A.I. Artificial Intelligence,1974
Adventure,6.567828178405762,604,The Matrix Reloaded,3443
Adventure,6.5620951652526855,602,Independence Day,3260
Adventure,6.561273097991943,291805,Now You See Me 2,3235
Adventure,6.556593418121338,34584,The NeverEnding Story,1002
Adventure,6.553638935089111,2756,The Abyss,808
Adventure,6.552837371826172,1637,Speed,1783
Adventure,6.552591800689697,809,Shrek 2,2988
Adventure,6.548917293548584,278927,The Jungle Book,2892
Adventure,6.543241024017334,421,The Life Aquatic with Steve Zissou,775
Adventure,6.539305686950684,1771,Captain America: The First Avenger,7047
Adventure,6.537933349609375,954,Mission: Impossible,2631
Adventure,6.537842750549316,411,"The Chronicles of Narnia: The Lion, the Witch and the Wardrobe",2629
Adventure,6.537766456604004,10138,Iron Man 2,6849
Adventure,6.535072326660156,10195,Thor,6525
Adventure,6.534178256988525,79,Hero,635
Adventure,6.5291643142700195,593,Solaris,357
Adventure,6.529083251953125,9361,The Last of the Mohicans,732
Adventure,6.528067111968994,285783,The Walk,1121
Adventure,6.5274271965026855,4476,Legends of the Fall,619
Adventure,6.5257344245910645,131631,The Hunger Games: Mockingjay - Part 1,5584
Adventure,6.521452903747559,10501,The Road to El Dorado,858
Adventure,6.519819736480713,6978,Big Trouble in Little China,705
Adventure,6.509479999542236,1924,Superman,1022
Adventure,6.5073442459106445,17578,The Adventures of Tintin,2061
Adventure,6.502796649932861,1858,Transformers,4040
Adventure,6.501695156097412,131634,The Hunger Games: Mockingjay - Part 2,3984
Adventure,6.499520301818848,920,Cars,3877
Adventure,6.492617130279541,646,Dr. No,940
Adventure,6.492453098297119,1251,Letters from Iwo Jima,541
Adventure,6.48695707321167,253412,Everest,1772
Adventure,6.480439186096191,11362,The Count of Monte Cristo,453
Adventure,6.472904205322266,140300,Kung Fu Panda 3,1603
Adventure,6.471005916595459,39514,RED,2808
Adventure,6.469027519226074,563,Starship Troopers,1560
Adventure,6.468758583068848,20766,The Road,1087
Adventure,6.463259220123291,199,Star Trek: First Contact,661
Adventure,6.462228298187256,188927,Star Trek Beyond,2568
Adventure,6.459461688995361,135397,Jurassic World,8662
Adventure,6.4591803550720215,10530,Pocahontas,1457
Adventure,6.45767879486084,8619,Master and Commander: The Far Side of the World,790
Adventure,6.456210136413574,12144,The Land Before Time,640
Adventure,6.454928874969482,9392,The Descent,1005
Adventure,6.45278787612915,978,Seven Years in Tibet,630
Adventure,6.452572822570801,254,King Kong,2337
Adventure,6.451035976409912,80274,Ender's Game,2303
Adventure,6.4499592781066895,657,From Russia with Love,760
Adventure,6.448307514190674,1930,The Amazing Spider-Man,6586
Adventure,6.446703910827637,49521,Man of Steel,6359
Adventure,6.438564777374268,44896,Rango,2051
Adventure,6.43347692489624,10865,Atlantis: The Lost Empire,1224
Adventure,6.42409086227417,102382,The Amazing Spider-Man 2,4179
Adventure,6.42053747177124,1381,The Fountain,827
Adventure,6.419695854187012,105864,The Good Dinosaur,1736
Adventure,6.4196858406066895,1832,Dogma,823
Adventure,6.418400764465332,9837,The Prince of Egypt,817
Adventure,6.413694381713867,576,The Wild Bunch,259
Adventure,6.409427642822266,9550,House of Flying Daggers,439
Adventure,6.4049296379089355,879,Hook,1532
Adventure,6.400250434875488,950,Ice Age: The Meltdown,2951
Adventure,6.39479923248291,4688,Across the Universe,410
Adventure,6.39479923248291,11153,National Lampoon's Vacation,410
Adventure,6.386314868927002,7453,The Hitchhiker's Guide to the Galaxy,1315
Adventure,6.381215572357178,12244,9,1262
Adventure,6.379251003265381,8355,Ice Age: Dawn of the Dinosaurs,2271
Adventure,6.377125263214111,82703,Mr. Peabody & Sherman,843
Adventure,6.376953601837158,533,The Curse of the Were-Rabbit,643
Adventure,6.376279830932617,9659,Mad Max,1213
Adventure,6.3751935958862305,46195,Rio,2166
Adventure,6.372189521789551,710,GoldenEye,1174
Adventure,6.371876239776611,8009,Highlander,624
Adventure,6.370358943939209,1495,Kingdom of Heaven,1157
Adventure,6.369427680969238,956,Mission: Impossible III,2028
Adventure,6.367151260375977,77174,ParaNorman,789
Adventure,6.361267566680908,168,Star Trek IV: The Voyage Home,477
Adventure,6.360207557678223,9631,The Negotiator,582
Adventure,6.358071327209473,39513,Paul,1789
Adventure,6.357083320617676,1635,The Island,1770
Adventure,6.350208282470703,1865,Pirates of the Caribbean: On Stranger Tides,4948
Adventure,6.348928451538086,75612,Oblivion,4800
Adventure,6.347516059875488,12155,Alice in Wonderland,4645
Adventure,6.346813678741455,211672,Minions,4571
Adventure,6.343113422393799,11253,Hellboy II: The Golden Army,1527
Adventure,6.3405938148498535,1894,Star Wars: Episode II - Attack of the Clones,3992
Adventure,6.340185642242432,8195,Ronin,658
Adventure,6.339871406555176,8367,Robin Hood: Prince of Thieves,909
Adventure,6.339592933654785,9476,A Knight's Tale,907
Adventure,6.330793857574463,270946,Penguins of Madagascar,1346
Adventure,6.328640937805176,26428,Agora,395
Adventure,6.327546119689941,9662,The Triplets of Belleville,231
Adventure,6.327467441558838,605,The Matrix Revolutions,3096
Adventure,6.325494289398193,205775,In the Heart of the Sea,1276
Adventure,6.3244733810424805,50456,Hanna,1263
Adventure,6.3145246505737305,95,Armageddon,2482
Adventure,6.313350200653076,9013,Midnight Run,238
Adventure,6.312378406524658,9036,Eight Below,542
Adventure,6.305859565734863,11282,Harold & Kumar Go to White Castle,693
Adventure,6.305681228637695,6415,Three Kings,692
Adventure,6.302609920501709,9952,Rescue Dawn,336
Adventure,6.301889419555664,152747,All Is Lost,671
Adventure,6.299864292144775,3989,Team America: World Police,660
Adventure,6.298051834106445,2059,National Treasure,1926
Adventure,6.297998905181885,9387,Conan the Barbarian,650
Adventure,6.2961530685424805,206563,Trash,242
Adventure,6.288237571716309,1648,Bill & Ted's Excellent Adventure,454
Adventure,6.282844066619873,11194,Touching the Void,138
Adventure,6.279762268066406,16608,The Proposition,218
Adventure,6.279112339019775,5255,The Polar Express,1474
Adventure,6.278137683868408,12837,The Secret Life of Bees,158
Adventure,6.275932788848877,174,Star Trek VI: The Undiscovered Country,413
Adventure,6.270601272583008,12289,Red Cliff,205
Adventure,6.268540382385254,691,The Spy Who Loved Me,507
Adventure,6.267176628112793,70981,Prometheus,5080
Adventure,6.266891956329346,256040,Baahubali: The Beginning,135
Adventure,6.266453266143799,8326,Holes,383
Adventure,6.265330791473389,41216,Legend of the Guardians: The Owls of Ga'Hoole,703
Adventure,6.26352596282959,7305,Alive,374
Adventure,6.263461589813232,206647,Spectre,4466
Adventure,6.26323127746582,1893,Star Wars: Episode I - The Phantom Menace,4432
Adventure,6.261961936950684,15067,"The Good, The Bad, The Weird",193
Adventure,6.260450839996338,76170,The Wolverine,4053
Adventure,6.258595943450928,116711,Epic,1121
Adventure,6.255794048309326,36668,X-Men: The Last Stand,3525
Adventure,6.255183696746826,9433,The Edge,349
Adventure,6.254395484924316,8536,Superman II,629
Adventure,6.2524542808532715,11658,Tae Guk Gi: The Brotherhood of War,133
Adventure,6.251238822937012,272878,Max,276
Adventure,6.248123645782471,1593,Night at the Museum,2862
Adventure,6.247837066650391,20526,TRON: Legacy,2841
Adventure,6.2440361976623535,526,Ladyhawke,260
Adventure,6.243576526641846,660,Thunderball,562
Adventure,6.243576526641846,841,Dune,562
Adventure,6.24090051651001,772,Home Alone 2: Lost in New York,2395
Adventure,6.238574504852295,68735,Warcraft,2268
Adventure,6.238241672515869,667,You Only Live Twice,531
Adventure,6.237725257873535,59859,Kick-Ass 2,2224
Adventure,6.234920978546143,14411,Sinbad: Legend of the Seven Seas,372
Adventure,6.234577655792236,8053,The Three Burials of Melquiades Estrada,177
Adventure,6.233830451965332,943,Lethal Weapon 3,811
Adventure,6.227089881896973,10999,Commando,742
Adventure,6.2268290519714355,13053,Bolt,1750
Adventure,6.225717067718506,11176,The Muppet Movie,164
Adventure,6.224510669708252,22972,Green Zone,717
Adventure,6.224367618560791,668,On Her Majesty's Secret Service,456
Adventure,6.223437786102295,2454,The Chronicles of Narnia: Prince Caspian,1630
Adventure,6.221434593200684,8961,Bad Boys II,1564
Adventure,6.220790386199951,1997,Two Brothers,180
Adventure,6.216763973236084,21755,The Brothers Bloom,203
Adventure,6.214456081390381,38985,Sorcerer,98
Adventure,6.211486339569092,157841,The Young and Prodigious T.S. Spivet,232
Adventure,6.209571361541748,1907,The Beach,1233
Adventure,6.208807945251465,11576,"It's a Mad, Mad, Mad, Mad World",140
Adventure,6.207460403442383,9342,The Mask of Zorro,1183
Adventure,6.204299449920654,10803,Logan's Run,269
Adventure,6.202868461608887,253,Live and Let Die,533
Adventure,6.200723171234131,11967,Young Guns,258
Adventure,6.20052433013916,11165,Tora! Tora! Tora!,147
Adventure,6.200325965881348,10159,The Rundown,514
Adventure,6.199782371520996,1911,The 13th Warrior,510
Adventure,6.199737071990967,9313,The Man in the Iron Mask,1018
Adventure,6.197748184204102,36819,Time Bandits,249
Adventure,6.197666645050049,172385,Rio 2,978
Adventure,6.196069240570068,13001,Stargate: The Ark of Truth,140
Adventure,6.196048736572266,62204,Quest for Fire,109
Adventure,6.194581031799316,2023,Hidalgo,318
Adventure,6.193380355834961,77459,A Monster in Paris,313
Adventure,6.192724227905273,173,"20,000 Leagues Under the Sea",157
Adventure,6.191564559936523,8054,The Imaginarium of Doctor Parnassus,869
Adventure,6.19155216217041,193,Star Trek: Generations,452
Adventure,6.191404342651367,417859,Puss in Boots,451
Adventure,6.191267013549805,1369,Rambo: First Blood Part II,864
Adventure,6.188858509063721,157,Star Trek III: The Search for Spock,434
Adventure,6.185156345367432,944,Lethal Weapon 4,767
Adventure,6.183286190032959,11904,Young Sherlock Holmes,167
Adventure,6.1794538497924805,2080,X-Men Origins: Wolverine,4021
Adventure,6.179354667663574,72197,The Pirates! In an Adventure with Scientists!,374
Adventure,6.1786298751831055,262500,Insurgent,3829
Adventure,6.177868366241455,7512,Idiocracy,664
Adventure,6.17310905456543,158852,Tomorrowland,2846
Adventure,6.171820640563965,57800,Ice Age: Continental Drift,2672
Adventure,6.170528888702393,8204,The Spiderwick Chronicles,572
Adventure,6.170307636260986,330,The Lost World: Jurassic Park,2487
Adventure,6.169466018676758,435,The Day After Tomorrow,2392
Adventure,6.1689019203186035,681,Diamonds Are Forever,553
Adventure,6.168814182281494,74,War of the Worlds,2322
Adventure,6.168766975402832,9543,Prince of Persia: The Sands of Time,2317
Adventure,6.1663384437561035,682,The Man with the Golden Gun,524
Adventure,6.165218830108643,9766,Gridiron Gang,206
Adventure,6.164418697357178,9671,Crocodile Dundee,503
Adventure,6.163202285766602,699,For Your Eyes Only,490
Adventure,6.162628173828125,78698,Big Miracle,152
Adventure,6.161812782287598,10339,Moby Dick,89
Adventure,6.160778522491455,13155,Return to Oz,120
Adventure,6.1604084968566895,1729,The Forbidden Kingdom,461
Adventure,6.1600470542907715,123553,The Mortal Instruments: City of Bones,1602
Adventure,6.15862512588501,10140,The Chronicles of Narnia: The Voyage of the Dawn Treader,1514
Adventure,6.157134532928467,12437,Underworld: Rise of the Lycans,1428
Adventure,6.156589031219482,20662,Robin Hood,1398
Adventure,6.155734539031982,9839,Beyond Borders,110
Adventure,6.154464244842529,5551,Space Cowboys,403
Adventure,6.153874397277832,10586,The Ghost and the Darkness,236
Adventure,6.153170585632324,200,Star Trek: Insurrection,391
Adventure,6.151264667510986,4107,Bloody Sunday,53
Adventure,6.151144981384277,9093,The Four Feathers,159
Adventure,6.1502203941345215,9555,Rabbit-Proof Fence,84
Adventure,6.1480607986450195,817,Austin Powers: The Spy Who Shagged Me,1011
Adventure,6.147678375244141,11780,Rob Roy,148
Adventure,6.147635459899902,257445,Goosebumps,995
Adventure,6.146939277648926,19933,The Brave Little Toaster,93
Adventure,6.146080017089844,315011,Shin Godzilla,143
Adventure,6.145984172821045,15927,A Passage to India,67
Adventure,6.145854473114014,17264,The Black Stallion,59
Adventure,6.145517349243164,333355,Star Wars: Clone Wars: Volume 1,27
Adventure,6.144166469573975,7450,Titan A.E.,313
Adventure,6.143491744995117,12227,White Fang,135
Adventure,6.140283584594727,10105,Saints and Soldiers,98
Adventure,6.139598369598389,8584,Shanghai Noon,735
Adventure,6.1394124031066895,5353,The Hunting Party,96
Adventure,6.138845443725586,9664,Flyboys,271
Adventure,6.138200283050537,9588,Quigley Down Under,119
Adventure,6.138100624084473,245703,Midnight Special,694
Adventure,6.137533664703369,294272,Pete's Dragon,679
Adventure,6.136839389801025,2207,16 Blocks,661
Adventure,6.134578227996826,13600,City of Ember,605
Adventure,6.131282806396484,152,Star Trek: The Motion Picture,530
Adventure,6.131144046783447,700,Octopussy,527
Adventure,6.1305832862854,34813,The Losers,515
Adventure,6.130394458770752,11551,Small Soldiers,511
Adventure,6.129725456237793,13335,Harold & Kumar Escape from Guantanamo Bay,497
Adventure,6.129602909088135,11583,The First Great Train Robbery,74
Adventure,6.129147052764893,68818,Blackthorn,73
Adventure,6.127658843994141,29339,Nicholas Nickleby,49
Adventure,6.127161502838135,17379,Last Holiday,119
Adventure,6.126862049102783,708,The Living Daylights,440
Adventure,6.12637996673584,15907,Duma,41
Adventure,6.125789642333984,201132,Antarctica: A Year on Ice,29
Adventure,6.1255106925964355,811,Silent Running,177
Adventure,6.125048637390137,11676,Nothing to Lose,174
Adventure,6.122835636138916,10047,The Messenger: The Story of Joan of Arc,367
Adventure,6.1224846839904785,1685,Beneath the Planet of the Apes,361
Adventure,6.121892929077148,12403,A Perfect Getaway,351
Adventure,6.1198859214782715,17339,Force 10 from Navarone,91
Adventure,6.119749069213867,145220,Muppets Most Wanted,316
Adventure,6.119463920593262,43867,The Prisoner of Zenda,11
Adventure,6.119222164154053,385736,Kicks,18
Adventure,6.118977069854736,46528,The Warrior's Way,136
Adventure,6.118414402008057,10786,Robin and Marian,50
Adventure,6.118179798126221,35073,"The Beast from 20,000 Fathoms",41
Adventure,6.1164631843566895,202575,Thunder and the House of Magic,121
Adventure,6.11582612991333,13491,Arn: The Knight Templar,76
Adventure,6.113891124725342,13938,The Last Dragon,69
Adventure,6.113726615905762,38543,Ironclad,227
Adventure,6.1126909255981445,33196,Tidal Wave,48
Adventure,6.111959457397461,26672,The Thief and the Cobbler,26
Adventure,6.110781669616699,33106,Silver Medalist,13
Adventure,6.109098434448242,62676,Limbo,17
Adventure,6.108719348907471,11876,The Horseman on the Roof,25
Adventure,6.108315467834473,81390,A Lonely Place to Die,157
Adventure,6.107034683227539,257932,Dragon Nest: Warriors' Dawn,19
Adventure,6.106325626373291,43884,The Charge of the Light Brigade,18
Adventure,6.105434417724609,5172,The Astronaut Farmer,123
Adventure,6.103924751281738,9975,Curious George,106
Adventure,6.102035045623779,16651,The Other Side of Heaven,14
Adventure,6.101419925689697,59917,Cotton Comes to Harlem,13
Adventure,6.100369930267334,1956,Gerry,68
Adventure,6.100183486938477,15173,Jonah: A VeggieTales Movie,22
Adventure,6.0998759269714355,37232,Travellers and Magicians,9
Adventure,6.09849214553833,38356,Transformers: Dark of the Moon,3299
Adventure,6.098386764526367,1724,The Incredible Hulk,3021
Adventure,6.098363876342773,10764,Quantum of Solace,2965
Adventure,6.098334789276123,76163,The Expendables 2,2896
Adventure,6.098172187805176,50620,The Twilight Saga: Breaking Dawn - Part 2,2553
Adventure,6.097917556762695,49529,John Carter,2124
Adventure,6.097782135009766,34723,The Adventures of Huck Finn,42
Adventure,6.097715377807617,181533,Night at the Museum: Secret of the Tomb,1851
Adventure,6.0976996421813965,25379,The Blue Butterfly,6
Adventure,6.097668647766113,138103,The Expendables 3,1795
Adventure,6.0968804359436035,9273,Ace Ventura: When Nature Calls,1099
Adventure,6.0968546867370605,10448,Rapa Nui,33
Adventure,6.096670150756836,55604,Boom Town,8
Adventure,6.096636772155762,664,Twister,950
Adventure,6.096306324005127,6795,Zathura: A Space Adventure,779
Adventure,6.096240997314453,45226,The Pursuit of D.B. Cooper,4
Adventure,6.096158027648926,9593,Last Action Hero,712
Adventure,6.096118450164795,49021,Killer Elite,695
Adventure,6.096024990081787,7484,Open Season,656
Adventure,6.095849990844727,9350,Cliffhanger,588
Adventure,6.09570837020874,9759,Cellular,537
Adventure,6.095679759979248,4824,The Jackal,527
Adventure,6.0955352783203125,201,Star Trek: Nemesis,479
Adventure,6.0955281257629395,367961,Savva. Heart of the Warrior,7
Adventure,6.0954694747924805,9618,Tango & Cash,458
Adventure,6.095056533813477,25388,March or Die,16
Adventure,6.094995021820068,294512,Alpha and Omega: The Legend of the Saw Tooth Cave,4
Adventure,6.0948967933654785,9922,The Postman,299
Adventure,6.094860076904297,16690,Return to Never Land,290
Adventure,6.094508171081543,8987,The River Wild,210
Adventure,6.094475269317627,2661,Batman,203
Adventure,6.094152927398682,15070,Undisputed,139
Adventure,6.094110012054443,9570,The Black Hole,131
Adventure,6.09398889541626,9448,The Big Hit,109
Adventure,6.093729019165039,283671,Jungle Shuffle,1
Adventure,6.093567371368408,5769,Tom Jones,39
Adventure,6.093541145324707,23069,Benji,35
Adventure,6.093442440032959,13064,Airborne,20
Adventure,6.093408584594727,14120,End of the Spear,15
Adventure,6.093401908874512,71805,Shipwrecked,14
Adventure,6.093111515045166,47890,Sphinx,2
Adventure,6.0929999351501465,41317,Caravans,1
Adventure,6.092695236206055,20406,Rockaway,2
Adventure,6.092695236206055,46256,The Lion of Judah,2
Adventure,6.092247486114502,16433,Grand Theft Parsons,11
Adventure,6.092070579528809,26916,Mercy Streets,2
Adventure,6.0917744636535645,62255,Tracker,16
Adventure,6.09102725982666,381902,The Monkey King 2,24
Adventure,6.090831756591797,38717,Madison,3
Adventure,6.090475082397461,15875,Donovan's Reef,30
Adventure,6.090010166168213,47534,Fighting Tommy Riley,4
Adventure,6.0897440910339355,48463,Incident at Loch Ness,18
Adventure,6.0883941650390625,15511,VeggieTales: The Pirates Who Don't Do Anything,25
Adventure,6.087252616882324,21512,The Blood of Heroes,31
Adventure,6.086707592010498,171759,The Lost Medallion: The Adventures of Billy Stone,13
Adventure,6.085856914520264,110683,The Wicked Lady,4
Adventure,6.085087776184082,27551,The Barbarians,8
Adventure,6.085010051727295,10643,Godzilla 2000,43
Adventure,6.084494590759277,16340,Rugrats in Paris: The Movie,100
Adventure,6.084309101104736,352978,Chain of Command,11
Adventure,6.083722114562988,2989,Roar,19
Adventure,6.0836591720581055,173931,Legend of a Rabbit,3
Adventure,6.082775115966797,153158,Underdogs,122
Adventure,6.082693576812744,24746,Six-String Samurai,36
Adventure,6.08262825012207,20542,Delgo,15
Adventure,6.082281112670898,24961,The Wiz,58
Adventure,6.080990791320801,16016,Journey to Saturn,10
Adventure,6.080989837646484,18886,Flight of the Intruder,31
Adventure,6.080540180206299,16353,Ong Bak 2,152
Adventure,6.080438613891602,14317,The Wild Thornberrys Movie,44
Adventure,6.080395221710205,9457,Deep Rising,154
Adventure,6.080310344696045,11818,Valley of the Wolves: Iraq,7
Adventure,6.079324722290039,13950,All About the Benjamins,48
Adventure,6.078819751739502,18828,Double Take,24
Adventure,6.078690052032471,21311,I Dreamed of Africa,18
Adventure,6.078682899475098,5494,George and the Dragon,13
Adventure,6.078219413757324,10871,Switchback,52
Adventure,6.077227592468262,9416,Money Talks,87
Adventure,6.076687335968018,25353,The True Story of Puss 'n Boots,7
Adventure,6.0766754150390625,11983,Proof of Life,208
Adventure,6.07615327835083,4515,Lions for Lambs,216
Adventure,6.075160503387451,98549,The Legend of Hell's Gate: An American Conspiracy,8
Adventure,6.074979782104492,18808,Highway,37
Adventure,6.074753761291504,10188,The Sisterhood of the Traveling Pants 2,238
Adventure,6.073766708374023,14351,Crossover,10
Adventure,6.07295560836792,17186,Supercross,29
Adventure,6.072822570800781,172391,Khumba,72
Adventure,6.070122718811035,246449,Against the Wild,19
Adventure,6.069606781005859,11359,The Indian in the Cupboard,134
Adventure,6.0691423416137695,10991,Pokémon: Spell of the Unknown,137
Adventure,6.068787097930908,24264,Sheena,22
Adventure,6.068778038024902,13523,Sex Drive,342
Adventure,6.068619728088379,1273,TMNT,345
Adventure,6.0679168701171875,300168,Dragon Blade,145
Adventure,6.067295074462891,27549,Beastmaster 2: Through the Portal of Time,17
Adventure,6.066869258880615,11342,Warlock,95
Adventure,6.066776275634766,11358,Walking Tall,381
Adventure,6.066478252410889,9691,Assassins,387
Adventure,6.0661492347717285,17834,A Simple Wish,46
Adventure,6.066143035888672,17043,The Crocodile Hunter: Collision Course,34
Adventure,6.066088676452637,22102,Troop Beverly Hills,56
Adventure,6.0633673667907715,25763,Damnation Alley,27
Adventure,6.063043117523193,72431,Red Tails,178
Adventure,6.062607765197754,322443,The Timber,15
Adventure,6.062289714813232,15074,Extreme Ops,28
Adventure,6.062143325805664,9096,Medicine Man,114
Adventure,6.0610785484313965,707,A View to a Kill,506
Adventure,6.060582160949707,9896,Rat Race,518
Adventure,6.058869361877441,38665,The Legend of the Lone Ranger,14
Adventure,6.0588555335998535,10090,Reno 911!: Miami,72
Adventure,6.058851718902588,9822,Mighty Joe Young,208
Adventure,6.058529376983643,849,Krull,129
Adventure,6.05789041519165,13853,The Clan of the Cave Bear,27
Adventure,6.05769157409668,2309,Inkheart,592
Adventure,6.057654857635498,59860,Monte Carlo,593
Adventure,6.057111740112305,9449,The Borrowers,135
Adventure,6.05702018737793,251979,The Perfect Wave,21
Adventure,6.056670188903809,18357,The Country Bears,20
Adventure,6.056175231933594,12610,Osmosis Jones,228
Adventure,6.055994987487793,9992,Arthur and the Invisibles,639
Adventure,6.0552449226379395,14043,Nancy Drew,143
Adventure,6.054963111877441,6278,Reign of Fire,669
Adventure,6.054197311401367,6038,Shanghai Knights,692
Adventure,6.053367614746094,27380,Megaforce,15
Adventure,6.053206443786621,8592,Dick Tracy,251
Adventure,6.052708148956299,13191,"War, Inc.",86
Adventure,6.052407741546631,270938,Falcon Rising,71
Adventure,6.04940938949585,9486,Johnny English,852
Adventure,6.049259185791016,11678,Vertical Limit,283
Adventure,6.049138069152832,36643,The World Is Not Enough,862
Adventure,6.049023151397705,79698,The Lovers,34
Adventure,6.048816204071045,11619,Flushed Away,874
Adventure,6.048480033874512,76349,1911,41
Adventure,6.0482892990112305,23048,Hot Tub Time Machine,894
Adventure,6.047494888305664,714,Tomorrow Never Dies,925
Adventure,6.047388076782227,12138,3000 Miles to Graceland,178
Adventure,6.047360897064209,1537,Changing Lanes,299
Adventure,6.04701042175293,10003,The Saint,302
Adventure,6.046512603759766,9288,Dungeons & Dragons: Wrath of the Dragon God,36
Adventure,6.046314239501953,1649,Bill & Ted's Bogus Journey,308
Adventure,6.045968532562256,6520,First Knight,311
Adventure,6.045676231384277,267935,The BFG,1000
Adventure,6.04551362991333,58233,Johnny English Reborn,1007
Adventure,6.044456481933594,1408,Cutthroat Island,136
Adventure,6.044127464294434,58048,Shanghai Surprise,15
Adventure,6.04401969909668,11370,The Musketeer,56
Adventure,6.041330337524414,34851,Predators,1206
Adventure,6.041295528411865,2119,Days of Thunder,353
Adventure,6.040779113769531,133931,Zambezia,68
Adventure,6.040107727050781,8916,Antz,1272
Adventure,6.039594650268555,12704,Ishtar,28
Adventure,6.03903865814209,252360,In the Name of the King III,19
Adventure,6.038050651550293,15365,Witless Protection,26
Adventure,6.0378289222717285,23759,Centurion,386
Adventure,6.037565231323242,15512,Monsters vs Aliens,1423
Adventure,6.037554740905762,12484,The Forsaken,47
Adventure,6.0360517501831055,290595,The Huntsman: Winter's War,1523
Adventure,6.035297393798828,25678,American Ninja 2: The Confrontation,49
Adventure,6.034172534942627,10117,Action Jackson,50
Adventure,6.033175468444824,2114,Final Fantasy: The Spirits Within,433
Adventure,6.032431602478027,11398,The Art of War,135
Adventure,6.032233238220215,72710,The Host,1817
Adventure,6.031929016113281,10783,Lucky Numbers,52
Adventure,6.031506061553955,2320,Executive Decision,256
Adventure,6.031125545501709,10199,The Tale of Despereaux,258
Adventure,6.030664920806885,10192,Shrek Forever After,1959
Adventure,6.03013801574707,32657,Percy Jackson & the Olympians: The Lightning Thief,2010
Adventure,6.029415130615234,36355,Flipper,84
Adventure,6.028271675109863,1734,The Mummy Returns,2206
Adventure,6.0281267166137695,11212,Baby's Day Out,274
Adventure,6.027810573577881,10413,Nowhere to Run,119
Adventure,6.027642726898193,810,Shrek the Third,2278
Adventure,6.025927543640137,1497,Teenage Mutant Ninja Turtles II: The Secret of the Ooze,286
Adventure,6.023586750030518,698,Moonraker,541
Adventure,6.023586750030518,709,Licence to Kill,541
Adventure,6.023504257202148,9285,Road Trip,542
Adventure,6.023148536682129,9266,Blue Crush,159
Adventure,6.023042678833008,227707,The Adventurer: The Curse of the Midas Box,73
Adventure,6.023032188415527,27578,The Expendables,2926
Adventure,6.021968841552734,608,Men in Black II,3114
Adventure,6.021840572357178,8373,Transformers: Revenge of the Fallen,3138
Adventure,6.020376682281494,9620,Paycheck,581
Adventure,6.0199151039123535,17134,12 Rounds,220
Adventure,6.0181965827941895,10724,Firefox,139
Adventure,6.017358303070068,18885,3 Ninjas Kick Back,48
Adventure,6.01686954498291,36670,Never Say Never Again,338
Adventure,6.011976718902588,9824,Mystery Men,250
Adventure,6.011048316955566,208763,Forbidden Kingdom,71
Adventure,6.01038122177124,11228,Daylight,378
Adventure,6.0095977783203125,9610,Conan the Destroyer,383
Adventure,6.008599758148193,9355,Mad Max Beyond Thunderdome,748
Adventure,6.008188724517822,10861,Maximum Risk,101
Adventure,6.0078253746032715,8854,Steel,48
Adventure,6.006138801574707,37498,Knock Off,64
Adventure,6.006089210510254,8850,The Shadow,138
Adventure,6.005764484405518,5689,The Blue Lagoon,408
Adventure,6.005681037902832,20483,Catch That Kid,76
Adventure,6.005408763885498,11866,Flight of the Phoenix,276
Adventure,6.002797603607178,258509,Alvin and the Chipmunks: The Road Chip,428
Adventure,6.001985549926758,238603,Earth to Echo,290
Adventure,6.001826763153076,280391,Why I Did (Not) Eat My Father,125
Adventure,6.000097274780273,1656,The Legend of Zorro,893
Adventure,5.998503684997559,11968,Into the Blue,458
Adventure,5.997546195983887,12589,Jimmy Neutron: Boy Genius,231
Adventure,5.996905326843262,266647,Pan,954
Adventure,5.995018005371094,9804,Waterworld,992
Adventure,5.993250370025635,45650,The Hole,244
Adventure,5.992161273956299,68179,Escape from Planet Earth,332
Adventure,5.9919657707214355,15028,Clockstoppers,89
Adventure,5.991347312927246,50321,Mars Needs Moms,199
Adventure,5.986401557922363,11459,Sky High,550
Adventure,5.985244274139404,14873,The Jungle Book 2,269
Adventure,5.984505653381348,77951,Walking With Dinosaurs,133
Adventure,5.981129169464111,64686,47 Ronin,1326
Adventure,5.976905822753906,2135,The Time Machine,631
Adventure,5.975820064544678,13811,Knowing,1486
Adventure,5.9745683670043945,10136,The Golden Child,304
Adventure,5.973755359649658,10956,Joe Dirt,242
Adventure,5.973388671875,46529,I Am Number Four,1567
Adventure,5.971939563751221,9619,Dante's Peak,428
Adventure,5.971108436584473,76285,Percy Jackson: Sea of Monsters,1648
Adventure,5.970767974853516,7364,Sahara,434
Adventure,5.970395565032959,4723,Southland Tales,153
Adventure,5.969799518585205,5137,Sky Captain and the World of Tomorrow,439
Adventure,5.967628002166748,228165,The SpongeBob Movie: Sponge Out of Water,719
Adventure,5.967215538024902,8247,Jumper,1799
Adventure,5.9671244621276855,9208,Broken Arrow,453
Adventure,5.967013359069824,10488,Nim's Island,330
Adventure,5.966444492340088,6068,Six Days Seven Nights,332
Adventure,5.965017318725586,11888,Snow Dogs,185
Adventure,5.964211940765381,955,Mission: Impossible II,1928
Adventure,5.9632697105407715,18360,Night at the Museum: Battle of the Smithsonian,1971
Adventure,5.963230133056641,14324,Virgin Territory,75
Adventure,5.962691783905029,262504,Allegiant,1998
Adventure,5.961737632751465,9625,The Glimmer Man,100
Adventure,5.960134983062744,3132,Bad Company,228
Adventure,5.959140300750732,10077,A Sound of Thunder,111
Adventure,5.958418369293213,23685,Monkeybone,78
Adventure,5.956691265106201,57201,The Lone Ranger,2311
Adventure,5.956636905670166,13888,Return to the Blue Lagoon,153
Adventure,5.955165386199951,10061,Escape from L.A.,373
Adventure,5.954367160797119,172,Star Trek V: The Final Frontier,376
Adventure,5.9534592628479,146631,U.F.O.,47
Adventure,5.951571464538574,83770,On the Road,301
Adventure,5.950855731964111,9396,Crocodile Dundee II,303
Adventure,5.9490766525268555,479,Shaft,308
Adventure,5.949001789093018,9683,Bubble Boy,163
Adventure,5.9485764503479,10762,Without a Paddle,214
Adventure,5.946347713470459,308531,Teenage Mutant Ninja Turtles: Out of the Shadows,963
Adventure,5.945211410522461,227783,The Nut Job,319
Adventure,5.941433429718018,9292,Hudson Hawk,269
Adventure,5.941417694091797,72545,Journey 2: The Mysterious Island,1030
Adventure,5.940877437591553,559,Spider-Man 3,3576
Adventure,5.937142848968506,36669,Die Another Day,1092
Adventure,5.937065124511719,37931,MacGruber,179
Adventure,5.935332775115967,24418,Cirque du Freak: The Vampire's Assistant,348
Adventure,5.934916973114014,6116,Spice World,123
Adventure,5.934473991394043,8975,The Marine,163
Adventure,5.933403491973877,1499,Teenage Mutant Ninja Turtles III,184
Adventure,5.93240213394165,20856,Aliens in the Attic,244
Adventure,5.931982040405273,11375,Hollywood Homicide,166
Adventure,5.9312567710876465,10204,Around the World in 80 Days,672
Adventure,5.929419040679932,9906,The Ant Bully,366
Adventure,5.9292192459106445,14623,Thunderbirds,91
Adventure,5.928732395172119,1370,Rambo III,690
Adventure,5.928579330444336,10550,Ballistic: Ecks vs. Sever,97
Adventure,5.9266157150268555,41515,Yogi Bear,220
Adventure,5.926000118255615,11637,Are We There Yet?,221
Adventure,5.924350261688232,2268,The Golden Compass,1303
Adventure,5.924021244049072,88751,Journey to the Center of the Earth,1309
Adventure,5.922024250030518,297761,Suicide Squad,7458
Adventure,5.921136856079102,35791,Resident Evil: Afterlife,1363
Adventure,5.920657634735107,9562,Timeline,318
Adventure,5.920482158660889,9042,The Cave,202
Adventure,5.920255661010742,9826,The Phantom,136
Adventure,5.918035984039307,7451,xXx,1424
Adventure,5.917503356933594,62206,30 Minutes or Less,531
Adventure,5.917487621307373,14175,Valiant,235
Adventure,5.91580057144165,27022,The Sorcerer's Apprentice,1470
Adventure,5.912781715393066,9978,Stormbreaker,213
Adventure,5.912263870239258,16866,Planet 51,556
Adventure,5.910879611968994,17711,The Adventures of Rocky & Bullwinkle,87
Adventure,5.909212589263916,9290,Crocodile Dundee in Los Angeles,146
Adventure,5.900755882263184,9053,DOA: Dead or Alive,205
Adventure,5.899982929229736,9626,Red Sonja,206
Adventure,5.8992109298706055,9703,The Last Legion,207
Adventure,5.897622108459473,8427,I Spy,269
Adventure,5.896222114562988,17130,Crossroads,158
Adventure,5.8946075439453125,10329,Congo,213
Adventure,5.894387245178223,11199,Wild Hogs,648
Adventure,5.894010543823242,49013,Cars 2,2033
Adventure,5.888238430023193,11237,Anacondas: The Hunt for the Blood Orchid,199
Adventure,5.8875885009765625,13836,Race to Witch Mountain,509
Adventure,5.886992931365967,9954,The Covenant,288
Adventure,5.886282444000244,24021,The Twilight Saga: Eclipse,2301
Adventure,5.879777431488037,14405,Beverly Hills Chihuahua,209
Adventure,5.878242015838623,98566,Teenage Mutant Ninja Turtles,2636
Adventure,5.877753257751465,9447,Babe: Pig in the City,305
Adventure,5.877079963684082,5559,Bee Movie,1171
Adventure,5.873898983001709,8676,Fool's Gold,444
Adventure,5.8705925941467285,36648,Blade: Trinity,1252
Adventure,5.869383335113525,91314,Transformers: Age of Extinction,3095
Adventure,5.868991851806641,58595,Snow White and the Huntsman,3118
Adventure,5.868988513946533,503,Poseidon,583
Adventure,5.867746353149414,18162,Land of the Lost,381
Adventure,5.8662238121032715,4442,The Brothers Grimm,818
Adventure,5.865793228149414,274854,The Last Witch Hunter,1316
Adventure,5.864510536193848,11469,Black Knight,287
Adventure,5.863940238952637,15268,Street Fighter: The Legend of Chun-Li,112
Adventure,5.86223030090332,8966,Twilight,3561
Adventure,5.861280918121338,87101,Terminator Genisys,3631
Adventure,5.856962203979492,10603,George of the Jungle,496
Adventure,5.855709552764893,11024,Scooby-Doo 2: Monsters Unleashed,500
Adventure,5.8512372970581055,52451,The Three Musketeers,924
Adventure,5.850837707519531,1966,Alexander,927
Adventure,5.850766181945801,9341,The Core,516
Adventure,5.847121715545654,6519,The Dukes of Hazzard,316
Adventure,5.825037956237793,9531,Superman III,490
Adventure,5.824235916137695,331,Jurassic Park III,2077
Adventure,5.822951793670654,10996,Stuart Little 2,613
Adventure,5.819701671600342,1995,Lara Croft: Tomb Raider,2192
Adventure,5.816100120544434,2310,Beowulf,841
Adventure,5.815919876098633,4327,Charlie's Angels,1232
Adventure,5.814841270446777,869,Planet of the Apes,1243
Adventure,5.814040660858154,9488,Spy Kids 2: The Island of Lost Dreams,521
Adventure,5.811599254608154,10054,Spy Kids,867
Adventure,5.809637069702148,10336,Spawn,336
Adventure,5.809200763702393,217,Indiana Jones and the Kingdom of the Crystal Skull,2495
Adventure,5.809173583984375,168705,BloodRayne,118
Adventure,5.806654453277588,9381,Babylon A.D.,676
Adventure,5.801590442657471,171424,The Green Inferno,349
Adventure,5.788331031799316,11260,Meet Dave,371
Adventure,5.784023284912109,68728,Oz: The Great and Powerful,3530
Adventure,5.780017375946045,10628,Kangaroo Jack,203
Adventure,5.7792649269104,184315,Hercules,1680
Adventure,5.778381824493408,2157,Lost in Space,388
Adventure,5.774471759796143,62764,Mirror Mirror,1114
Adventure,5.773737907409668,9637,Scooby-Doo,820
Adventure,5.766127109527588,41513,The Smurfs,1179
Adventure,5.764264106750488,147441,Exodus: Gods and Kings,1921
Adventure,5.762906551361084,299687,The 5th Wave,1945
Adventure,5.761958122253418,14869,G.I. Joe: The Rise of Cobra,1962
Adventure,5.76147985458374,395,AVP: Alien vs. Predator,1217
Adventure,5.748454570770264,19585,G-Force,510
Adventure,5.748208045959473,18823,Clash of the Titans,2233
Adventure,5.747976303100586,223702,Sausage Party,2238
Adventure,5.747366428375244,209112,Batman v Superman: Dawn of Justice,7004
Adventure,5.74296760559082,86834,Noah,2350
Adventure,5.739368915557861,1996,Lara Croft Tomb Raider: The Cradle of Life,1418
Adventure,5.739346027374268,18239,The Twilight Saga: New Moon,2436
Adventure,5.738067150115967,57165,Wrath of the Titans,1431
Adventure,5.737732887268066,9334,The Scorpion King,779
Adventure,5.734630107879639,11451,Herbie Fully Loaded,542
Adventure,5.733202934265137,2395,Asterix at the Olympic Games,471
Adventure,5.730129241943359,210860,Mortdecai,1055
Adventure,5.722377777099609,14199,The Adventures of Sharkboy and Lavagirl,269
Adventure,5.715874671936035,2312,In the Name of the King: A Dungeon Siege Tale,224
Adventure,5.690371990203857,14560,Paul Blart: Mall Cop,788
Adventure,5.68554162979126,9607,Super Mario Bros.,232
Adventure,5.685154438018799,44833,Battleship,2114
Adventure,5.681848049163818,1452,Superman Returns,1400
Adventure,5.6807026863098145,14161,2012,4903
Adventure,5.668673515319824,8814,Doom,609
Adventure,5.6678900718688965,258489,The Legend of Tarzan,2430
Adventure,5.657383918762207,9471,Charlie's Angels: Full Throttle,914
Adventure,5.647119045257568,68737,Seventh Son,957
Adventure,5.646734714508057,332,Inspector Gadget,318
Adventure,5.636455535888672,5550,RoboCop 3,305
Adventure,5.608965873718262,12279,Spy Kids 3-D: Game Over,511
Adventure,5.602265357971191,580,Jaws: The Revenge,224
Adventure,5.596930503845215,11411,Superman IV: The Quest for Peace,318
Adventure,5.588769435882568,11667,Street Fighter,325
Adventure,5.587395668029785,1979,Fantastic 4: Rise of the Silver Surfer,2589
Adventure,5.586061000823975,11679,xXx: State of the Union,549
Adventure,5.5848517417907715,76649,Pompeii,1267
Adventure,5.581344127655029,8487,Wild Wild West,1020
Adventure,5.566887378692627,72559,G.I. Joe: Retaliation,3025
Adventure,5.565664291381836,17610,Year One,524
Adventure,5.565166473388672,1735,The Mummy: Tomb of the Dragon Emperor,1387
Adventure,5.551612377166748,9360,Anaconda,610
Adventure,5.494174480438232,2486,Eragon,967
Adventure,5.488391399383545,188207,The Legend of Hercules,533
Adventure,5.472275733947754,1639,Speed 2: Cruise Control,434
Adventure,5.443546772003174,10214,Son of the Mask,338
Adventure,5.4298577308654785,76757,Jupiter Ascending,2768
Adventure,5.376430511474609,44912,Green Lantern,2487
Adventure,5.359283924102783,9760,Epic Movie,326
Adventure,5.333260536193848,10196,The Last Airbender,1151
Adventure,5.300337791442871,82700,After Earth,2532
Adventure,5.231704235076904,47933,Independence Day: Resurgence,2491
Adventure,5.055088043212891,14164,Dragonball Evolution,462
Adventure,4.9016618728637695,166424,Fantastic Four,2278
Western,7.651987552642822,68718,Django Unchained,10099
Western,7.5114922523498535,429,"The Good, the Bad and the Ugly",2311
Western,7.323883056640625,273248,The Hateful Eight,4274
Western,7.177901268005371,335,Once Upon a Time in the West,1128
Western,7.142662048339844,281957,The Revenant,6396
Western,6.956360816955566,33,Unforgiven,1113
Western,6.8793416023254395,581,Dances with Wolves,1046
Western,6.815569877624512,391,A Fistful of Dollars,883
Western,6.795995235443115,44264,True Grit,1668
Western,6.699933052062988,9023,Spirit: Stallion of the Cimarron,831
Western,6.621181011199951,642,Butch Cassidy and the Sundance Kid,650
Western,6.6093878746032715,11969,Tombstone,626
Western,6.539673805236816,5176,3:10 to Yuma,1188
Western,6.52313756942749,11072,Blazing Saddles,609
Western,6.498835563659668,4512,The Assassination of Jesse James by the Coward Robert Ford,776
Western,6.482505798339844,288,High Noon,334
Western,6.438564777374268,44896,Rango,2051
Western,6.413694381713867,576,The Wild Bunch,259
Western,6.386968612670898,11901,High Plains Drifter,278
Western,6.376209259033203,11697,The Man Who Shot Liberty Valance,265
Western,6.287862300872803,2055,Open Range,262
Western,6.281388282775879,8879,Pale Rider,251
Western,6.279762268066406,16608,The Proposition,218
Western,6.261961936950684,15067,"The Good, The Bad, The Weird",193
Western,6.234577655792236,8053,The Three Burials of Melquiades Estrada,177
Western,6.23354434967041,223485,Slow West,367
Western,6.226316928863525,11509,Silverado,146
Western,6.200723171234131,11967,Young Guns,258
Western,6.196709156036377,10212,Ravenous,141
Western,6.194581031799316,2023,Hidalgo,318
Western,6.194509029388428,4929,Hang 'em High,192
Western,6.188357353210449,3089,Red River,82
Western,6.183882713317871,24748,Hud,66
Western,6.164065361022949,12160,Wyatt Earp,202
Western,6.163554668426514,11577,Pat Garrett & Billy the Kid,65
Western,6.158323764801025,264656,The Homesman,258
Western,6.156984329223633,12106,The Quick and the Dead,427
Western,6.153509616851807,13909,She Wore a Yellow Ribbon,61
Western,6.14243221282959,12690,Appaloosa,299
Western,6.139598369598389,8584,Shanghai Noon,735
Western,6.138200283050537,9588,Quigley Down Under,119
Western,6.130993843078613,23330,The Ballad of Cable Hogue,47
Western,6.129147052764893,68818,Blackthorn,73
Western,6.123532772064209,57120,Meek's Cutoff,77
Western,6.120367050170898,25209,Annie Get Your Gun,22
Western,6.119558334350586,24266,The Man from Snowy River,37
Western,6.118977069854736,46528,The Warrior's Way,136
Western,6.118414402008057,14729,The Long Riders,50
Western,6.117936611175537,22267,Ride with the Devil,49
Western,6.109941005706787,10935,Heaven's Gate,55
Western,6.10991907119751,43090,Gunless,27
Western,6.099979400634766,69848,One Man's Hero,2
Western,6.09988260269165,20391,Paint Your Wagon,63
Western,6.097372055053711,29715,Major Dundee,38
Western,6.097269058227539,32275,Duel in the Sun,37
Western,6.093305587768555,69382,The Legend of God's Gun,0
Western,6.093305587768555,218500,The Ballad of Gregorio Cortez,0
Western,6.093305587768555,376010,Western Religion,0
Western,6.0879998207092285,10914,All Hat,1
Western,6.084737300872803,39209,Shalako,12
Western,6.084712982177734,44853,The Claim,17
Western,6.084282875061035,272724,Doc Holliday's Revenge,3
Western,6.080591678619385,39833,Love Me Tender,21
Western,6.079836368560791,13503,Texas Rangers,19
Western,6.076035499572754,21355,All the Pretty Horses,60
Western,6.075364112854004,14877,September Dawn,16
Western,6.075160503387451,98549,The Legend of Hell's Gate: An American Conspiracy,8
Western,6.071972370147705,13496,American Outlaws,55
Western,6.065358638763428,354110,Forsaken,101
Western,6.064112663269043,10733,The Alamo,106
Western,6.062607765197754,322443,The Timber,15
Western,6.058869361877441,38665,The Legend of the Lone Ranger,14
Western,6.054561614990234,14854,Lone Wolf McQuade,67
Western,6.054197311401367,6038,Shanghai Knights,692
Western,6.035762786865234,80304,Casa De Mi Padre,103
Western,6.022180080413818,1969,Bandidas,307
Western,5.956691265106201,57201,The Lone Ranger,2311
Western,5.934469223022461,174751,Jane Got a Gun,285
Western,5.915895938873291,188161,A Million Ways to Die in the West,1468
Western,5.749577045440674,347969,The Ridiculous 6,388
Western,5.581344127655029,8487,Wild Wild West,1020
Western,5.577578067779541,20533,Jonah Hex,420
