director,release_year,movie_id,title,weighted_rating
Peyton Reed,2015,102899,Ant-Man,6.87285852432251
Peyton Reed,2008,10201,Yes Man,6.293896198272705
Peyton Reed,2006,9767,The Break-Up,5.864142894744873
Peyton Reed,2000,1588,Bring It On,5.984204292297363
Luis Llosa,1997,9360,Anaconda,5.551612377166748
Luis Llosa,1994,2636,The Specialist,5.9473114013671875
Phil Claydon,2009,18238,Lesbian Vampire Killers,6.002474784851074
Andy Fickman,2015,256961,Paul Blart: Mall Cop 2,5.687077522277832
Andy Fickman,2012,88042,Parental Guidance,6.022651672363281
Andy Fickman,2010,38303,You Again,6.06743049621582
Andy Fickman,2009,13836,Race to Witch Mountain,5.8875885009765625
Andy Fickman,2007,13680,The Game Plan,6.064513206481934
Andy Fickman,2006,9655,She's the Man,6.219558238983154
Adrian Lyne,2002,2251,Unfaithful,6.139497756958008
Adrian Lyne,1987,10998,Fatal Attraction,6.211264133453369
Adrian Lyne,1986,10068,Nine 1/2 Weeks,6.047605514526367
Adrian Lyne,1983,535,Flashdance,6.094908714294434
James Wong,2009,14164,Dragonball Evolution,5.055088043212891
James Wong,2006,9286,Final Destination 3,5.945514678955078
James Wong,2001,10796,The One,5.970186233520508
James Wong,2000,9532,Final Destination,6.274146556854248
Sidney Lumet,2006,9950,Find Me Guilty,6.144466876983643
Sidney Lumet,1997,61337,Critical Care,6.093367576599121
Sidney Lumet,1982,24226,The Verdict,6.2503485679626465
Sidney Lumet,1978,24961,The Wiz,6.082281112670898
Sidney Lumet,1976,10774,Network,6.550134181976318
Sidney Lumet,1957,389,12 Angry Men,7.534764766693115
Ben Garant,2007,10090,Reno 911!: Miami,6.0588555335998535
Seth Gordon,2013,109431,Identity Thief,5.781674385070801
Seth Gordon,2011,51540,Horrible Bosses,6.379474639892578
Seth Gordon,2008,12193,Four Christmases,5.88975191116333
Marius Markevicius,2012,84318,The Other Dream Team,6.099151134490967
Sam Mendes,2015,206647,Spectre,6.263461589813232
Sam Mendes,2012,37724,Skyfall,6.809655666351318
Sam Mendes,2009,19255,Away We Go,6.193188190460205
Sam Mendes,2008,4148,Revolutionary Road,6.368478775024414
Sam Mendes,2005,25,Jarhead,6.318143844604492
Sam Mendes,2002,4147,Road to Perdition,6.731620788574219
Sam Mendes,1999,14,American Beauty,7.494424343109131
Marilyn Agrelo,2005,14358,Mad Hot Ballroom,6.102461338043213
Juraj Jakubisko,2008,15208,Bathory: Countess of Blood,6.0778584480285645
Jerry Zucker,2001,9896,Rat Race,6.060582160949707
Jerry Zucker,1995,6520,First Knight,6.045968532562256
Jerry Zucker,1990,251,Ghost,6.563350677490234
Jerry Zucker,1980,813,Airplane!,6.625125408172607
Eldar Rapaport,2011,86549,August,6.094948768615723
John Guillermin,1984,24264,Sheena,6.068787097930908
Dan Zukovic,1998,55180,The Last Big Thing,6.093014717102051
Herb Freed,1981,27420,Graduation Day,6.068787097930908
Damien Dante Wayans,2009,21724,Dance Flick,5.997262001037598
Dean DeBlois,2014,82702,How to Train Your Dragon 2,7.244545936584473
John Cameron Mitchell,2010,27585,Rabbit Hole,6.211726188659668
John Cameron Mitchell,2006,1378,Shortbus,6.119636058807373
John Cameron Mitchell,2001,13403,Hedwig and the Angry Inch,6.193917274475098
Robert Towne,1998,22256,Without Limits,6.095378398895264
Louis Leterrier,2013,75656,Now You See Me,7.120474815368652
Louis Leterrier,2010,18823,Clash of the Titans,5.748208045959473
Louis Leterrier,2008,1724,The Incredible Hulk,6.098386764526367
Louis Leterrier,2005,9335,Transporter 2,6.149346351623535
Louis Leterrier,2005,10027,Unleashed,6.2710089683532715
Louis Leterrier,2002,4108,The Transporter,6.416703224182129
Doug McHenry,1991,16096,House Party 2,6.063448905944824
Jay Levey,1989,11959,UHF,6.1448283195495605
Soi Cheang,2016,381902,The Monkey King 2,6.09102725982666
Gia Coppola,2014,192132,Palo Alto,6.1749653816223145
Martin Ritt,1970,42345,The Molly Maguires,6.090133190155029
Martin Ritt,1963,24748,Hud,6.183882713317871
Ken Loach,2006,1116,The Wind That Shakes the Barley,6.232596397399902
Todd Phillips,2011,45243,The Hangover Part II,6.178220748901367
Todd Phillips,2010,41733,Due Date,6.161301136016846
Todd Phillips,2009,18785,The Hangover,7.051188945770264
Todd Phillips,2006,9842,School for Scoundrels,6.042130947113037
Todd Phillips,2004,9384,Starsky & Hutch,5.8951215744018555
Todd Phillips,2003,11635,Old School,6.276053428649902
Todd Phillips,2000,9285,Road Trip,6.023504257202148
Michael Haneke,2012,86837,Amour,6.507343769073486
Michael Haneke,2009,37903,The White Ribbon,6.325766086578369
Michael Haneke,2007,8461,Funny Games,6.1682047843933105
Eric Bugbee,2015,354624,Heroes of Dirt,6.093305587768555
Tom McLoughlin,1986,10225,Friday the 13th Part VI: Jason Lives,6.0210041999816895
Camille Delamarre,2015,287948,The Transporter Refueled,5.764348030090332
Camille Delamarre,2014,254473,Brick Mansions,5.939631462097168
Dan O'Bannon,1985,10925,The Return of the Living Dead,6.356101036071777
John Whitesell,2011,38322,"Big Mommas: Like Father, Like Son",5.898097515106201
John Whitesell,2006,9969,Deck the Halls,5.991929054260254
John Whitesell,2006,11565,Big Momma's House 2,5.899909973144531
John Whitesell,2003,13411,Malibu's Most Wanted,5.989748954772949
John Whitesell,2001,39180,See Spot Run,6.036570072174072
John Michael McDonagh,2011,67913,The Guard,6.29081916809082
Gary Sherman,1988,10306,Poltergeist III,5.912181377410889
Kenneth Lonergan,2011,44754,Margaret,6.093856334686279
Kenneth Lonergan,2000,14295,You Can Count on Me,6.152702808380127
Mark Waters,2011,58224,Mr. Popper's Penguins,5.9205732345581055
Mark Waters,2008,8204,The Spiderwick Chronicles,6.170528888702393
Mark Waters,2005,9007,Just Like Heaven,6.246410846710205
Mark Waters,2004,10625,Mean Girls,6.664068222045898
Mark Waters,2003,10330,Freaky Friday,6.048683166503906
Mark Waters,2001,24940,Head Over Heels,6.037189960479736
Tom Dey,2010,38579,Marmaduke,5.946281433105469
Tom Dey,2006,6877,Failure to Launch,5.9189839363098145
Tom Dey,2000,8584,Shanghai Noon,6.139598369598389
Maggie Carey,2013,129139,The To Do List,5.93734073638916
Kim Jee-woon,2013,76640,The Last Stand,5.869519233703613
Kim Jee-woon,2008,15067,"The Good, The Bad, The Weird",6.261961936950684
Rania Attieh,2014,289180,H.,6.094995021820068
Martin Brest,2003,8046,Gigli,5.83958625793457
Martin Brest,1998,297,Meet Joe Black,6.53265905380249
Martin Brest,1988,9013,Midnight Run,6.313350200653076
Martin Brest,1984,90,Beverly Hills Cop,6.447021007537842
Charles Matthau,2012,168027,Freaky Deaky,6.071320533752441
Jonathan Dayton,2006,773,Little Miss Sunshine,6.989973545074463
Peter MacDonald,1988,1370,Rambo III,5.928732395172119
Keenen Ivory Wayans,2006,9072,Little Man,5.923590183258057
Keenen Ivory Wayans,2004,12153,White Chicks,6.178986549377441
Keenen Ivory Wayans,2001,4248,Scary Movie 2,5.742545127868652
Keenen Ivory Wayans,1994,26352,A Low Down Dirty Shame,6.090384006500244
Mitchell Altieri,2016,386826,A Beginner's Guide to Snuff,6.093305587768555
Scandar Copti,2009,24424,Ajami,6.112657070159912
Robert Altman,2006,9526,A Prairie Home Companion,6.117192268371582
Robert Altman,2001,5279,Gosford Park,6.237576961517334
Robert Altman,1996,22479,Kansas City,6.093388080596924
Philip Saville,2003,30973,The Visual Bible: The Gospel of John,6.119340896606445
Dan Ireland,1999,133575,The Velocity of Gary,6.0834856033325195
Drew Goddard,2012,22970,The Cabin in the Woods,6.378951072692871
Mark A.Z. Dippé,1997,10336,Spawn,5.809637069702148
Mark Brown,2005,51820,The Salon,6.090604305267334
Mark Brown,2001,25462,Two Can Play That Game,6.102131366729736
Jackie Chan,2011,76349,1911,6.048480033874512
Tuck Tucker,2002,17710,Hey Arnold! The Movie,6.063349723815918
Kevin Lima,2007,4523,Enchanted,6.398205757141113
Kevin Lima,2000,10481,102 Dalmatians,5.848883628845215
Cédric Klapisch,2002,1555,The Spanish Apartment,6.290187835693359
Cédric Klapisch,1996,11956,When the Cat's Away,6.093415260314941
Robert B. Weide,2008,13092,How to Lose Friends & Alienate People,6.114945888519287
Kevin Sullivan,1985,17663,Anne of Green Gables,6.232794761657715
Heidi Ewing,2010,43942,Freakonomics,6.111638069152832
Donald Petrie,2009,23049,My Life in Ruins,6.04630184173584
Donald Petrie,2006,10025,Just My Luck,5.993986129760742
Donald Petrie,2004,16784,Welcome to Mooseport,6.024363040924072
Donald Petrie,2003,9919,How to Lose a Guy in 10 Days,6.190425872802734
Donald Petrie,2000,1493,Miss Congeniality,6.096656322479248
Donald Petrie,1999,9849,My Favorite Martian,6.016823768615723
Donald Petrie,1994,11011,Ri¢hie Ri¢h,5.883901119232178
Donald Petrie,1988,11191,Mystic Pizza,6.071331024169922
Niall Johnson,1998,162396,The Big Swap,6.093305587768555
Mike Marvin,1986,10017,The Wraith,6.073739528656006
Babar Ahmed,2009,40914,Royal Kill,6.072829246520996
Coky Giedroyc,2009,36597,Wuthering Heights,6.123272895812988
David Silverman,2007,35,The Simpsons Movie,6.659968852996826
Valeri Milev,2015,106845,Re-Kill,6.052447319030762
Jim Sheridan,2011,69668,Dream House,6.008355617523193
Jim Sheridan,2009,7445,Brothers,6.37429666519165
Jim Sheridan,2005,10060,Get Rich or Die Tryin',6.126882076263428
Gaspar Noé,2009,34647,Enter the Void,6.411500930786133
Gaspar Noé,2002,979,Irreversible,6.45509672164917
Yoon Je-kyoon,2009,33196,Tidal Wave,6.1126909255981445
Richard Wallace,1947,56930,Tycoon,6.095410346984863
Will Canon,2015,234212,Demonic,5.933766841888428
Liv Ullmann,2014,230266,Miss Julie,6.084641456604004
Peter Yates,1983,849,Krull,6.058529376983643
Dan St. Pierre,2013,59981,Legends of Oz: Dorothy's Return,6.085010051727295
Cedric Nicolas-Troyan,2016,290595,The Huntsman: Winter's War,6.0360517501831055
Theodore Witcher,1997,27322,Love Jones,6.118104934692383
John Frankenheimer,2000,2155,Reindeer Games,5.987349987030029
John Frankenheimer,1998,8195,Ronin,6.340185642242432
John Frankenheimer,1996,9306,The Island of Dr. Moreau,5.8948283195495605
John Frankenheimer,1979,31915,Prophecy,6.075691223144531
John Frankenheimer,1964,3482,The Train,6.170591831207275
Jason Miller,2014,268917,The Past Is a Grotesque Animal,6.092070579528809
Max Färberböck,1999,2211,Aimee & Jaguar,6.097527980804443
Andrew Bergman,2000,75531,Isn't She Great,6.071819305419922
Andrew Bergman,1996,9879,Striptease,5.795085906982422
Ariel Vromen,2016,302156,Criminal,5.9487996101379395
Ariel Vromen,2012,68812,The Iceman,6.177855014801025
Allison Burnett,2014,271185,Ask Me Anything,6.010754108428955
Martha Coolidge,2004,11137,The Prince & Me,6.049862384796143
George Sidney,1951,17820,Show Boat,6.10816764831543
George Sidney,1950,25209,Annie Get Your Gun,6.120367050170898
George Sidney,1944,43546,Bathing Beauty,6.097071647644043
Ari Folman,2008,8885,Waltz with Bashir,6.490623950958252
Max Mayer,2009,22051,Adam,6.20241641998291
Wallace Wolodarsky,2002,6020,Sorority Boys,6.023538589477539
Tadeo Garcia,2004,182291,On The Downlow,6.093111515045166
Christopher Leitch,1987,15582,Teen Wolf Too,5.988338470458984
Joshua Michael Stern,2008,10187,Swing Vote,6.074687480926514
Bryan Singer,2016,246655,X-Men: Apocalypse,6.3482184410095215
Bryan Singer,2014,127585,X-Men: Days of Future Past,7.307034969329834
Bryan Singer,2013,81005,Jack the Giant Slayer,5.659960746765137
Bryan Singer,2008,2253,Valkyrie,6.427101135253906
Bryan Singer,2006,1452,Superman Returns,5.681848049163818
Bryan Singer,2003,36658,X2,6.648214817047119
Bryan Singer,2000,36657,X-Men,6.665957450866699
Bryan Singer,1995,629,The Usual Suspects,7.643218517303467
Jeff Franklin,1999,15122,Love Stinks,6.085443496704102
Benh Zeitlin,2012,84175,Beasts of the Southern Wild,6.302408218383789
Valerie Red-Horse,1999,302579,Naturally Native,6.093305587768555
Franklin J. Schaffner,1981,47890,Sphinx,6.093111515045166
Franklin J. Schaffner,1978,16241,The Boys from Brazil,6.141584873199463
Franklin J. Schaffner,1970,11202,Patton,6.397332191467285
Etan Cohen,2015,257091,Get Hard,5.997414588928223
John Fortenberry,1998,9429,A Night at the Roxbury,6.060224533081055
Darren Grant,2005,16186,Diary of a Mad Black Woman,6.114446640014648
James Watkins,2012,65086,The Woman in Black,6.097034454345703
James Watkins,2008,13510,Eden Lake,6.273758411407471
Chris Columbus,2015,257344,Pixels,5.736255645751953
Chris Columbus,2010,32657,Percy Jackson & the Olympians: The Lightning Thief,6.03013801574707
Chris Columbus,2009,19840,"I Love You, Beth Cooper",5.9240312576293945
Chris Columbus,2005,1833,Rent,6.177720069885254
Chris Columbus,2002,672,Harry Potter and the Chamber of Secrets,7.215010166168213
Chris Columbus,2001,671,Harry Potter and the Philosopher's Stone,7.330631732940674
Chris Columbus,1999,2277,Bicentennial Man,6.49749231338501
Chris Columbus,1998,9441,Stepmom,6.2740936279296875
Chris Columbus,1993,788,Mrs. Doubtfire,6.6590118408203125
Chris Columbus,1992,772,Home Alone 2: Lost in New York,6.24090051651001
Chris Columbus,1990,771,Home Alone,6.813779830932617
Walt Becker,2015,258509,Alvin and the Chipmunks: The Road Chip,6.002797603607178
Walt Becker,2009,22949,Old Dogs,5.932831287384033
Walt Becker,2007,11199,Wild Hogs,5.894387245178223
Walt Becker,2002,11452,National Lampoon’s Van Wilder,6.002025127410889
Lena Dunham,2010,47607,Tiny Furniture,6.0647149085998535
Joe Berlinger,2000,11531,Book of Shadows: Blair Witch 2,5.768641948699951
Walter Hill,2013,70074,Bullet to the Head,5.79491662979126
Walter Hill,2002,15070,Undisputed,6.094152927398682
Walter Hill,2000,10384,Supernova,5.971517086029053
Walter Hill,1980,14729,The Long Riders,6.118414402008057
Lloyd Kaufman,2006,17287,Poultrygeist: Night of the Chicken Dead,6.0853800773620605
Lloyd Kaufman,1989,28165,The Toxic Avenger Part II,6.062304496765137
Lloyd Kaufman,1984,15239,The Toxic Avenger,6.115093231201172
Dan Curtis,1998,57943,The Love Letter,6.088960647583008
Lance Hool,1999,69848,One Man's Hero,6.099979400634766
Andrew Erwin,2011,83860,October Baby,6.118189334869385
Fred Schepisi,2001,14778,Last Orders,6.091213226318359
Brian De Palma,2007,11600,Redacted,6.097269058227539
Brian De Palma,2006,9676,The Black Dahlia,6.002712726593018
Brian De Palma,2002,9280,Femme Fatale,6.1070661544799805
Brian De Palma,2000,2067,Mission to Mars,5.984021186828613
Brian De Palma,1998,8688,Snake Eyes,6.0187249183654785
Brian De Palma,1996,954,Mission: Impossible,6.537933349609375
Brian De Palma,1992,13937,Raising Cain,6.081035137176514
Brian De Palma,1987,117,The Untouchables,6.983303546905518
Brian De Palma,1984,11507,Body Double,6.1316423416137695
Brian De Palma,1983,111,Scarface,7.531988620758057
Brian De Palma,1981,11644,Blow Out,6.331614971160889
Brian De Palma,1980,11033,Dressed to Kill,6.192724227905273
Chris Buck,2013,109445,Frozen,7.114963054656982
John Laing,2015,356987,Abandoned,6.085273742675781
Nathan Frankowski,2015,75861,To Write Love on Her Arms,6.126322269439697
Gene Teigland,2007,181940,Carousel of Revenge,6.093305587768555
Terry George,2004,205,Hotel Rwanda,6.730011463165283
Steve Carver,1983,14854,Lone Wolf McQuade,6.054561614990234
Shona Auerbach,2004,8981,Dear Frankie,6.134806156158447
John Landis,1994,306,Beverly Hills Cop III,5.908456802368164
John Landis,1983,1621,Trading Places,6.531102180480957
John Landis,1980,525,The Blues Brothers,6.8334879875183105
John Landis,1978,8469,Animal House,6.368540287017822
John Landis,1977,11598,The Kentucky Fried Movie,6.113053798675537
Ulu Grosbard,1999,30943,The Deep End of the Ocean,6.083001136779785
Rob Reiner,2014,253235,And So It Goes,6.035868167877197
Rob Reiner,2010,43949,Flipped,6.489963531494141
Rob Reiner,2007,7350,The Bucket List,6.579942226409912
Rob Reiner,2003,17813,Alex & Emma,6.020915508270264
Rob Reiner,1999,12220,The Story of Us,6.079284191131592
Rob Reiner,1996,31908,Ghosts of Mississippi,6.0975775718688965
Rob Reiner,1995,9087,The American President,6.162027835845947
Rob Reiner,1992,881,A Few Good Men,6.574172019958496
Rob Reiner,1989,639,When Harry Met Sally...,6.693808078765869
Rob Reiner,1987,2493,The Princess Bride,7.009030818939209
Rob Reiner,1986,235,Stand by Me,7.140298366546631
Thomas L. Phillips,2012,286939,Sanctuary: Quite a Conundrum,6.093305587768555
Douglas McGrath,2011,70868,I Don't Know How She Does It,5.9531636238098145
Douglas McGrath,2006,9672,Infamous,6.111363887786865
Douglas McGrath,2002,29339,Nicholas Nickleby,6.127658843994141
Jesse Dylan,2005,9981,Kicking & Screaming,6.016810417175293
Jesse Dylan,2003,8273,American Wedding,6.042854309082031
Jesse Dylan,2001,8386,How High,6.131588935852051
Nigel Cole,2010,46138,Made in Dagenham,6.138537406921387
Nigel Cole,2005,8976,A Lot Like Love,6.194581031799316
Ira Sachs,2007,8060,Married Life,6.093560695648193
Ira Sachs,2005,30082,Forty Shades of Blue,6.093111515045166
Mike Nichols,2007,6538,Charlie Wilson's War,6.199290752410889
Mike Nichols,2004,2288,Closer,6.371288299560547
Mike Nichols,2000,10416,What Planet Are You From?,6.067550182342529
Mike Nichols,1998,9440,Primary Colors,6.093903064727783
Mike Nichols,1994,10395,Wolf,6.07615327835083
Mike Nichols,1970,10364,Catch-22,6.135673999786377
Billy Bob Thornton,2000,21355,All the Pretty Horses,6.076035499572754
Billy Bob Thornton,1996,12498,Sling Blade,6.346958160400391
David Moreau,2008,9030,The Eye,5.958854675292969
Kevin Costner,2003,2055,Open Range,6.287862300872803
Kevin Costner,1997,9922,The Postman,6.0948967933654785
Kevin Costner,1990,581,Dances with Wolves,6.8793416023254395
McG,2014,192102,3 Days to Kill,6.048577785491943
McG,2012,59962,This Means War,5.978952407836914
McG,2009,534,Terminator Salvation,5.9541730880737305
McG,2006,11170,We Are Marshall,6.191860198974609
McG,2003,9471,Charlie's Angels: Full Throttle,5.657383918762207
McG,2000,4327,Charlie's Angels,5.815919876098633
Michael Schultz,2004,44634,Woman Thou Art Loosed,6.089896202087402
Michael Schultz,1985,13938,The Last Dragon,6.113891124725342
Michael Schultz,1985,29463,Krush Groove,6.103587627410889
Jim Hanon,2005,14120,End of the Spear,6.093408584594727
Paul Verhoeven,2006,9075,Black Book,6.341326713562012
Paul Verhoeven,2000,9383,Hollow Man,5.896974086761475
Paul Verhoeven,1997,563,Starship Troopers,6.469027519226074
Paul Verhoeven,1995,10802,Showgirls,5.84187650680542
Paul Verhoeven,1990,861,Total Recall,6.738284111022949
John H. Lee,2016,407887,Operation Chromite,6.084696292877197
Billy Ray,2015,290751,Secret in Their Eyes,6.120988368988037
Billy Ray,2003,13537,Shattered Glass,6.145869255065918
Jeff Burr,1987,39895,From a Whisper to a Scream,6.104188919067383
Kirk De Micco,2008,11802,Space Chimps,6.009716510772705
Ramaa Mosley,2012,127867,The Brass Teapot,6.051367282867432
Jack Perez,2011,80468,Some Guy Who Kills People,6.075677394866943
Arjun Sablok,2005,46415,Neal 'n' Nikki,6.077549457550049
Mike Mills,2010,55347,Beginners,6.28107213973999
Mike Mills,2005,1546,Thumbsucker,6.093742847442627
Stephen Chbosky,2012,84892,The Perks of Being a Wallflower,7.307634353637695
Richard Loncraine,2006,9754,Firewall,5.985872745513916
Richard Loncraine,2004,11823,Wimbledon,6.071469783782959
Richard Loncraine,1995,31174,Richard III,6.132519721984863
Frank Passingham,2006,24432,Doogal,6.039999961853027
Frank Nissen,2005,13682,Pooh's Heffalump Movie,6.119082927703857
Russell Friedenberg,2016,347755,Wind Walkers,6.102051734924316
Udayan Prasad,2008,22556,The Yellow Handkerchief,6.1090803146362305
Alex Proyas,2016,205584,Gods of Egypt,5.640241622924805
Alex Proyas,2009,13811,Knowing,5.975820064544678
Alex Proyas,2004,2048,"I, Robot",6.577563285827637
Alex Proyas,1998,2666,Dark City,6.606088638305664
Alex Proyas,1994,9495,The Crow,6.694759368896484
David Gordon Green,2015,10317,Our Brand Is Crisis,6.04374361038208
David Gordon Green,2014,157847,Joe,6.199290752410889
David Gordon Green,2011,38319,Your Highness,5.78676700592041
David Gordon Green,2011,57431,The Sitter,5.917819499969482
David Gordon Green,2008,10189,Pineapple Express,6.369378089904785
David Gordon Green,2008,14054,Snow Angels,6.1126909255981445
David Gordon Green,2003,13132,All the Real Girls,6.087441921234131
David Gordon Green,2000,18292,George Washington,6.1044020652771
Vincent Ward,1998,12159,What Dreams May Come,6.358776092529297
Peter Webber,2007,1248,Hannibal Rising,6.055474281311035
Peter Webber,2003,3635,Girl with a Pearl Earring,6.179850101470947
Charles S. Dutton,2004,8842,Against the Ropes,6.04185676574707
Martyn Pick,2010,52010,"Ultramarines: A Warhammer 40,000 Movie",6.068843841552734
Jeremy Saulnier,2016,313922,Green Room,6.345664024353027
Jeremy Saulnier,2014,188166,Blue Ruin,6.355580806732178
Gary McKendry,2011,49021,Killer Elite,6.096118450164795
George P. Cosmatos,1997,38153,Shadow Conspiracy,6.0695672035217285
George P. Cosmatos,1993,11969,Tombstone,6.6093878746032715
George P. Cosmatos,1985,1369,Rambo: First Blood Part II,6.191267013549805
Hideaki Anno,2016,315011,Shin Godzilla,6.146080017089844
Wil Shriner,2006,18276,Hoot,6.0672783851623535
Sam Weisman,2003,13778,Dickie Roberts: Former Child Star,6.031163215637207
Sam Weisman,2001,14034,What's the Worst That Could Happen?,6.029346466064453
Sam Weisman,1999,8970,The Out-of-Towners,6.044302940368652
Sam Weisman,1997,10603,George of the Jungle,5.856962203979492
Bob Clark,2004,31117,Superbabies: Baby Geniuses 2,5.945653915405273
Bob Clark,1999,22345,Baby Geniuses,5.8906965255737305
Bob Clark,1983,850,A Christmas Story,6.438281059265137
Bob Clark,1981,10246,Porky's,6.094378471374512
Anton Corbijn,2014,157849,A Most Wanted Man,6.239986896514893
Anton Corbijn,2010,27579,The American,5.995333194732666
Anton Corbijn,2007,5708,Control,6.336048126220703
Lance Kawas,2010,170480,The Deported,6.093305587768555
Vadim Perelman,2007,13079,The Life Before Her Eyes,6.093868255615234
Vadim Perelman,2003,11093,House of Sand and Fog,6.249119281768799
Timothy Hines,2015,345003,10 Days in a Madhouse,6.084003925323486
Rodrigo Cortés,2012,75638,Red Lights,6.067026138305664
Rodrigo Cortés,2010,26388,Buried,6.32792854309082
Matt Cimber,1982,34697,Butterfly,6.079793930053711
Sean McNamara,2011,43959,Soul Surfer,6.305365085601807
Sean McNamara,2004,14024,Raise Your Voice,6.076478481292725
Kevin Smith,2016,290825,Yoga Hosers,5.959359169006348
Kevin Smith,2014,246403,Tusk,5.818928241729736
Kevin Smith,2011,48572,Red State,6.045395851135254
Kevin Smith,2010,23742,Cop Out,5.817537307739258
Kevin Smith,2008,10358,Zack and Miri Make a Porno,6.0961785316467285
Kevin Smith,2006,2295,Clerks II,6.329904079437256
Kevin Smith,2004,9541,Jersey Girl,6.0190653800964355
Kevin Smith,2001,2294,Jay and Silent Bob Strike Back,6.195608139038086
Kevin Smith,1999,1832,Dogma,6.4196858406066895
Kevin Smith,1997,2255,Chasing Amy,6.2820258140563965
Kevin Smith,1995,2293,Mallrats,6.298357009887695
Kevin Smith,1994,2292,Clerks,6.668891429901123
Ruairi Robinson,2013,190847,The Last Days on Mars,5.87936544418335
Kevin Spacey,2004,6478,Beyond the Sea,6.115365028381348
Kevin Spacey,1996,8744,Albino Alligator,6.071195125579834
Boaz Yakin,2015,272878,Max,6.251238822937012
Boaz Yakin,2012,72387,Safe,6.187246799468994
Boaz Yakin,2000,10637,Remember the Titans,6.696000099182129
Katt Shea,1999,7341,The Rage: Carrie 2,6.02036714553833
Bill Condon,2013,162903,The Fifth Estate,5.9850945472717285
Bill Condon,2012,50620,The Twilight Saga: Breaking Dawn - Part 2,6.098172187805176
Bill Condon,2006,1125,Dreamgirls,6.209074974060059
Bill Condon,2004,11184,Kinsey,6.154201984405518
Bill Condon,1998,3033,Gods and Monsters,6.148345947265625
Joseph Zito,1985,15983,Invasion U.S.A.,6.054741859436035
Joseph Zito,1984,9730,Friday the 13th: The Final Chapter,6.054999828338623
Jaco Booyens,2014,433715,8 Days,6.093305587768555
Louis Morneau,1999,10496,Bats,6.023118495941162
Simon Wells,2011,50321,Mars Needs Moms,5.991347312927246
Simon Wells,2002,2135,The Time Machine,5.976905822753906
Simon Wells,1998,9837,The Prince of Egypt,6.418400764465332
Joey Lauren Adams,2006,7547,Come Early Morning,6.091310501098633
Paul Tibbitt,2015,228165,The SpongeBob Movie: Sponge Out of Water,5.967628002166748
Peter Hewitt,2006,14113,Zoom,5.946051120758057
Peter Hewitt,2004,8920,Garfield,5.681551456451416
Peter Hewitt,1997,9449,The Borrowers,6.057111740112305
Peter Hewitt,1991,1649,Bill & Ted's Bogus Journey,6.046314239501953
Michael McGowan,2004,25248,Saint Ralph,6.122766971588135
Erik Canuel,2006,15049,Bon Cop Bad Cop,6.110369682312012
John Stainton,2002,17043,The Crocodile Hunter: Collision Course,6.066143035888672
Travis Zariwny,2016,298584,Cabin Fever,5.91764497756958
Laurent Tirard,2009,31203,Little Nicholas,6.046545505523682
Laurent Tirard,2007,21494,Moliere,6.120498180389404
Ron Howard,2015,205775,In the Heart of the Sea,6.325494289398193
Ron Howard,2013,96721,Rush,7.223850250244141
Ron Howard,2011,44564,The Dilemma,5.878289699554443
Ron Howard,2009,13448,Angels & Demons,6.3736982345581055
Ron Howard,2008,11499,Frost/Nixon,6.3753533363342285
Ron Howard,2006,591,The Da Vinci Code,6.393524646759033
Ron Howard,2005,921,Cinderella Man,6.5652570724487305
Ron Howard,2001,453,A Beautiful Mind,7.311688423156738
Ron Howard,2000,8871,How the Grinch Stole Christmas,6.15636682510376
Ron Howard,1999,11374,Edtv,6.035271167755127
Ron Howard,1996,3595,Ransom,6.194177627563477
Ron Howard,1995,568,Apollo 13,6.847607612609863
Ron Howard,1984,2619,Splash,6.094984531402588
Spike Lee,2014,278316,Da Sweet Blood of Jesus,6.066646099090576
Spike Lee,2008,12412,Miracle at St. Anna,6.111039161682129
Spike Lee,2006,388,Inside Man,6.853024482727051
Spike Lee,2002,1429,25th Hour,6.531662464141846
Spike Lee,2000,23618,The Original Kings of Comedy,6.0964884757995605
Spike Lee,2000,24664,Bamboozled,6.098351955413818
Spike Lee,1999,10279,Summer of Sam,6.114920616149902
Spike Lee,1998,9469,He Got Game,6.167685031890869
Spike Lee,1996,49471,Get on the Bus,6.103587627410889
Spike Lee,1996,61752,Girl 6,6.086851119995117
Spike Lee,1994,34152,Crooklyn,6.112303256988525
Spike Lee,1992,1883,Malcolm X,6.401414394378662
Spike Lee,1990,41823,Mo' Better Blues,6.102962017059326
Spike Lee,1989,925,Do the Right Thing,6.444987773895264
Spike Lee,1988,36739,School Daze,6.096121788024902
Spike Lee,1986,27995,She's Gotta Have It,6.093475818634033
Ralph Ziman,2008,22600,Gangster's Paradise: Jerusalema,6.104902744293213
James Cameron,2009,19995,Avatar,7.116817951202393
James Cameron,1997,597,Titanic,7.3416829109191895
James Cameron,1994,36955,True Lies,6.473387718200684
James Cameron,1991,280,Terminator 2: Judgment Day,7.400462627410889
James Cameron,1989,2756,The Abyss,6.553638935089111
James Cameron,1986,679,Aliens,7.331294536590576
James Cameron,1984,218,The Terminator,7.072514057159424
Don Coscarelli,2002,9707,Bubba Ho-tep,6.1940693855285645
Don Coscarelli,1988,15158,Phantasm II,6.111756801605225
Don Coscarelli,1982,16441,The Beastmaster,6.084734916687012
Dave Green,2016,308531,Teenage Mutant Ninja Turtles: Out of the Shadows,5.946347713470459
Dave Green,2014,238603,Earth to Echo,6.001985549926758
Andrey Zvyagintsev,2003,11190,The Return,6.2166948318481445
Lukas Moodysson,2002,12093,Lilya 4-ever,6.296702861785889
Bill Duke,2009,14834,Not Easily Broken,6.095227241516113
Lisa Azuelos,2012,80271,LOL,6.0007500648498535
Vincent Paronnaud,2007,2011,Persepolis,6.606444358825684
John McTiernan,2003,10782,Basic,6.1178154945373535
John McTiernan,2002,11535,Rollerball,5.825239658355713
John McTiernan,1999,913,The Thomas Crown Affair,6.225639343261719
John McTiernan,1999,1911,The 13th Warrior,6.199782371520996
John McTiernan,1995,1572,Die Hard: With a Vengeance,6.64425802230835
John McTiernan,1993,9593,Last Action Hero,6.096158027648926
John McTiernan,1992,9096,Medicine Man,6.062143325805664
John McTiernan,1990,1669,The Hunt for Red October,6.646075248718262
John McTiernan,1988,562,Die Hard,7.2250823974609375
John McTiernan,1987,106,Predator,6.92083215713501
Woody Allen,2013,160588,Blue Jasmine,6.577287197113037
Woody Allen,2012,81836,To Rome with Love,5.914339065551758
Woody Allen,2011,59436,Midnight in Paris,6.975069522857666
Woody Allen,2010,38031,You Will Meet a Tall Dark Stranger,6.0324625968933105
Woody Allen,2009,19265,Whatever Works,6.282261371612549
Woody Allen,2008,5038,Vicky Cristina Barcelona,6.406002998352051
Woody Allen,2006,512,Scoop,6.186715126037598
Woody Allen,2005,116,Match Point,6.739331245422363
Woody Allen,2003,10739,Anything Else,6.107653617858887
Woody Allen,2002,9689,Hollywood Ending,6.12563419342041
Woody Allen,2001,2779,The Curse of the Jade Scorpion,6.1530070304870605
Woody Allen,2000,10569,Small Time Crooks,6.1359782218933105
Woody Allen,1998,9466,Celebrity,6.0836262702941895
Woody Allen,1997,2639,Deconstructing Harry,6.2902092933654785
Woody Allen,1996,9716,Everyone Says I Love You,6.147359848022461
Woody Allen,1994,11382,Bullets Over Broadway,6.201542854309082
Woody Allen,1987,30890,Radio Days,6.199337005615234
Woody Allen,1977,703,Annie Hall,6.968755722045898
Woody Allen,1973,11561,Sleeper,6.249766826629639
Woody Allen,1972,11624,Everything You Always Wanted to Know About Sex *But Were Afraid to Ask,6.186098575592041
Woody Allen,1971,11302,Bananas,6.182366371154785
Ferzan Ozpetek,2010,40794,Loose Cannons,6.192646026611328
Stephen Hopkins,2016,323677,Race,6.4281697273254395
Stephen Hopkins,2007,1683,The Reaping,5.971202850341797
Stephen Hopkins,1998,2157,Lost in Space,5.778381824493408
Stephen Hopkins,1996,10586,The Ghost and the Darkness,6.153874397277832
Stephen Hopkins,1990,169,Predator 2,6.009757041931152
Stephen Hopkins,1989,10160,A Nightmare on Elm Street 5: The Dream Child,5.972574710845947
David Hewlett,2007,18632,A Dog's Breakfast,6.08858585357666
Peter M. Cohen,2000,23531,Whipped,6.059360980987549
Olatunde Osunsanmi,2009,22824,The Fourth Kind,6.000914096832275
Peter Landesman,2015,321741,Concussion,6.512053966522217
Robert Fontaine,2015,364083,Mi America,6.093305587768555
Simon Yin,2012,119458,Supercapitalist,6.0879082679748535
Daniel Sackheim,2001,2176,The Glass House,5.973172187805176
Emily Dell,2009,26837,B-Girl,6.089006423950195
Vipul Amrutlal Shah,2007,20360,Namastey London,6.10817813873291
Stig Bergqvist,2000,16340,Rugrats in Paris: The Movie,6.084494590759277
Derick Martini,2015,309919,The Curse of Downers Grove,6.0519633293151855
George Gallo,2003,17995,DysFunktional Family,6.0933332443237305
George Gallo,2001,18828,Double Take,6.078819751739502
Michael Worth,2014,281230,Fort McCoy,6.093735694885254
Anthony Hickox,1993,24126,Warlock: The Armageddon,6.059257984161377
Andy Tennant,2010,27573,The Bounty Hunter,5.813142776489258
Andy Tennant,2008,8676,Fool's Gold,5.873898983001709
Andy Tennant,2005,8488,Hitch,6.287911415100098
Andy Tennant,2002,11529,Sweet Home Alabama,6.066134452819824
Andy Tennant,1999,1439,Anna and the King,6.145570755004883
Andy Tennant,1998,9454,Ever After: A Cinderella Story,6.300942420959473
Jim O'Hanlon,2009,183894,Emma,6.150732040405273
Joel Zwick,2004,15045,Fat Albert,5.97293758392334
Joel Zwick,2002,8346,My Big Fat Greek Wedding,6.1372270584106445
Wes Craven,2011,41446,Scream 4,6.096550464630127
Wes Craven,2010,43931,My Soul to Take,5.974575042724609
Wes Craven,2005,10012,Cursed,5.945985794067383
Wes Craven,2005,11460,Red Eye,6.12763786315918
Wes Craven,2000,4234,Scream 3,5.922524929046631
Wes Craven,1997,4233,Scream 2,6.096431255340576
Wes Craven,1996,4232,Scream,6.642907619476318
Wes Craven,1995,12158,Vampire in Brooklyn,5.928018569946289
Wes Craven,1994,11596,New Nightmare,6.164703845977783
Wes Craven,1984,377,A Nightmare on Elm Street,6.703824043273926
Dany Boon,2008,8265,Welcome to the Sticks,6.3694281578063965
Genndy Tartakovsky,2015,159824,Hotel Transylvania 2,6.4631028175354
Genndy Tartakovsky,2012,76492,Hotel Transylvania,6.607738971710205
Genndy Tartakovsky,2005,333355,Star Wars: Clone Wars: Volume 1,6.145517349243164
Jesse Vaughan,2002,35696,Juwanna Mann,6.054626941680908
Sut Jhally,2005,64973,"Peace, Propaganda & the Promised Land",6.094579219818115
Al Silliman Jr.,1969,70478,The Stewardesses,6.084003925323486
Ashish R. Mohan,2012,147767,Khiladi 786,6.077505111694336
James O'Brien,2015,376010,Western Religion,6.093305587768555
Akiva Schaffer,2012,80035,The Watch,5.713467597961426
Akiva Schaffer,2007,10074,Hot Rod,6.144166469573975
Shintaro Shimosawa,2016,373314,Misconduct,5.986624717712402
Tom Vaughan,2010,27569,Extraordinary Measures,6.085381507873535
Tom Vaughan,2008,9029,What Happens in Vegas,5.949458122253418
Zack Ward,2016,396152,Restoration,6.084309101104736
Bruce Beresford,2016,374461,Mr. Church,6.200809001922607
Bruce Beresford,2009,33870,Mao's Last Dancer,6.113353729248047
Bruce Beresford,1999,10398,Double Jeopardy,6.117283821105957
Bruce Beresford,1989,403,Driving Miss Daisy,6.335737228393555
Kim Longinotto,2005,87943,Sisters in Law,6.0958170890808105
Charles Shyer,2004,8849,Alfie,5.991947174072266
Adam Rifkin,2015,176074,Reality Show,6.092070579528809
Adam Rifkin,1999,9781,Detroit Rock City,6.150594711303711
Daniel Barber,2009,25941,Harry Brown,6.254843235015869
F. Gary Gray,2015,277216,Straight Outta Compton,7.0341315269470215
F. Gary Gray,2009,22803,Law Abiding Citizen,6.7659220695495605
F. Gary Gray,2005,4551,Be Cool,5.931478977203369
F. Gary Gray,2003,8409,A Man Apart,6.031125545501709
F. Gary Gray,2003,9654,The Italian Job,6.4311604499816895
F. Gary Gray,1998,9631,The Negotiator,6.360207557678223
F. Gary Gray,1996,9400,Set It Off,6.145248889923096
F. Gary Gray,1995,10634,Friday,6.405252933502197
David M. Matthews,2010,66468,N-Secure,6.085856914520264
Robert Redford,2010,60309,The Conspirator,6.106642246246338
Robert Redford,2007,4515,Lions for Lambs,6.07615327835083
Robert Redford,2000,4958,The Legend of Bagger Vance,6.136181831359863
Robert Redford,1998,547,The Horse Whisperer,6.2349162101745605
Robert Redford,1980,16619,Ordinary People,6.264927387237549
Andrzej Bartkowiak,2009,15268,Street Fighter: The Legend of Chun-Li,5.863940238952637
Andrzej Bartkowiak,2005,8814,Doom,5.668673515319824
Andrzej Bartkowiak,2003,10623,Cradle 2 the Grave,6.035380840301514
Andrzej Bartkowiak,2001,10877,Exit Wounds,6.011674404144287
Andrzej Bartkowiak,2000,2085,Romeo Must Die,6.069417953491211
Robby Henson,2006,13569,Thr3e,6.065591812133789
Tsui Hark,1998,37498,Knock Off,6.006138801574707
Steve Antin,2010,42297,Burlesque,6.395026206970215
Fabián Bielinsky,2000,18079,Nine Queens,6.2730937004089355
Dror Moreh,2012,127918,The Gatekeepers,6.109198570251465
Mike Bruce,2007,69382,The Legend of God's Gun,6.093305587768555
Jeffrey St. Jules,2014,269057,Bang Bang Baby,6.097497463226318
Patricia Rozema,2008,8359,Kit Kittredge: An American Girl,6.103806495666504
Ingmar Bergman,1972,10238,Cries and Whispers,6.276051998138428
Henry Jaglom,1998,161795,Déjà Vu,6.095291614532471
Angelina Jolie,2015,314385,By the Sea,5.996304988861084
Angelina Jolie,2014,227306,Unbroken,6.809444904327393
Angelina Jolie,2011,79777,In the Land of Blood and Honey,6.0801591873168945
Chris Carter,2008,8836,The X Files: I Want to Believe,5.883927345275879
David Boyd,2013,176124,Home Run,6.098351955413818
Tim Hunter,1986,21309,River's Edge,6.128467559814453
Kenneth Johnson,1997,8854,Steel,6.0078253746032715
Jay Roach,2012,77953,The Campaign,5.90779447555542
Jay Roach,2010,38778,Dinner for Schmucks,5.881865978240967
Jay Roach,2004,693,Meet the Fockers,6.097247123718262
Jay Roach,2002,818,Austin Powers in Goldmember,5.995655536651611
Jay Roach,2000,1597,Meet the Parents,6.417117118835449
Jay Roach,1999,817,Austin Powers: The Spy Who Shagged Me,6.1480607986450195
Jay Roach,1999,15198,"Mystery, Alaska",6.087042808532715
Jay Roach,1997,816,Austin Powers: International Man of Mystery,6.302221298217773
David Worth,2014,280381,House at the End of the Drive,6.093305587768555
Michael Clancy,2004,16358,Eulogy,6.103806495666504
Gordon Chan,2003,10610,The Medallion,5.913532257080078
Carlos Saldanha,2014,172385,Rio 2,6.197666645050049
Carlos Saldanha,2011,46195,Rio,6.3751935958862305
Carlos Saldanha,2009,8355,Ice Age: Dawn of the Dinosaurs,6.379251003265381
Carlos Saldanha,2006,950,Ice Age: The Meltdown,6.400250434875488
Ted Post,1970,1685,Beneath the Planet of the Apes,6.1224846839904785
Ted Post,1968,4929,Hang 'em High,6.194509029388428
Joseph Gordon-Levitt,2013,138697,Don Jon,5.970486640930176
John Erick Dowdle,2015,192141,No Escape,6.364850044250488
John Erick Dowdle,2014,256274,"As Above, So Below",6.096278190612793
John Erick Dowdle,2010,44040,Devil,5.958467483520508
John Erick Dowdle,2008,13812,Quarantine,5.938351154327393
Kevin Tancharoen,2011,67675,Glee: The Concert Movie,6.147090435028076
Kevin Tancharoen,2009,28665,Fame,6.020091533660889
Walter Lang,1945,27686,State Fair,6.095378398895264
Walter Lang,1940,60400,The Blue Bird,6.0958428382873535
Joe Johnston,2011,1771,Captain America: The First Avenger,6.539305686950684
Joe Johnston,2010,7978,The Wolfman,5.877307891845703
Joe Johnston,2004,2023,Hidalgo,6.194581031799316
Joe Johnston,2001,331,Jurassic Park III,5.824235916137695
Jérôme Salle,2013,185567,Zulu,6.185570240020752
Nathan Smith Jones,2003,266857,The Work and The Story,6.093305587768555
Tom DiCillo,1991,45145,Johnny Suede,6.074670791625977
Michael Dougherty,2015,287903,Krampus,6.020142555236816
Matthew O'Callaghan,2006,9975,Curious George,6.103924751281738
Wych Kaosayananda,2002,10550,Ballistic: Ecks vs. Sever,5.928579330444336
Amat Escalante,2013,186935,Heli,6.096750736236572
Reed Cowan,2010,40428,8: The Mormon Proposition,6.089616775512695
Kurt Wimmer,2006,9920,Ultraviolet,5.675285816192627
Kurt Wimmer,2002,7299,Equilibrium,6.591907501220703
David Schwimmer,2010,44945,Trust,6.216176986694336
David Schwimmer,2007,7942,"Run, Fatboy, Run",6.1145195960998535
Ian Sharp,2010,62255,Tracker,6.0917744636535645
Richard Lester,1983,9531,Superman III,5.825037956237793
Richard Lester,1980,8536,Superman II,6.254395484924316
Richard Lester,1976,10786,Robin and Marian,6.118414402008057
Richard Lester,1966,17768,A Funny Thing Happened on the Way to the Forum,6.093469142913818
Richard Lester,1964,704,A Hard Day's Night,6.2731852531433105
Leon Ford,2011,66942,Griff the Invisible,6.09353494644165
Bob Spiers,1997,6116,Spice World,5.934916973114014
William Shatner,1989,172,Star Trek V: The Final Frontier,5.954367160797119
Gareth Edwards,2010,43933,Monsters,6.133816242218018
Dennie Gordon,2013,220488,My Lucky Star,6.078469276428223
Dennie Gordon,2004,11025,New York Minute,5.9973602294921875
Dennie Gordon,2003,10735,What a Girl Wants,6.011966705322266
Dennie Gordon,2001,10956,Joe Dirt,5.973755359649658
Isaac Florentine,2015,325173,Close Range,6.029694080352783
Zal Batmanglij,2013,87499,The East,6.191440105438232
Zal Batmanglij,2011,86812,Sound of My Voice,6.114226818084717
Alex Garland,2015,264660,Ex Machina,7.346327304840088
David Raynr,2000,16222,Whatever It Takes,6.0526909828186035
David Raynr,1999,53862,Trippin',6.0866875648498535
Rupert Sanders,2012,58595,Snow White and the Huntsman,5.868991851806641
Harald Reinl,1967,12602,The Torture Chamber of Dr. Sadism,6.095860004425049
Wayne Kramer,2006,7304,Running Scared,6.325953483581543
Wayne Kramer,2003,10744,The Cooler,6.1448283195495605
Hoyt Yeatman,2009,19585,G-Force,5.748454570770264
Richard Ayoade,2011,49020,Submarine,6.506191253662109
Michael Anderson,1976,10803,Logan's Run,6.204299449920654
Jorge Ramírez Suárez,2013,242575,"Guten Tag, Ramón",6.130276203155518
Khalil Sullins,2015,331592,Listening,6.0747270584106445
William Brent Bell,2016,321258,The Boy,5.9364776611328125
William Brent Bell,2012,76487,The Devil Inside,5.77287483215332
William Brent Bell,2006,10069,Stay Alive,5.982926368713379
Alain Resnais,2009,37842,Wild Grass,6.086727619171143
Douglas Cheek,1984,23730,C.H.U.D.,6.045132160186768
Gabe Ibáñez,2014,262543,Automata,5.890411376953125
Rich Christiano,2002,45767,Time Changer,6.085000038146973
Robert Rodriguez,2014,189,Sin City: A Dame to Kill For,6.211706161499023
Robert Rodriguez,2013,106747,Machete Kills,5.778478145599365
Robert Rodriguez,2011,56288,Spy Kids: All the Time in the World,5.7750043869018555
Robert Rodriguez,2010,23631,Machete,6.20601224899292
Robert Rodriguez,2009,25132,Shorts,6.0497307777404785
Robert Rodriguez,2007,285923,Grindhouse,6.322059154510498
Robert Rodriguez,2005,187,Sin City,6.90922737121582
Robert Rodriguez,2005,14199,The Adventures of Sharkboy and Lavagirl,5.722377777099609
Robert Rodriguez,2003,1428,Once Upon a Time in Mexico,6.134114742279053
Robert Rodriguez,2003,12279,Spy Kids 3-D: Game Over,5.608965873718262
Robert Rodriguez,2002,9488,Spy Kids 2: The Island of Lost Dreams,5.814040660858154
Robert Rodriguez,2001,10054,Spy Kids,5.811599254608154
Robert Rodriguez,1998,9276,The Faculty,6.129483222961426
Robert Rodriguez,1996,755,From Dusk Till Dawn,6.598040580749512
Robert Rodriguez,1995,8068,Desperado,6.431674003601074
Robert Rodriguez,1992,9367,El Mariachi,6.194051742553711
Lawrence Kasanoff,2012,116977,Foodfight!,5.98569393157959
Robert Butler,1997,34314,Turbulence,6.039059638977051
Deon Taylor,2010,38033,Chain Letter,6.01182746887207
Kevin Greutert,2010,41439,Saw: The Final Chapter,5.966536521911621
Kevin Greutert,2009,22804,Saw VI,6.053230285644531
Alexander Payne,2013,129670,Nebraska,6.614344596862793
Alexander Payne,2011,65057,The Descendants,6.392646789550781
Alexander Payne,2004,9675,Sideways,6.361642360687256
Alexander Payne,2002,2755,About Schmidt,6.259561061859131
Alexander Payne,1999,9451,Election,6.226590633392334
Orson Welles,1947,3766,The Lady from Shanghai,6.199698448181152
Wally Pfister,2014,157353,Transcendence,5.956969738006592
Timur Bekmambetov,2016,271969,Ben-Hur,5.781506538391113
Timur Bekmambetov,2012,72331,Abraham Lincoln: Vampire Hunter,5.755376815795898
Timur Bekmambetov,2008,8909,Wanted,6.315652370452881
Timur Bekmambetov,2004,3040,Night Watch,6.130436420440674
William Sachs,1980,33155,Galaxina,6.04746675491333
Matt Williams,2000,10564,Where the Heart Is,6.20554780960083
Rodrigo García,2011,73873,Albert Nobbs,6.10621452331543
Rodrigo García,2009,37080,Mother and Child,6.121074676513672
David Lowery,2016,294272,Pete's Dragon,6.137533664703369
Pete Jones,2002,39541,Stolen Summer,6.096157073974609
Sajid Khan,2010,58051,Housefull,6.067084789276123
Cathy Malkasian,2002,14317,The Wild Thornberrys Movie,6.080438613891602
Mark Osborne,2015,309809,The Little Prince,6.757481098175049
Mark Osborne,2008,9502,Kung Fu Panda,6.711495876312256
George Lucas,2005,1895,Star Wars: Episode III - Revenge of the Sith,6.909769535064697
George Lucas,2002,1894,Star Wars: Episode II - Attack of the Clones,6.3405938148498535
George Lucas,1999,1893,Star Wars: Episode I - The Phantom Menace,6.26323127746582
George Lucas,1977,11,Star Wars,7.846219062805176
George Lucas,1973,838,American Graffiti,6.297022819519043
István Szabó,2004,18701,Being Julia,6.100488662719727
David Cross,2014,242083,Hits,6.065356254577637
Sai Varadan,2014,282128,An American in Hollywood,6.093305587768555
Bobby Farrelly,2014,100042,Dumb and Dumber To,5.718734264373779
Bobby Farrelly,2012,76489,The Three Stooges,5.9412922859191895
Bobby Farrelly,2011,48988,Hall Pass,5.823490619659424
Bobby Farrelly,2005,11431,Fever Pitch,6.062471389770508
Bobby Farrelly,2003,1792,Stuck on You,5.930497169494629
Bobby Farrelly,2001,9889,Shallow Hal,5.923183441162109
Bobby Farrelly,2001,12610,Osmosis Jones,6.056175231933594
Bobby Farrelly,2000,2123,"Me, Myself & Irene",6.096595764160156
Bobby Farrelly,1998,544,There's Something About Mary,6.346991062164307
Bobby Farrelly,1996,11543,Kingpin,6.2163591384887695
Bobby Farrelly,1994,8467,Dumb and Dumber,6.361597061157227
Robert D. Webb,1956,39833,Love Me Tender,6.080591678619385
Jérôme Deschamps,2009,25353,The True Story of Puss 'n Boots,6.076687335968018
Tomas Alfredson,2011,49517,Tinker Tailor Soldier Spy,6.329894542694092
Kirk Wong,1998,9448,The Big Hit,6.09398889541626
Jonathan Wacks,1993,44562,Ed and His Dead Mother,6.085973262786865
Ricki Stern,2007,37985,The Trials Of Darryl Hunt,6.096240997314453
Jean-Paul Rappeneau,2003,14652,Bon voyage,6.085270881652832
Jean-Paul Rappeneau,1995,11876,The Horseman on the Roof,6.108719348907471
John Gatins,2005,12920,Dreamer: Inspired By a True Story,6.106802940368652
Christine Jeffs,2008,13090,Sunshine Cleaning,6.178731441497803
Mars Callahan,2002,14293,Poolhall Junkies,6.103638172149658
Paolo Monico,2009,79587,Four Single Fathers,6.093305587768555
Christophe Ali,2005,40185,Camping Sauvage,6.087933540344238
Rob Schmidt,2003,9902,Wrong Turn,6.056135654449463
Alan Rudolph,1999,12479,Breakfast of Champions,6.067963600158691
Danny Leiner,2004,11282,Harold & Kumar Go to White Castle,6.305859565734863
Danny Leiner,2000,8859,"Dude, Where’s My Car?",5.7835693359375
Craig R. Baxley,1991,21338,Stone Cold,6.079838752746582
Craig R. Baxley,1988,10117,Action Jackson,6.034172534942627
Rohan Sippy,2011,63006,Dum Maaro Dum,6.088281631469727
Willard Huyck,1986,10658,Howard the Duck,5.907271385192871
Jeta Amata,2012,312113,Black November,6.094579219818115
Chris Renaud,2016,328111,The Secret Life of Pets,5.94193172454834
Sylvain White,2010,34813,The Losers,6.1305832862854
Sylvain White,2007,1931,Stomp the Yard,6.093868255615234
Rick Bieber,2011,59728,The 5th Quarter,6.076086521148682
Brian Herzlinger,2005,25975,My Date with Drew,6.0966973304748535
Albert Brooks,1999,37718,The Muse,6.068464756011963
Ava DuVernay,2014,273895,Selma,6.6944146156311035
Ava DuVernay,2012,83588,Middle of Nowhere,6.096977233886719
William Malone,2002,9544,FearDotCom,5.807782173156738
William Malone,1999,11377,House on Haunted Hill,5.98714017868042
Laurent Cantet,2008,8841,The Class,6.201835632324219
Jonathan Parker,2005,73511,The Californians,6.091125011444092
Peter Billingsley,2009,19899,Couples Retreat,5.791777610778809
Charles Adelman,2009,39303,2:13,6.077894687652588
Tony Jaa,2008,16353,Ong Bak 2,6.080540180206299
Luke Wilson,2005,12183,The Wendell Baker Story,6.078646183013916
Richard Raymond,2014,266102,Desert Dancer,6.1007981300354
Karim Aïnouz,2014,227975,Futuro Beach,6.102909088134766
Jonathan Kaplan,1999,17707,Brokedown Palace,6.104373931884766
Jay Russell,2004,11128,Ladder 49,6.112246990203857
Jay Russell,2002,13768,Tuck Everlasting,6.129420280456543
Jay Russell,2000,17908,My Dog Skip,6.120603084564209
Phil Morrison,2013,174311,All Is Bright,6.064602851867676
J. Lee Thompson,1973,1705,Battle for the Planet of the Apes,5.984650611877441
J. Lee Thompson,1972,1688,Conquest of the Planet of the Apes,6.094627380371094
Gregory Hoblit,2008,8090,Untraceable,6.05487060546875
Gregory Hoblit,2002,10592,Hart's War,6.054483413696289
Gregory Hoblit,2000,10559,Frequency,6.388092994689941
Todd Solondz,2009,39800,Life During Wartime,6.099575519561768
Todd Solondz,1998,10683,Happiness,6.313165664672852
Todd Solondz,1995,11446,Welcome to the Dollhouse,6.171544075012207
Aleksandr Veledinskiy,2013,225235,The Geographer Drank His Globe Away,6.121568202972412
Baz Luhrmann,2013,64682,The Great Gatsby,7.055241107940674
Baz Luhrmann,2008,6972,Australia,6.180084705352783
Baz Luhrmann,2001,824,Moulin Rouge!,6.845276832580566
Baz Luhrmann,1996,454,Romeo + Juliet,6.450613021850586
Barrett Esposito,2014,292481,Henry & Me,6.0836591720581055
Jonathan Newman,2013,227707,The Adventurer: The Curse of the Midas Box,6.023042678833008
Guillaume Canet,2013,190955,Blood Ties,6.079185962677002
Guillaume Canet,2010,48034,Little White Lies,6.37899923324585
Kris Isacsson,2000,10472,Down to You,6.0121283531188965
Bruce Hunt,2005,9042,The Cave,5.920482158660889
Maggie Greenwald,2001,62677,Songcatcher,6.088718891143799
David Bowers,2012,82650,Diary of a Wimpy Kid: Dog Days,6.07570219039917
David Bowers,2011,60307,Diary of a Wimpy Kid: Rodrick Rules,6.134402751922607
David Bowers,2009,16577,Astro Boy,6.095306873321533
David Bowers,2006,11619,Flushed Away,6.048816204071045
Dan Gilroy,2014,242582,Nightcrawler,7.268139839172363
Noah Buschel,2009,35219,The Missing Person,6.096157073974609
Mel Gibson,2006,1579,Apocalypto,6.7691650390625
Mel Gibson,2004,615,The Passion of the Christ,6.47563362121582
Mel Gibson,1995,197,Braveheart,7.34125280380249
Michael Landon Jr.,2007,9916,The Last Sin Eater,6.094515323638916
Michael Landon Jr.,2006,22488,Love's Abiding Joy,6.0896806716918945
Juan José Campanella,2013,153158,Underdogs,6.082775115966797
Juan José Campanella,2009,25376,The Secret in Their Eyes,6.767369270324707
Shekhar Kapur,2007,4517,Elizabeth: The Golden Age,6.21496057510376
Shekhar Kapur,2002,9093,The Four Feathers,6.151144981384277
Shekhar Kapur,1998,4518,Elizabeth,6.353348731994629
Roger Christian,2000,5491,Battlefield Earth,5.443558692932129
André Téchiné,2009,41248,The Girl on the Train,6.088214874267578
Fergal Reilly,2016,153518,The Angry Birds Movie,5.993578910827637
Nanette Burstein,2010,38073,Going the Distance,6.073284149169922
Jay Oliva,2013,142061,"Batman: The Dark Knight Returns, Part 2",6.642655849456787
Oliver Stone,2012,82525,Savages,6.140684127807617
Oliver Stone,2010,33909,Wall Street: Money Never Sleeps,5.993719100952148
Oliver Stone,2008,10523,W.,6.094174385070801
Oliver Stone,2006,1852,World Trade Center,6.031849384307861
Oliver Stone,2004,1966,Alexander,5.850837707519531
Oliver Stone,1999,9563,Any Given Sunday,6.309254169464111
Oliver Stone,1995,10858,Nixon,6.162699222564697
Oliver Stone,1991,820,JFK,6.576646327972412
Oliver Stone,1991,10537,The Doors,6.228508949279785
Oliver Stone,1989,2604,Born on the Fourth of July,6.2702956199646
Oliver Stone,1988,10132,Talk Radio,6.121074676513672
Oliver Stone,1987,10673,Wall Street,6.422245979309082
Oliver Stone,1986,792,Platoon,6.876607894897461
Oliver Stone,1986,6106,Salvador,6.155805587768555
Takeshi Kitano,2000,327,Brother,6.16424036026001
Tom Hooper,2012,82695,Les Misérables,6.760422229766846
Tom Hooper,2010,45269,The King's Speech,7.210638523101807
Tom Hooper,2009,21641,The Damned United,6.244716644287109
David Nutter,1998,9424,Disturbing Behavior,6.035258769989014
Floria Sigismondi,2010,27586,The Runaways,6.136587142944336
Tony Maylam,1992,13006,Split Second,6.069060802459717
Jesse Peretz,2011,59968,Our Idiot Brother,6.04001522064209
Jesse Peretz,1998,118452,"First Love, Last Rites",6.090083122253418
Neil LaBute,2008,13279,Lakeview Terrace,6.048185348510742
Neil LaBute,2000,10480,Nurse Betty,6.073252201080322
Neil LaBute,1997,14585,In the Company of Men,6.124307155609131
John Sullivan,2012,126509,2016: Obama's America,6.064294338226318
Stephen Herek,2009,14849,Dead Like Me: Life After Death,6.074687480926514
Stephen Herek,2005,13498,Man of the House,6.016200065612793
Stephen Herek,2002,16643,Life or Something Like It,6.048273086547852
Stephen Herek,2001,12508,Rock Star,6.077876567840576
Stephen Herek,1998,9713,Holy Man,5.969513893127441
Stephen Herek,1995,2054,Mr. Holland's Opus,6.17833948135376
Stephen Herek,1992,10414,The Mighty Ducks,6.145791053771973
Stephen Herek,1989,1648,Bill & Ted's Excellent Adventure,6.288237571716309
Adam Shankman,2012,80585,Rock of Ages,6.066577434539795
Adam Shankman,2008,10202,Bedtime Stories,5.999666690826416
Adam Shankman,2007,2976,Hairspray,6.266175270080566
Adam Shankman,2005,9641,Cheaper by the Dozen 2,5.953993320465088
Adam Shankman,2005,10022,The Pacifier,5.956180095672607
Adam Shankman,2003,10678,Bringing Down the House,5.98220682144165
Adam Shankman,2002,10229,A Walk to Remember,6.817642688751221
Adam Shankman,2001,2018,The Wedding Planner,5.910519599914551
Shawn Levy,2014,181533,Night at the Museum: Secret of the Tomb,6.097715377807617
Shawn Levy,2014,239678,This Is Where I Leave You,6.233592987060547
Shawn Levy,2013,116741,The Internship,6.097546577453613
Shawn Levy,2011,39254,Real Steel,6.466907501220703
Shawn Levy,2010,35056,Date Night,5.989082336425781
Shawn Levy,2009,18360,Night at the Museum: Battle of the Smithsonian,5.9632697105407715
Shawn Levy,2006,1593,Night at the Museum,6.248123645782471
Shawn Levy,2006,12096,The Pink Panther,5.913505554199219
Shawn Levy,2003,11007,Cheaper by the Dozen,6.05396842956543
Shawn Levy,2003,12090,Just Married,5.858165740966797
Shawn Levy,2002,11870,Big Fat Liar,6.0092387199401855
Charlie Chaplin,1936,3082,Modern Times,7.039713382720947
Chen Kaige,2005,2008,The Promise,6.061214447021484
Craig Mazin,2008,11918,Superhero Movie,5.75529146194458
Craig Mazin,2000,29015,The Specials,6.086577415466309
Ayan Mukherjee,2013,185008,Yeh Jawaani Hai Deewani,6.1775336265563965
M. Night Shyamalan,2015,298312,The Visit,6.038585662841797
M. Night Shyamalan,2013,82700,After Earth,5.300337791442871
M. Night Shyamalan,2010,10196,The Last Airbender,5.333260536193848
M. Night Shyamalan,2008,8645,The Happening,5.499465465545654
M. Night Shyamalan,2006,9697,Lady in the Water,5.856125831604004
M. Night Shyamalan,2004,6947,The Village,6.149596214294434
M. Night Shyamalan,2002,2675,Signs,6.285019397735596
M. Night Shyamalan,2000,9741,Unbreakable,6.633693695068359
M. Night Shyamalan,1999,745,The Sixth Sense,7.324739456176758
Francesca Gregorini,2009,71866,Tanner Hall,6.070918083190918
Russ Meyer,1970,5722,Beyond the Valley of the Dolls,6.119842052459717
Steven Zaillian,2006,1717,All the King's Men,6.057855606079102
Steven Zaillian,1998,9422,A Civil Action,6.09398889541626
Jim Mickle,2010,52015,Stake Land,6.117749214172363
Frank Borzage,1932,22649,A Farewell to Arms,6.096332550048828
Tony Krantz,2007,9783,Sublime,6.066915512084961
Travis Cluff,2015,299245,The Gallows,5.76695442199707
Brian A Miller,2014,241254,The Prince,5.816720485687256
Iain Softley,2008,2309,Inkheart,6.05769157409668
Iain Softley,2005,9913,The Skeleton Key,6.208015441894531
Iain Softley,2001,167,K-PAX,6.516312122344971
Iain Softley,1995,10428,Hackers,6.124598503112793
Guy Ritchie,2015,203801,The Man from U.N.C.L.E.,6.800551891326904
Guy Ritchie,2011,58574,Sherlock Holmes: A Game of Shadows,6.820532321929932
Guy Ritchie,2009,10528,Sherlock Holmes,6.870703220367432
Guy Ritchie,2008,13809,RockNRolla,6.469013690948486
Guy Ritchie,2002,12779,Swept Away,6.02921724319458
Guy Ritchie,2000,107,Snatch,7.301958084106445
Guy Ritchie,1998,100,"Lock, Stock and Two Smoking Barrels",6.982539176940918
Luis Mandoki,2001,5852,Angel Eyes,6.051843166351318
Luis Mandoki,1999,10207,Message in a Bottle,6.043532371520996
Larry Charles,2012,76493,The Dictator,5.968608379364014
Larry Charles,2009,18480,Brüno,5.850155830383301
Larry Charles,2008,13007,Religulous,6.281903266906738
Larry Charles,2006,496,Borat: Cultural Learnings of America for Make Benefit Glorious Nation of Kazakhstan,6.346327781677246
Larry Charles,2003,24356,Masked and Anonymous,6.081357955932617
Robert Stevenhagen,2008,10199,The Tale of Despereaux,6.031125545501709
Julio DePietro,2009,39037,The Good Guy,6.053123950958252
Romesh Sharma,2006,74084,Dil Jo Bhi Kahey...,6.093305587768555
Christopher Roberts,1999,10350,Wing Commander,5.947119235992432
Chatrichalerm Yukol,2001,27329,The Legend of Suriyothai,6.087129592895508
Doug Liman,2014,137113,Edge of Tomorrow,7.351603984832764
Doug Liman,2010,38363,Fair Game,6.173349857330322
Doug Liman,2008,8247,Jumper,5.967215538024902
Doug Liman,2005,787,Mr. & Mrs. Smith,6.400606632232666
Doug Liman,2002,2501,The Bourne Identity,7.045217990875244
Doug Liman,1999,9430,Go,6.247169017791748
Doug Liman,1996,10218,Swingers,6.240825176239014
Christian E. Christiansen,2011,49950,The Roommate,5.943093776702881
Pat Holden,2012,50497,When the Lights Went Out,6.079047679901123
Neil Marshall,2010,23759,Centurion,6.0378289222717285
Neil Marshall,2008,13460,Doomsday,6.012768745422363
Neil Marshall,2005,9392,The Descent,6.454928874969482
Babak Najafi,2016,267860,London Has Fallen,5.909023284912109
Sacha Bennett,2012,103903,Outside Bet,6.092695236206055
John Woo,2010,44092,Reign of Assassins,6.127342700958252
John Woo,2008,12289,Red Cliff,6.270601272583008
John Woo,2003,9620,Paycheck,6.020376682281494
John Woo,2002,12100,Windtalkers,6.016369342803955
John Woo,2000,955,Mission: Impossible II,5.964211940765381
John Woo,1997,754,Face/Off,6.533390998840332
John Woo,1996,9208,Broken Arrow,5.9671244621276855
Janusz Kamiński,2000,10383,Lost Souls,6.0325775146484375
Trent Cooper,2006,15639,Larry the Cable Guy: Health Inspector,6.044651508331299
Andrew Stanton,2012,49529,John Carter,6.097917556762695
Andrew Stanton,2008,10681,WALL·E,7.574400901794434
Andrew Stanton,2003,12,Finding Nemo,7.395944118499756
Andrew Stanton,1998,9487,A Bug's Life,6.592237949371338
Courtney Solomon,2013,146227,Getaway,5.8496928215026855
Courtney Solomon,2005,10008,An American Haunting,5.990990161895752
Lucio Fulci,1981,19204,The Beyond,6.148401260375977
Avi Nesher,1999,224569,Taxman,6.089041709899902
Rob Zombie,2012,104755,The Lords of Salem,5.893155574798584
Rob Zombie,2009,24150,Halloween II,5.87698221206665
Rob Zombie,2005,1696,The Devil's Rejects,6.2206711769104
Rob Zombie,2003,2662,House of 1000 Corpses,6.070734977722168
Grant Heslov,2009,10313,The Men Who Stare at Goats,6.008983135223389
Nick Park,2005,533,The Curse of the Were-Rabbit,6.376953601837158
Nick Park,2000,7443,Chicken Run,6.31506872177124
Peter Howitt,2004,11141,Laws of Attraction,6.045042514801025
Peter Howitt,2003,9486,Johnny English,6.04940938949585
Peter Howitt,2001,9989,Antitrust,6.05294942855835
Peter Howitt,1998,10215,Sliding Doors,6.20295524597168
Khyentse Norbu,2003,37232,Travellers and Magicians,6.0998759269714355
Jake Kasdan,2014,225886,Sex Tape,5.586654186248779
Jake Kasdan,2011,52449,Bad Teacher,5.661455154418945
Jake Kasdan,2007,6575,Walk Hard: The Dewey Cox Story,6.1850385665893555
Jake Kasdan,1998,16148,Zero Effect,6.088244438171387
Marcos Siega,2005,19803,Underclassman,6.076474189758301
Mike Tollin,2003,13920,Radio,6.1838908195495605
Mike Tollin,2001,26602,Summer Catch,6.013581275939941
Judd Apatow,2015,271718,Trainwreck,5.986626148223877
Judd Apatow,2012,89492,This Is 40,5.855029582977295
Judd Apatow,2009,20829,Funny People,5.979599475860596
Judd Apatow,2007,4964,Knocked Up,6.1529130935668945
Judd Apatow,2005,6957,The 40 Year Old Virgin,6.165220737457275
Hilary Brougher,1997,70687,The Sticky Fingers of Time,6.089272499084473
Martin Campbell,2011,44912,Green Lantern,5.376430511474609
Martin Campbell,2010,12201,Edge of Darkness,6.129239082336426
Martin Campbell,2006,36557,Casino Royale,7.0596137046813965
Martin Campbell,2005,1656,The Legend of Zorro,6.000097274780273
Martin Campbell,2003,9839,Beyond Borders,6.155734539031982
Martin Campbell,2000,11678,Vertical Limit,6.049259185791016
Martin Campbell,1998,9342,The Mask of Zorro,6.207460403442383
Martin Campbell,1995,710,GoldenEye,6.372189521789551
Nick Hurran,2004,14846,Little Black Book,5.999887943267822
Philip Kaufman,2000,10876,Quills,6.176522731781006
Philip Kaufman,1983,9549,The Right Stuff,6.330803871154785
Tom Shadyac,2007,2698,Evan Almighty,5.660559177398682
Tom Shadyac,2003,310,Bruce Almighty,6.32593297958374
Tom Shadyac,2002,10052,Dragonfly,6.094479560852051
Tom Shadyac,1998,10312,Patch Adams,6.514505863189697
Tom Shadyac,1997,1624,Liar Liar,6.276575565338135
Tom Shadyac,1996,9327,The Nutty Professor,5.800289154052734
Tom Shadyac,1994,3049,Ace Ventura: Pet Detective,6.2871809005737305
Ryûhei Kitamura,2008,10185,The Midnight Meat Train,6.071641445159912
Jeff Nathanson,2004,26486,The Last Shot,6.090328693389893
Peter Lord,2012,72197,The Pirates! In an Adventure with Scientists!,6.179354667663574
Richard Kwietniowski,2003,15394,Owning Mahowny,6.119558334350586
Richard Kwietniowski,1997,47452,Love and Death on Long Island,6.102453708648682
William A. Fraker,1981,38665,The Legend of the Lone Ranger,6.058869361877441
Tommy Oliver,2013,215918,1982,6.092166900634766
John Singleton,2011,59965,Abduction,5.846395969390869
John Singleton,2005,8292,Four Brothers,6.32846736907959
John Singleton,2003,584,2 Fast 2 Furious,6.165744781494141
John Singleton,2001,16161,Baby Boy,6.164181232452393
John Singleton,2000,479,Shaft,5.9490766525268555
John Singleton,1993,8291,Poetic Justice,6.130993843078613
John Singleton,1991,650,Boyz n the Hood,6.452819347381592
S.R. Bindler,2008,13827,"Surfer, Dude",6.057906627655029
Livingston Oden,2014,402515,American Beast,6.093305587768555
Cassandra Nicolaou,2004,157909,Show Me,6.091256618499756
Mora Stephens,2015,309503,Zipper,6.059469223022461
René Féret,2010,62116,Mozart's Sister,6.094732284545898
Uli Edel,2008,6968,The Baader Meinhof Complex,6.234928131103516
Uli Edel,2000,24100,The Little Vampire,6.0938029289245605
Christopher Scott Cherot,1997,51955,Hav Plenty,6.093305587768555
David Caffrey,2003,16433,Grand Theft Parsons,6.092247486114502
John Ottman,2000,12212,Urban Legends: Final Cut,5.933408737182617
Jeannot Szwarc,1980,16633,Somewhere in Time,6.199698448181152
Jeannot Szwarc,1978,579,Jaws 2,6.035809516906738
Gil Kenan,2008,13600,City of Ember,6.134578227996826
Gil Kenan,2006,9297,Monster House,6.191860198974609
Eric Eason,2002,185465,Manito,6.092070579528809
James Ponsoldt,2013,157386,The Spectacular Now,6.462321758270264
James Kerwin,2008,36549,Yesterday Was a Lie,6.0929179191589355
Michael Rymer,2002,11979,Queen of the Damned,5.954991817474365
Michael Rymer,1999,22314,In Too Deep,6.095163822174072
William Eubank,2014,242095,The Signal,5.976905822753906
Ciaran Foy,2015,283445,Sinister 2,5.831740379333496
Tim Burton,2014,87093,Big Eyes,6.485512733459473
Tim Burton,2012,62213,Dark Shadows,5.815029144287109
Tim Burton,2012,62214,Frankenweenie,6.3430352210998535
Tim Burton,2010,12155,Alice in Wonderland,6.347516059875488
Tim Burton,2005,118,Charlie and the Chocolate Factory,6.573048114776611
Tim Burton,2005,3933,Corpse Bride,6.827998638153076
Tim Burton,2003,587,Big Fish,7.110694408416748
Tim Burton,2001,869,Planet of the Apes,5.814841270446777
Tim Burton,1996,75,Mars Attacks!,6.09739875793457
Tim Burton,1994,522,Ed Wood,6.571730613708496
Tim Burton,1992,364,Batman Returns,6.415380001068115
Tim Burton,1990,162,Edward Scissorhands,7.204162120819092
Tim Burton,1989,268,Batman,6.715378284454346
Tim Burton,1988,4011,Beetlejuice,6.698244094848633
Sam Fell,2012,77174,ParaNorman,6.367151260375977
Laurie Collyer,2006,13075,Sherrybaby,6.101779937744141
David Duchovny,2005,24363,House of D,6.0934624671936035
Sarik Andreasyan,2014,250066,American Heist,5.83964204788208
Daisy von Scherler Mayer,2002,9027,The Guru,6.021257400512695
Daisy von Scherler Mayer,1998,58680,Woo,6.087182521820068
Kelly Makin,1999,10154,Mickey Blue Eyes,5.992247581481934
Mike Figgis,1999,15059,The Loss of Sexual Innocence,6.085000038146973
Mike Figgis,1995,451,Leaving Las Vegas,6.368066787719727
Danny Boyle,2015,321697,Steve Jobs,6.5323381423950195
Danny Boyle,2013,68727,Trance,6.296334266662598
Danny Boyle,2010,44115,127 Hours,6.7560954093933105
Danny Boyle,2008,12405,Slumdog Millionaire,7.2183518409729
Danny Boyle,2007,1272,Sunshine,6.5938720703125
Danny Boyle,2002,170,28 Days Later,6.7471418380737305
Danny Boyle,2000,1907,The Beach,6.209571361541748
Danny Boyle,1996,627,Trainspotting,7.347116947174072
Joby Harold,2007,13483,Awake,6.153604030609131
Ed Harris,2008,12690,Appaloosa,6.14243221282959
Ed Harris,2000,12509,Pollock,6.137218952178955
Charlie Levi,2015,335874,Childless,6.08998966217041
Roland Emmerich,2016,47933,Independence Day: Resurgence,5.231704235076904
Roland Emmerich,2015,273899,Stonewall,6.064460277557373
Roland Emmerich,2013,117251,White House Down,6.296800136566162
Roland Emmerich,2011,61891,Anonymous,6.141042709350586
Roland Emmerich,2009,14161,2012,5.6807026863098145
Roland Emmerich,2004,435,The Day After Tomorrow,6.169466018676758
Roland Emmerich,2000,2024,The Patriot,6.47068977355957
Roland Emmerich,1996,602,Independence Day,6.5620951652526855
Robert Luketic,2010,37821,Killers,5.9178972244262695
Robert Luketic,2009,20943,The Ugly Truth,6.247684955596924
Robert Luketic,2008,8065,21,6.3328962326049805
Robert Luketic,2005,4379,Monster-in-Law,5.9465789794921875
Robert Luketic,2004,13476,Win a Date with Tad Hamilton!,6.008471965789795
Robert Luketic,2001,8835,Legally Blonde,6.096512794494629
Stuart Beattie,2014,100241,"I, Frankenstein",5.63698673248291
Stevan Mena,2004,54702,Malevolence,6.076135635375977
Edward Burns,2011,72766,Newlyweds,6.0923027992248535
Edward Burns,2007,20065,Purple Violets,6.089648723602295
Edward Burns,1996,11363,She's the One,6.066550254821777
Edward Burns,1995,16388,The Brothers McMullen,6.098146438598633
Kyle Rankin,2003,21413,The Battle of Shaker Heights,6.084712982177734
David Lynch,2001,1018,Mulholland Drive,7.006847381591797
David Lynch,1999,404,The Straight Story,6.481960296630859
David Lynch,1984,841,Dune,6.243576526641846
David Lynch,1980,1955,The Elephant Man,6.8674492835998535
David Lynch,1977,985,Eraserhead,6.565775394439697
Huck Botko,2010,42889,The Virginity Hit,6.064294338226318
Noel Marshall,1981,2989,Roar,6.083722114562988
"George Tillman, Jr.",2015,228205,The Longest Ride,6.727968215942383
"George Tillman, Jr.",2010,41283,Faster,6.095795631408691
"George Tillman, Jr.",2000,11978,Men of Honor,6.4214768409729
"George Tillman, Jr.",1997,29461,Soul Food,6.1031494140625
Randall Wallace,2014,236751,Heaven is for Real,6.075319766998291
Randall Wallace,2010,39486,Secretariat,6.161845684051514
Randall Wallace,2002,10590,We Were Soldiers,6.306878566741943
Randall Wallace,1998,9313,The Man in the Iron Mask,6.199737071990967
Kent Alterman,2008,13260,Semi-Pro,5.949487686157227
Nadia Tass,2004,25786,Samantha: An American Girl Holiday,6.079421520233154
Christopher Cain,2007,14877,September Dawn,6.075364112854004
Christopher Cain,1988,11967,Young Guns,6.200723171234131
Joshua Oppenheimer,2012,123678,The Act of Killing,6.346004962921143
Mort Nathan,2002,9557,Boat Trip,5.909212589263916
Andrei Konchalovsky,2010,49852,The Nutcracker: The Untold Story,6.0589494705200195
Andrei Konchalovsky,1989,9618,Tango & Cash,6.0954694747924805
Takashi Yamazaki,2010,61984,Space Battleship Yamato,6.105284690856934
Scott Foley,2014,300706,Let's Kill Ward's Wife,6.049739360809326
Jerome Elston Scott,2010,324352,Anderson's Cross,6.093305587768555
Michael Ritchie,1997,17834,A Simple Wish,6.0661492347717285
Michael Ritchie,1986,10136,The Golden Child,5.9745683670043945
Michael Ritchie,1976,23479,The Bad News Bears,6.167405128479004
Jim Jarmusch,1999,4816,Ghost Dog: The Way of the Samurai,6.355672359466553
Kinka Usher,1999,9824,Mystery Men,6.011976718902588
Carl Franklin,2003,2116,Out of Time,6.094892501831055
Carl Franklin,2002,11560,High Crimes,6.094383239746094
Carl Franklin,1998,53113,One True Thing,6.096227169036865
Mick Jackson,1997,10357,Volcano,5.841707706451416
Mick Jackson,1992,619,The Bodyguard,6.096036911010742
Ian Iqbal Rashid,2008,16988,How She Move,6.074072360992432
Jamie Travis,2012,84200,"For a Good Time, Call...",6.063124179840088
Roger Vadim,1968,8069,Barbarella,6.04133939743042
Bradley Parker,2012,93856,Chernobyl Diaries,5.693605899810791
Éric Tessier,2003,50538,Evil Words,6.099979400634766
Pat O'Connor,2001,1921,Sweet November,6.162230968475342
Warren P. Sonoda,2016,370464,The Masked Saint,6.070165634155273
Panos Cosmatos,2010,50037,Beyond the Black Rainbow,6.06407356262207
Richard Brooks,1967,18900,In Cold Blood,6.196234226226807
Richard Brooks,1960,22013,Elmer Gantry,6.14277982711792
Richard Brooks,1958,261,Cat on a Hot Tin Roof,6.314484119415283
Richard Brooks,1952,36334,Deadline - U.S.A.,6.107356548309326
Glenn Ficarra,2015,256591,Focus,6.533812999725342
Glenn Ficarra,2011,50646,"Crazy, Stupid, Love.",6.744409084320068
Glenn Ficarra,2009,8952,I Love You Phillip Morris,6.19882345199585
Christian Ditter,2016,259694,How to Be Single,5.985824108123779
Matt Dillon,2002,31932,City of Ghosts,6.080532073974609
Gary David Goldberg,2005,11648,Must Love Dogs,6.055941581726074
Troy Nixey,2010,46261,Don't Be Afraid of the Dark,5.9114460945129395
J.S. Cardone,2001,12484,The Forsaken,6.037554740905762
Laurence Dunmore,2004,7548,The Libertine,6.070542812347412
Bruce MacDonald,2014,251979,The Perfect Wave,6.05702018737793
Alfred Hitchcock,1976,5854,Family Plot,6.1432342529296875
Alfred Hitchcock,1972,573,Frenzy,6.235702991485596
Alfred Hitchcock,1969,2370,Topaz,6.0938029289245605
Alfred Hitchcock,1966,5780,Torn Curtain,6.127414226531982
Alfred Hitchcock,1960,539,Psycho,7.583860874176025
Alfred Hitchcock,1955,11219,The Trouble with Harry,6.201786994934082
Alfred Hitchcock,1945,4174,Spellbound,6.265844345092773
Alfred Hitchcock,1940,223,Rebecca,6.5101776123046875
Jon Kasdan,2007,13067,In the Land of Women,6.051367282867432
Youssef Delara,2013,176077,Enter the Dangerous Mind,6.074697017669678
Luc Jacquet,2005,1667,March of the Penguins,6.312589168548584
John Hillcoat,2016,146198,Triple 9,5.869407653808594
John Hillcoat,2009,20766,The Road,6.468758583068848
John Hillcoat,2005,16608,The Proposition,6.279762268066406
Jackie Earle Haley,2015,334527,Criminal Activities,6.063124179840088
Geoff Murphy,1995,3512,Under Siege 2: Dark Territory,6.004687786102295
Mary McGuckian,2004,45881,The Bridge of San Luis Rey,6.08262825012207
Roger Allers,1994,8587,The Lion King,7.711362361907959
Sydney Pollack,2005,179,The Interpreter,6.124263286590576
Sydney Pollack,1999,12618,Random Hearts,6.044403076171875
Sydney Pollack,1993,37233,The Firm,6.267178058624268
Sydney Pollack,1985,606,Out of Africa,6.297641277313232
Sydney Pollack,1982,9576,Tootsie,6.3394060134887695
James Manera,2014,199933,Atlas Shrugged Part III: Who is John Galt?,6.05952787399292
Michael Cohn,1997,9092,Snow White: A Tale of Terror,6.087639331817627
Michael Lembeck,2004,15673,Connie and Carla,6.100793361663818
Michael Lembeck,2002,9021,The Santa Clause 2,5.953009605407715
Alex Cox,1984,13820,Repo Man,6.172511100769043
Michel Gondry,2011,40805,The Green Hornet,5.7574567794799805
Michel Gondry,2008,4953,Be Kind Rewind,6.126016139984131
Michel Gondry,2005,292,Dave Chappelle's Block Party,6.102005958557129
Michel Gondry,2004,38,Eternal Sunshine of the Spotless Mind,7.524241924285889
Kevin Reynolds,2016,335778,Risen,6.000781536102295
Kevin Reynolds,2002,11362,The Count of Monte Cristo,6.480439186096191
Kevin Reynolds,1995,9804,Waterworld,5.995018005371094
Kevin Reynolds,1994,10448,Rapa Nui,6.0968546867370605
Kevin Reynolds,1991,8367,Robin Hood: Prince of Thieves,6.339871406555176
Dito Montiel,2011,74536,The Son of No One,5.980094909667969
Lexi Alexander,2008,13056,Punisher: War Zone,5.97755765914917
Victor Fleming,1944,43306,A Guy Named Joe,6.092533588409424
Victor Fleming,1939,630,The Wizard of Oz,6.918216228485107
Victor Fleming,1939,770,Gone with the Wind,6.901233673095703
Benedikt Erlingsson,2013,217708,Of Horses and Men,6.114598751068115
Andrew Traucki,2010,49787,The Reef,6.010541915893555
Katie Aselton,2012,84178,Black Rock,6.003548622131348
Marc Webb,2014,102382,The Amazing Spider-Man 2,6.42409086227417
Marc Webb,2012,1930,The Amazing Spider-Man,6.448307514190674
Marc Webb,2009,19913,(500) Days of Summer,6.925260066986084
Ernest R. Dickerson,1995,9059,Tales from the Crypt: Demon Knight,6.147464275360107
Danny Pang,2013,244339,Out of Inferno,6.08997917175293
Danny Pang,2008,13184,Bangkok Dangerous,5.812145709991455
Dick Richards,1977,25388,March or Die,6.095056533813477
Harmage Singh Kalirai,2005,31163,Chicken Tikka Masala,6.079854965209961
Eric England,2013,308467,Roadside,6.0834856033325195
Daniel Stamm,2010,38358,The Last Exorcism,5.967583656311035
Mary Lambert,2000,36047,The In Crowd,6.071847915649414
Mary Lambert,1989,8913,Pet Sematary,6.184685230255127
D.J. Caruso,2011,46529,I Am Number Four,5.973388671875
D.J. Caruso,2008,13027,Eagle Eye,6.199737071990967
D.J. Caruso,2007,8271,Disturbia,6.352712631225586
D.J. Caruso,2002,11468,Salton Sea,6.182013034820557
Claude Miller,2001,55903,Betty Fisher and Other Stories,6.096133232116699
Kirk Loudon,2014,326576,Dawn of the Crescent Moon,6.089041709899902
Cary Bell,2014,253290,Butterfly Girl,6.093305587768555
Michael Curtiz,1954,24973,The Egyptian,6.092247486114502
Michael Curtiz,1942,289,Casablanca,7.172314167022705
Michael Curtiz,1936,43884,The Charge of the Light Brigade,6.106325626373291
Jonathan Kesselman,2003,19187,The Hebrew Hammer,6.0897440910339355
Joe Cornish,2011,59678,Attack the Block,6.182848930358887
Breck Eisner,2015,274854,The Last Witch Hunter,5.865793228149414
Breck Eisner,2010,29427,The Crazies,6.13572883605957
Breck Eisner,2005,7364,Sahara,5.970767974853516
Don Scardino,2013,124459,The Incredible Burt Wonderstone,5.75203800201416
Allen Hughes,2013,98357,Broken City,5.943028450012207
E. Elias Merhige,2004,8080,Suspect Zero,6.038297176361084
E. Elias Merhige,2000,10873,Shadow of the Vampire,6.16104793548584
Don Michael Paul,2007,15581,Who's Your Caddy?,6.05105447769165
Don Michael Paul,2002,10167,Half Past Dead,5.975677013397217
Don Michael Paul,2000,10501,The Road to El Dorado,6.521452903747559
Emma-Kate Croghan,1996,76996,Love and Other Catastrophes,6.090578556060791
Rachel Goldenberg,2008,60463,Sunday School Musical,6.090841293334961
Andrucha Waddington,2005,29262,The House of Sand,6.0989460945129395
Jeremy Brock,2006,11404,Driving Lessons,6.102962017059326
Olly Blackburn,2008,13429,Donkey Punch,6.011354923248291
Terry Gilliam,2009,8054,The Imaginarium of Doctor Parnassus,6.191564559936523
Terry Gilliam,2005,4442,The Brothers Grimm,5.8662238121032715
Terry Gilliam,1998,1878,Fear and Loathing in Las Vegas,6.730389595031738
Terry Gilliam,1991,177,The Fisher King,6.383600234985352
Terry Gilliam,1985,68,Brazil,6.758780002593994
Terry Gilliam,1981,36819,Time Bandits,6.197748184204102
Terry Gilliam,1975,762,Monty Python and the Holy Grail,7.186306476593018
José Padilha,2014,97020,RoboCop,5.814262390136719
José Padilha,2007,7347,Elite Squad,6.681257724761963
John Schlesinger,2000,1831,The Next Best Thing,6.04066801071167
John Schlesinger,1996,17182,Eye for an Eye,6.075224876403809
John Schlesinger,1969,3116,Midnight Cowboy,6.403879165649414
Michael D. Sellers,2007,46849,Eye of the Dolphin,6.100600242614746
Fatih Akin,2009,31175,Soul Kitchen,6.201934814453125
Morgan Neville,2013,159014,20 Feet from Stardom,6.19969367980957
Brett Piper,2015,360188,Queen Crab,6.0845947265625
Simon Wincer,2001,9290,Crocodile Dundee in Los Angeles,5.909212589263916
Simon Wincer,1996,9826,The Phantom,5.920255661010742
Simon Wincer,1991,2453,Harley Davidson and the Marlboro Man,6.093832969665527
Simon Wincer,1990,9588,Quigley Down Under,6.138200283050537
Amy Holden Jones,1983,75986,Love Letters,6.087102890014648
Richard J. Lewis,2010,46829,Barney's Version,6.224522113800049
Charles Robert Carner,2008,15365,Witless Protection,6.038050651550293
Phil Lord,2014,137106,The Lego Movie,7.165172576904297
Phil Lord,2014,187017,22 Jump Street,6.796746253967285
Phil Lord,2012,64688,21 Jump Street,6.5843987464904785
Phil Lord,2009,22794,Cloudy with a Chance of Meatballs,6.355868339538574
Sngmoo Lee,2010,46528,The Warrior's Way,6.118977069854736
Rafa Lara,2013,184374,Cinco de Mayo: La Batalla,6.089085102081299
Bill Paxton,2005,15487,The Greatest Game Ever Played,6.176314353942871
Bill Paxton,2001,12149,Frailty,6.327517509460449
Carter Smith,2008,11152,The Ruins,5.9865031242370605
Chris Eyre,1998,20862,Smoke Signals,6.105676651000977
Richard Rich,2014,294512,Alpha and Omega: The Legend of the Saw Tooth Cave,6.094995021820068
Luis Valdez,1987,16620,La Bamba,6.169562816619873
Julien Temple,2001,40880,Pandaemonium,6.08998966217041
Fina Torres,2000,14629,Woman on Top,6.0661492347717285
Tom Hanks,2011,59861,Larry Crowne,5.986176013946533
Tom Hanks,1996,9591,That Thing You Do!,6.227601528167725
Alex Rivera,2008,20764,Sleep Dealer,6.089569568634033
Ken Roht,2014,408429,Perfect Cowboy,6.092166900634766
Terence Davies,2000,25520,The House of Mirth,6.101097583770752
George Armitage,2004,12634,The Big Bounce,6.01302433013916
George Armitage,1997,9434,Grosse Pointe Blank,6.2730793952941895
Michael Meredith,2009,24663,The Open Road,6.068180084228516
Paul Crowder,2006,39183,Once in a Lifetime: The Extraordinary Story of the New York Cosmos,6.088960647583008
Ryan Fleck,2010,43923,It's Kind of a Funny Story,6.425677299499512
Ryan Fleck,2006,7859,Half Nelson,6.174712181091309
Mel Stuart,1971,252,Willy Wonka & the Chocolate Factory,6.686784267425537
Joe Dante,2009,45650,The Hole,5.993250370025635
Joe Dante,2003,10715,Looney Tunes: Back in Action,5.976655960083008
Joe Dante,1998,11551,Small Soldiers,6.130394458770752
Joe Dante,1990,928,Gremlins 2: The New Batch,6.136486530303955
Joe Dante,1984,927,Gremlins,6.597213268280029
Joe Dante,1981,11298,The Howling,6.137392997741699
Rick Famuyiwa,2015,308639,Dope,6.5567755699157715
Rick Famuyiwa,2010,34563,Our Family Wedding,6.077935695648193
Rick Famuyiwa,2002,37964,Brown Sugar,6.121696949005127
Rick Famuyiwa,1999,16158,The Wood,6.127774238586426
Marc Forster,2013,72190,World War Z,6.610750198364258
Marc Forster,2011,45610,Machine Gun Preacher,6.163759231567383
Marc Forster,2008,10764,Quantum of Solace,6.098363876342773
Marc Forster,2007,7979,The Kite Runner,6.444700717926025
Marc Forster,2006,1262,Stranger Than Fiction,6.525345325469971
Marc Forster,2004,866,Finding Neverland,6.713602066040039
Marc Forster,2001,1365,Monster's Ball,6.177402973175049
Marc Forster,2001,81220,Everything Put Together,6.091030120849609
Zach Cregger,2009,19556,Miss March,6.041776180267334
Mary Pat Kelly,2004,37694,Proud,6.091455459594727
Mabel Cheung,2015,358451,A Tale of Three Cities,6.094377517700195
André Øvredal,2010,46146,Troll Hunter,6.3226847648620605
Olivier Dahan,2014,215211,Grace of Monaco,6.04374361038208
Tommy Lee Jones,2014,264656,The Homesman,6.158323764801025
Tommy Lee Jones,2005,8053,The Three Burials of Melquiades Estrada,6.234577655792236
Spike Jonze,2013,152601,Her,7.557313919067383
Spike Jonze,2009,16523,Where the Wild Things Are,6.207890033721924
Spike Jonze,2002,2757,Adaptation.,6.575378894805908
Spike Jonze,1999,492,Being John Malkovich,6.7382426261901855
Mikael Håfström,2013,107846,Escape Plan,6.477761745452881
Mikael Håfström,2011,48171,The Rite,5.985663414001465
Mikael Håfström,2007,3021,1408,6.330573558807373
Mikael Håfström,2005,8999,Derailed,6.094976425170898
Dax Shepard,2012,109513,Hit & Run,5.980963706970215
Bernardo Bertolucci,1987,746,The Last Emperor,6.446331977844238
Bernardo Bertolucci,1970,8416,The Conformist,6.269502639770508
Les Mayfield,2007,14396,Code Name: The Cleaner,5.9885053634643555
Les Mayfield,2005,9074,The Man,6.008864402770996
Les Mayfield,2001,13496,American Outlaws,6.071972370147705
Les Mayfield,1999,11001,Blue Streak,6.095102787017822
Les Mayfield,1997,9574,Flubber,5.759963512420654
Maria Maggenti,1995,29371,The Incredibly True Adventure of Two Girls In Love,6.088045120239258
Benjamin Dickinson,2016,320146,Creative Control,6.075691223144531
Michel O. Scott,2009,30979,The Horse Boy,6.092070579528809
Brian Taylor,2011,71676,Ghost Rider: Spirit of Vengeance,5.338099479675293
Brian Taylor,2009,15092,Crank: High Voltage,6.001857280731201
Brian Taylor,2009,18501,Gamer,5.875206470489502
Brian Taylor,2006,1948,Crank,6.369706153869629
Masayuki Ochiai,2008,10885,Shutter,5.967936992645264
Jacob Aaron Estes,2004,12281,Mean Creek,6.173596382141113
Lionel C. Martin,1997,28353,Def Jam's How to Be a Player,6.086742401123047
Sam Peckinpah,1973,11577,Pat Garrett & Billy the Kid,6.163554668426514
Sam Peckinpah,1970,23330,The Ballad of Cable Hogue,6.130993843078613
Sam Peckinpah,1969,576,The Wild Bunch,6.413694381713867
Sam Peckinpah,1965,29715,Major Dundee,6.097372055053711
James Frawley,1979,11176,The Muppet Movie,6.225717067718506
Brad Bird,2015,158852,Tomorrowland,6.17310905456543
Brad Bird,2011,56292,Mission: Impossible - Ghost Protocol,6.662559509277344
Brad Bird,2004,9806,The Incredibles,7.194940090179443
Brad Bird,1999,10386,The Iron Giant,6.996693134307861
Rita Merson,2014,297621,There's Always Woodstock,6.084737300872803
Levan Gabriadze,2015,277685,Unfriended,5.783638954162598
Travis Legge,2013,255266,Dry Spell,6.093208312988281
Travis Legge,2011,228550,Raymond Did It,6.069369316101074
Jerry Zaks,1996,9819,Marvin's Room,6.151320457458496
Stacy Peralta,2004,291,Riding Giants,6.128594875335693
Stacy Peralta,2001,1282,Dogtown and Z-Boys,6.1502275466918945
Eric Darnell,2014,270946,Penguins of Madagascar,6.330793857574463
Eric Darnell,2008,10527,Madagascar: Escape 2 Africa,6.163048267364502
Eric Darnell,2005,953,Madagascar,6.484194278717041
Eric Darnell,1998,8916,Antz,6.040107727050781
Rakesh Roshan,2006,32740,Krrish,6.0661492347717285
Martin Koolhoven,2008,16564,Winter in Wartime,6.138809680938721
Joel Gallen,2001,11397,Not Another Teen Movie,5.909337997436523
Enrique Begné,2016,317930,Compadres,6.0777459144592285
Julie Davis,1997,90414,"I Love You, Don't Touch Me!",6.093208312988281
Brad Furman,2016,325789,The Infiltrator,6.282819747924805
Brad Furman,2013,146238,Runner Runner,5.878814697265625
Brad Furman,2011,50348,The Lincoln Lawyer,6.532767295837402
George Hickenlooper,2010,45324,Casino Jack,6.0849761962890625
George Hickenlooper,2006,12271,Factory Girl,6.1016154289245605
Greg Harrison,2004,1424,November,6.079773426055908
Greg Harrison,2000,23655,Groove,6.090238571166992
Jerry Dugan,2015,299553,Shark Lake,6.060409069061279
Joseph Kahn,2011,68684,Detention,6.046672821044922
Joseph Kahn,2004,10718,Torque,5.9394989013671875
Pierre Coffin,2013,93456,Despicable Me 2,6.8446173667907715
Pierre Coffin,2010,20352,Despicable Me,6.970186710357666
Rob Hawk,2016,385383,Fight Valley,6.075160503387451
Tom Tykwer,2012,83542,Cloud Atlas,6.4765448570251465
Tom Tykwer,2010,53256,Three,6.099777698516846
Tom Tykwer,2009,4959,The International,6.06743049621582
Tom Tykwer,2006,1427,Perfume: The Story of a Murderer,6.64547061920166
Tom Tykwer,1998,104,Run Lola Run,6.546075344085693
Andrew Adamson,2012,94352,Cirque du Soleil: Worlds Away,6.093687534332275
Andrew Adamson,2008,2454,The Chronicles of Narnia: Prince Caspian,6.223437786102295
Andrew Adamson,2005,411,"The Chronicles of Narnia: The Lion, the Witch and the Wardrobe",6.537842750549316
Andrew Adamson,2004,809,Shrek 2,6.552591800689697
Andrew Adamson,2001,808,Shrek,7.069248199462891
Simon Curtis,2015,304357,Woman in Gold,6.472823619842529
Simon Curtis,2011,75900,My Week with Marilyn,6.244014739990234
Penny Marshall,2001,11091,Riding in Cars with Boys,6.132749557495117
Penny Marshall,1994,11858,Renaissance Man,6.078249931335449
Penny Marshall,1992,11287,A League of Their Own,6.256877422332764
Penny Marshall,1988,2280,Big,6.503678321838379
Matt Piedmont,2012,80304,Casa De Mi Padre,6.035762786865234
Charles Martin Smith,2014,227735,Dolphin Tale 2,6.14851188659668
Charles Martin Smith,2011,62837,Dolphin Tale,6.181443691253662
Charles Martin Smith,1997,20737,Air Bud,6.014347553253174
Michael Patrick King,2010,37786,Sex and the City 2,5.8800578117370605
Anthony Powell,2013,201132,Antarctica: A Year on Ice,6.125789642333984
Jon Cassar,2015,354110,Forsaken,6.065358638763428
Nima Nourizadeh,2012,57214,Project X,6.345414161682129
Mike Disa,2011,57089,Hoodwinked Too! Hood VS. Evil,5.93787145614624
Eric Blakeney,2000,29076,Gun Shy,6.076378345489502
Mathieu Amalric,2014,266034,The Blue Room,6.096750736236572
Jamie Babbit,2005,9813,The Quiet,6.09377908706665
Jamie Babbit,1999,20770,But I'm a Cheerleader,6.132056713104248
Jon Erwin,2014,252680,Moms' Night Out,6.026833534240723
Robert Mulligan,1962,595,To Kill a Mockingbird,6.868490219116211
Tim Miller,2016,293660,Deadpool,7.29517126083374
Chris Morris,2010,37495,Four Lions,6.370824813842773
William Friedkin,2011,73567,Killer Joe,6.218193531036377
William Friedkin,2003,10632,The Hunted,6.077944278717041
William Friedkin,1995,11863,Jade,6.054117679595947
William Friedkin,1977,38985,Sorcerer,6.214456081390381
William Friedkin,1973,9552,The Exorcist,7.044865131378174
William Friedkin,1971,1051,The French Connection,6.4925994873046875
Richard Boddington,2013,246449,Against the Wild,6.070122718811035
Jimmy Hayward,2013,175574,Free Birds,6.010948181152344
Jimmy Hayward,2010,20533,Jonah Hex,5.577578067779541
Sofia Coppola,2010,39210,Somewhere,6.0766754150390625
Sofia Coppola,2006,1887,Marie Antoinette,6.256389617919922
Sofia Coppola,2003,153,Lost in Translation,6.894526958465576
Sofia Coppola,1999,1443,The Virgin Suicides,6.556407451629639
J.J. Abrams,2013,54138,Star Trek Into Darkness,7.166948318481445
J.J. Abrams,2011,37686,Super 8,6.45682954788208
J.J. Abrams,2009,13475,Star Trek,7.171203136444092
J.J. Abrams,2006,956,Mission: Impossible III,6.369427680969238
Darren Stein,1999,18892,Jawbreaker,6.076720714569092
Darren Stein,1999,219716,Sparkler,6.086958408355713
Pece Dingo,1990,426067,Midnight Cabaret,6.093305587768555
Damien O'Donnell,1999,10557,East Is East,6.116876125335693
Steve Hickner,2007,5559,Bee Movie,5.877079963684082
Mark Christopher,1998,3682,54,6.020091533660889
Don Mancini,2004,11249,Seed of Chucky,5.8184428215026855
Carl Theodor Dreyer,1955,48035,Ordet,6.201640605926514
Adam Green,2006,11908,Hatchet,6.037370204925537
Tim Robbins,1999,32274,Cradle Will Rock,6.11369514465332
Tim Robbins,1995,687,Dead Man Walking,6.407083511352539
Jamel Debbouze,2015,280391,Why I Did (Not) Eat My Father,6.001826763153076
Christian Sesma,2015,342502,AWOL-72,6.059319019317627
Jamaa Fanaka,1979,65448,Penitentiary,6.083433151245117
Fyodor Bondarchuk,2008,16911,The Inhabited Island,6.074725151062012
Derek Yee Tung-Sing,2009,20083,Shinjuku Incident,6.131816387176514
Shana Feste,2014,226857,Endless Love,6.312378406524658
Shana Feste,2010,45272,Country Strong,6.078421592712402
Shana Feste,2009,32395,The Greatest,6.096958637237549
John Ford,1963,15875,Donovan's Reef,6.090475082397461
John Ford,1962,11697,The Man Who Shot Liberty Valance,6.376209259033203
John Ford,1949,13909,She Wore a Yellow Ribbon,6.153509616851807
John Ford,1941,43266,How Green Was My Valley,6.14265775680542
Kevin Rodney Sullivan,2005,11638,Guess Who,5.980557441711426
Kevin Rodney Sullivan,2004,21301,Barbershop 2:  Back in Business,6.057967185974121
Kevin Rodney Sullivan,1998,33644,How Stella Got Her Groove Back,6.09102725982666
Gillian Armstrong,1997,39780,Oscar and Lucinda,6.0960164070129395
Gillian Armstrong,1994,9587,Little Women,6.259352684020996
Scott Mann,2015,336004,Heist,5.970461845397949
Hideo Nakata,2005,10320,The Ring Two,5.817900657653809
Kyle Balda,2015,211672,Minions,6.346813678741455
Nate Parker,2016,339408,The Birth of a Nation,6.1569743156433105
Kevin Macdonald,2009,16995,State of Play,6.296798229217529
Kevin Macdonald,2006,1523,The Last King of Scotland,6.573948383331299
Kevin Macdonald,2003,11194,Touching the Void,6.282844066619873
Shimit Amin,2009,26815,Rocket Singh: Salesman of the Year,6.118134021759033
Patrick Stettner,2006,9782,The Night Listener,6.060019493103027
Patrick Stettner,2001,31064,The Business of Strangers,6.085664749145508
Maryam Keshavarz,2011,60421,Circumstance,6.123910427093506
Peter Ramsey,2012,81188,Rise of the Guardians,6.764901161193848
Tim Boxell,2006,116584,Valley of the Heart's Delight,6.094250202178955
Todd Strauss-Schulson,2011,55465,A Very Harold & Kumar Christmas,6.069526195526123
Dewey Nicks,2002,20009,Slackers,6.052482604980469
Brian Dannelly,2004,13193,Saved!,6.120777606964111
Justin Dillon,2008,287815,Call + Response,6.095291614532471
Clark Baker,2012,211557,Vessel,6.091706275939941
Antonia Bird,1999,10212,Ravenous,6.196709156036377
Henry Alex Rubin,2005,14278,Murderball,6.112199783325195
Jason Alexander,1999,100975,Just Looking,6.0917840003967285
Peter Faiman,1986,9671,Crocodile Dundee,6.164418697357178
Robert Heath,2012,101179,Truth or Dare,6.050539016723633
Drew Barrymore,2009,22798,Whip It,6.257887363433838
Sean Durkin,2011,50837,Martha Marcy May Marlene,6.22927188873291
Alex Ranarivelo,2016,394047,The Dog Lover,6.088373184204102
Bruno Barreto,1983,42109,Gabriela,6.093111515045166
Kevin Munroe,2011,43935,Dylan Dog: Dead of Night,5.891602993011475
Kevin Munroe,2007,1273,TMNT,6.068619728088379
Dan Reed,2007,13538,Straightheads,6.05753755569458
Florent-Emilio Siri,2005,2026,Hostage,6.130441665649414
Shari Springer Berman,2010,47088,The Extra Man,6.087631702423096
Shari Springer Berman,2003,2771,American Splendor,6.205264091491699
Sean Byrne,2009,46420,The Loved Ones,6.183259010314941
Michael Moore,2009,22074,Capitalism: A Love Story,6.227779865264893
Michael Moore,2007,2359,Sicko,6.330803871154785
Michael Moore,2007,13516,Slacker Uprising,6.091310501098633
Michael Moore,2004,1777,Fahrenheit 9/11,6.300206661224365
Michael Moore,2002,1430,Bowling for Columbine,6.480439186096191
Michael Moore,1989,1779,Roger & Me,6.205414772033691
Stiles White,2014,242512,Ouija,5.489279270172119
Alan Shapiro,1996,36355,Flipper,6.029415130615234
Eric Lartigau,2014,304410,The Bélier Family,6.4959306716918945
Scott Frank,2014,169917,A Walk Among the Tombstones,6.151042938232422
Denis Villeneuve,2015,273481,Sicario,6.885534763336182
Denis Villeneuve,2013,146233,Prisoners,7.471558094024658
Denis Villeneuve,2010,46738,Incendies,6.695118427276611
Atom Egoyan,2009,28211,Chloe,6.027234077453613
Atom Egoyan,2005,9729,Where the Truth Lies,6.0808587074279785
Atom Egoyan,2002,16351,Ararat,6.086851119995117
Atom Egoyan,1999,47692,Felicia's Journey,6.105173110961914
Atom Egoyan,1997,10217,The Sweet Hereafter,6.161845684051514
Atom Egoyan,1994,20156,Exotica,6.118748664855957
Kerry Conran,2004,5137,Sky Captain and the World of Tomorrow,5.969799518585205
Scott Marshall Smith,2007,15017,Blonde Ambition,6.028927326202393
Gilles Paquet-Brenner,2010,53457,Sarah's Key,6.281108379364014
Kay Pollak,2004,464,As It Is in Heaven,6.127152919769287
Wayne Wang,2011,58882,Snow Flower and the Secret Fan,6.075514793395996
Wayne Wang,2006,17379,Last Holiday,6.127161502838135
Wayne Wang,2005,17880,Because of Winn-Dixie,6.093705654144287
Wayne Wang,2002,7303,Maid in Manhattan,5.92761754989624
Wayne Wang,1999,21349,Anywhere But Here,6.0808587074279785
Lorene Scafaria,2012,88005,Seeking a Friend for the End of the World,6.18051815032959
Derrick Borte,2009,41479,The Joneses,6.094508171081543
Paul Haggis,2010,43539,The Next Three Days,6.4849677085876465
Paul Haggis,2007,6973,In the Valley of Elah,6.201704978942871
Paul Haggis,2004,1640,Crash,6.696527481079102
Mike Leigh,2014,245700,Mr. Turner,6.129561424255371
Mike Leigh,2010,44009,Another Year,6.176590919494629
Mike Leigh,2004,11109,Vera Drake,6.147718906402588
Mike Leigh,2002,12454,All or Nothing,6.123467922210693
Mike Leigh,1999,46435,Topsy-Turvy,6.118179798126221
Phillip Noyce,2014,227156,The Giver,6.293318748474121
Phillip Noyce,2010,27576,Salt,6.166474342346191
Phillip Noyce,2006,1123,Catch a Fire,6.101097583770752
Phillip Noyce,2002,8198,The Quiet American,6.117192268371582
Phillip Noyce,2002,9555,Rabbit-Proof Fence,6.1502203941345215
Phillip Noyce,1999,9481,The Bone Collector,6.281501293182373
Phillip Noyce,1997,10003,The Saint,6.04701042175293
Phillip Noyce,1994,9331,Clear and Present Danger,6.181323528289795
Phillip Noyce,1992,9869,Patriot Games,6.157600402832031
Theodore Melfi,2014,239563,St. Vincent,6.539361000061035
Tom McCarthy,2015,314365,Spotlight,7.350968360900879
Tom McCarthy,2003,2056,The Station Agent,6.328041076660156
Sam Raimi,2013,68728,Oz: The Great and Powerful,5.784023284912109
Sam Raimi,2009,16871,Drag Me to Hell,6.146846771240234
Sam Raimi,2007,559,Spider-Man 3,5.940877437591553
Sam Raimi,2004,558,Spider-Man 2,6.589807033538818
Sam Raimi,2002,557,Spider-Man,6.691112041473389
Sam Raimi,1999,10390,For Love of the Game,6.110678195953369
Sam Raimi,1998,10223,A Simple Plan,6.224938869476318
Sam Raimi,1995,12106,The Quick and the Dead,6.156984329223633
Sam Raimi,1992,766,Army of Darkness,6.656026840209961
Sam Raimi,1987,765,Evil Dead II,6.750546932220459
Sam Raimi,1981,764,The Evil Dead,6.675488471984863
Jason Trost,2011,86304,All Superheroes Must Die,6.067983627319336
Cheryl Dunye,2004,26710,My Baby's Daddy,6.065687656402588
Michael Winner,1983,110683,The Wicked Lady,6.085856914520264
Jonathan Levine,2013,82654,Warm Bodies,6.318548679351807
Jonathan Levine,2011,40807,50/50,6.6083245277404785
Jonathan Levine,2008,9022,All the Boys Love Mandy Lane,6.022928237915039
Jonathan Levine,2008,13990,The Wackness,6.102829933166504
Tom Gormican,2014,225565,That Awkward Moment,6.096729278564453
Olivier Assayas,2010,43434,Carlos,6.1233696937561035
Olivier Assayas,2004,39851,Clean,6.103872776031494
John Crowley,2015,167073,Brooklyn,6.711362838745117
Antony Hoffman,2000,8870,Red Planet,5.94231653213501
Mor Loushy,2015,319069,Censored Voices,6.085087776184082
Tony Richardson,1984,11308,The Hotel New Hampshire,6.085563659667969
Tony Richardson,1963,5769,Tom Jones,6.093567371368408
Paul Donovan,1985,42033,Def-Con 4,6.059319019317627
Damir Catic,2013,220490,Her Cry: La Llorona Investigation,6.093305587768555
D. Stevens,2006,52462,The Pet,6.090831756591797
Marc Abraham,2008,14914,Flash of Genius,6.105284690856934
Gary Halvorson,1999,16112,The Adventures of Elmo in Grouchland,6.096279621124268
David Soren,2013,77950,Turbo,6.096842288970947
Akiva Goldsman,2014,137321,Winter's Tale,6.061881065368652
Lars von Trier,2011,62215,Melancholia,6.5284600257873535
Lars von Trier,2005,1951,Manderlay,6.153982639312744
Lars von Trier,2000,16,Dancer in the Dark,6.518473148345947
Chris Wedge,2013,116711,Epic,6.258595943450928
Chris Wedge,2005,9928,Robots,6.0390400886535645
Chris Wedge,2002,425,Ice Age,6.899538993835449
Boris Rodriguez,2012,100275,Eddie: The Sleepwalking Cannibal,6.093508720397949
Kevin Tenney,1986,17994,Witchboard,6.082281112670898
Alan Smithee,1998,78149,"An Alan Smithee Film: Burn, Hollywood, Burn",6.064545631408691
Khalid Mohammed,2000,56666,Fiza,6.093354225158691
Tran Anh Hung,2009,31166,I Come with the Rain,6.083227634429932
Frédéric Auburtin,2014,271331,United Passions,6.042543411254883
Robert Zemeckis,2015,285783,The Walk,6.528067111968994
Robert Zemeckis,2012,87502,Flight,6.384404182434082
Robert Zemeckis,2009,17979,A Christmas Carol,6.363427639007568
Robert Zemeckis,2007,2310,Beowulf,5.816100120544434
Robert Zemeckis,2004,5255,The Polar Express,6.279112339019775
Robert Zemeckis,2000,2655,What Lies Beneath,6.163012981414795
Robert Zemeckis,2000,8358,Cast Away,7.177036285400391
Robert Zemeckis,1997,686,Contact,6.731839656829834
Robert Zemeckis,1994,13,Forrest Gump,7.972640037536621
Robert Zemeckis,1992,9374,Death Becomes Her,6.175724029541016
Robert Zemeckis,1990,196,Back to the Future Part III,6.849826335906982
Robert Zemeckis,1989,165,Back to the Future Part II,7.138278961181641
Robert Zemeckis,1985,105,Back to the Future,7.7401933670043945
Lee Unkrich,2010,10193,Toy Story 3,7.339935302734375
Kathryn Bigelow,2012,97630,Zero Dark Thirty,6.481352806091309
Kathryn Bigelow,2008,12162,The Hurt Locker,6.820821762084961
Kathryn Bigelow,2002,8665,K-19: The Widowmaker,6.09475040435791
Joe Charbanic,2000,10685,The Watcher,5.970514297485352
Charles Stone III,2004,16232,Mr. 3000,6.022907257080078
Charles Stone III,2002,13497,Drumline,6.104818820953369
Tod Williams,2010,41436,Paranormal Activity 2,5.924378395080566
Barnaby Thompson,2007,10748,St. Trinian's,6.029682159423828
Jeff Schaffer,2004,9352,EuroTrip,6.2585015296936035
Callie Khouri,2008,12085,Mad Money,6.068680763244629
Callie Khouri,2002,9583,Divine Secrets of the Ya-Ya Sisterhood,6.061992168426514
Vicente Amorim,2008,12410,Good,6.099372386932373
Matthew Bright,1996,11229,Freeway,6.129961967468262
Na Hong-jin,2016,293670,The Wailing,6.322150707244873
Ted Demme,2001,4133,Blow,6.849420070648193
Henry Bean,2001,4012,The Believer,6.189441204071045
Akira Kurosawa,1993,13889,Madadayo,6.122043132781982
Akira Kurosawa,1954,346,Seven Samurai,7.1002068519592285
Jared Hess,2009,22820,Gentlemen Broncos,6.098692893981934
Jared Hess,2006,9353,Nacho Libre,5.958937644958496
Jared Hess,2004,8193,Napoleon Dynamite,6.315452575683594
David Lean,1984,15927,A Passage to India,6.145984172821045
David Lean,1965,907,Doctor Zhivago,6.360928535461426
David Lean,1962,947,Lawrence of Arabia,6.895734786987305
David Lean,1957,826,The Bridge on the River Kwai,6.673470973968506
Callan Brunker,2013,68179,Escape from Planet Earth,5.992161273956299
Deborah Anderson,2013,178862,Aroused,6.105855464935303
Lowell Sherman,1933,43595,She Done Him Wrong,6.066105365753174
John D. Hancock,2015,365052,The Looking Glass,6.094250202178955
Joel Schumacher,2007,3594,The Number 23,6.199737071990967
Joel Schumacher,2004,9833,The Phantom of the Opera,6.377580642700195
Joel Schumacher,2003,10629,Veronica Guerin,6.134263038635254
Joel Schumacher,2002,1817,Phone Booth,6.412112712860107
Joel Schumacher,2002,3132,Bad Company,5.960134983062744
Joel Schumacher,1999,8224,8MM,6.09552001953125
Joel Schumacher,1999,31582,Flawless,6.082640171051025
Joel Schumacher,1997,415,Batman & Robin,4.963853359222412
Joel Schumacher,1996,1645,A Time to Kill,6.407683849334717
Joel Schumacher,1995,414,Batman Forever,5.548669338226318
Joel Schumacher,1994,10731,The Client,6.162230968475342
Joel Schumacher,1990,1551,Flatliners,6.154570579528809
Joel Schumacher,1987,1547,The Lost Boys,6.347281455993652
Shinji Aramaki,2013,192577,Space Pirate Captain Harlock,6.203406810760498
Alex Smith,2002,21801,The Slaughter Rule,6.094297409057617
Leos Carax,2012,103328,Holy Motors,6.248256206512451
Paul Schrader,2014,297596,Dying of the Light,5.918737411499023
Paul Schrader,2013,109729,The Canyons,5.948723316192627
Paul Schrader,2008,18516,Adam Resurrected,6.100183486938477
Paul Schrader,2002,14112,Auto Focus,6.093674659729004
Paul Schrader,1992,36351,Light Sleeper,6.0872483253479
Paul Schrader,1982,6217,Cat People,6.0849761962890625
Tanner Beard,2011,98549,The Legend of Hell's Gate: An American Conspiracy,6.075160503387451
Stephen St. Leger,2012,81796,Lockout,5.968028545379639
Wolfgang Becker,2003,338,"Good bye, Lenin!",6.588919162750244
Steve Beck,2002,9645,Ghost Ship,5.810590744018555
Steve Beck,2001,9378,Thir13en Ghosts,5.875253677368164
Neil Jordan,2009,38448,Ondine,6.126059532165527
Neil Jordan,2003,6016,The Good Thief,6.090384006500244
Neil Jordan,1999,20024,The End of the Affair,6.120789051055908
Neil Jordan,1999,28902,In Dreams,6.062891483306885
Neil Jordan,1996,1770,Michael Collins,6.149034023284912
Neil Jordan,1994,628,Interview with the Vampire,6.771183967590332
Neil Jordan,1992,11386,The Crying Game,6.2183966636657715
Neil Jordan,1989,5971,We're No Angels,6.044623851776123
Bigas Luna,1997,115872,The Chambermaid on the Titanic,6.090831756591797
Jill Sprecher,2001,17734,Thirteen Conversations About One Thing,6.101097583770752
Jill Sprecher,1997,55561,Clockwatchers,6.086707592010498
David Nixon,2010,35691,Letters to God,6.1084136962890625
Todd Field,2006,1440,Little Children,6.254778861999512
Todd Field,2001,1999,In the Bedroom,6.119350910186768
Stewart Raffill,2010,55567,Standing Ovation,6.0796685218811035
Stewart Raffill,1984,10179,The Ice Pirates,6.074186325073242
Ben Sharpsteen,1940,10895,Pinocchio,6.565678596496582
Alan Cohn,1998,14557,Dead Man on Campus,6.0693254470825195
Rob Bowman,2005,9947,Elektra,5.608526706695557
Rob Bowman,2002,6278,Reign of Fire,6.054963111877441
Rob Bowman,1998,846,The X Files,6.264187812805176
Rob Bowman,1993,13064,Airborne,6.093442440032959
Eric Schaeffer,2002,96238,Never Again,6.086777687072754
Natalie Bible',2015,343409,Windsor Drive,6.089041709899902
Noah Baumbach,2015,252512,While We're Young,6.0095977783203125
Noah Baumbach,2013,121986,Frances Ha,6.386104106903076
Noah Baumbach,2005,10707,The Squid and the Whale,6.247156143188477
Paul Bunnell,2013,188652,The Ghastly Love of Johnny X,6.097497463226318
Thor Freudenthal,2013,76285,Percy Jackson: Sea of Monsters,5.971108436584473
Thor Freudenthal,2010,33217,Diary of a Wimpy Kid,6.041080474853516
Thor Freudenthal,2009,15189,Hotel for Dogs,6.024875164031982
Roger Donaldson,2014,254904,The November Man,6.055994987487793
Roger Donaldson,2008,8848,The Bank Job,6.306570053100586
Roger Donaldson,2005,9912,The World's Fastest Indian,6.271359920501709
Roger Donaldson,2000,11973,Thirteen Days,6.226114749908447
Roger Donaldson,1997,9619,Dante's Peak,5.971939563751221
Roger Donaldson,1995,9348,Species,5.902960300445557
Roger Donaldson,1984,2669,The Bounty,6.134470462799072
Barbra Streisand,1996,25189,The Mirror Has Two Faces,6.112306118011475
Barbra Streisand,1991,10333,The Prince of Tides,6.082640171051025
Barbra Streisand,1983,10269,Yentl,6.098692893981934
Klaus Menzel,2004,71547,Fascination,6.083779811859131
R.J. Cutler,2014,249164,If I Stay,6.802698612213135
Vondie Curtis-Hall,2001,10696,Glitter,5.990652084350586
Shim Hyung-Rae,2010,70829,The Last Godfather,6.083209037780762
Shim Hyung-Rae,2007,10253,Dragon Wars: D-War,5.8885040283203125
S.S. Rajamouli,2015,256040,Baahubali: The Beginning,6.266891956329346
Neema Barnette,2003,30246,Civil Brand,6.090010166168213
Rupert Wyatt,2014,284536,The Gambler,5.951118469238281
Rupert Wyatt,2011,61791,Rise of the Planet of the Apes,6.836125373840332
Ryan Coogler,2015,312221,Creed,6.897348880767822
Ryan Coogler,2013,157354,Fruitvale Station,6.442164421081543
Paul Greengrass,2016,324668,Jason Bourne,5.956175804138184
Paul Greengrass,2013,109424,Captain Phillips,7.176642417907715
Paul Greengrass,2010,22972,Green Zone,6.224510669708252
Paul Greengrass,2007,2503,The Bourne Ultimatum,6.9991888999938965
Paul Greengrass,2006,9829,United 93,6.31657600402832
Paul Greengrass,2004,2502,The Bourne Supremacy,6.919524192810059
Paul Greengrass,2002,4107,Bloody Sunday,6.151264667510986
Mary Harron,2000,1359,American Psycho,6.917448043823242
Mark Dindal,2005,9982,Chicken Little,5.848597049713135
Mark Dindal,2000,11688,The Emperor's New Groove,6.766631126403809
Mark Dindal,1997,24662,Cats Don't Dance,6.117884159088135
Menno Meyjes,2007,5126,Martian Child,6.147090435028076
Jim Field Smith,2010,34016,She's Out of My League,6.024919033050537
Jez Butterworth,2001,2084,Birthday Girl,6.093955039978027
Patrick Tatopoulos,2009,12437,Underworld: Rise of the Lycans,6.157134532928467
Ken Scott,2015,239573,Unfinished Business,5.819765567779541
Ken Scott,2013,146239,Delivery Man,6.132238388061523
Tim McCanlies,2003,13156,Secondhand Lions,6.265365123748779
Tim McCanlies,1998,78373,"Dancer, Texas Pop. 81",6.09737491607666
Karyn Kusama,2009,19994,Jennifer's Body,5.723597049713135
Karyn Kusama,2005,8202,Æon Flux,5.800048351287842
Georgia Hilton,2015,322194,Subconscious,6.082118511199951
Jafar Panahi,2000,13898,The Circle,6.102131366729736
Stanley Kramer,1963,11576,"It's a Mad, Mad, Mad, Mad World",6.208807945251465
Stanley Kramer,1961,821,Judgment at Nuremberg,6.302944183349609
Gary Fleder,2013,204082,Homefront,6.23962926864624
Gary Fleder,2008,14325,The Express,6.162699222564697
Gary Fleder,2001,4965,Impostor,6.0941314697265625
Gary Fleder,2001,12103,Don't Say a Word,6.075894832611084
Gary Fleder,1997,9437,Kiss the Girls,6.1215338706970215
Gary Fleder,1995,400,Things to Do in Denver When You're Dead,6.142701148986816
Jon M. Chu,2016,291805,Now You See Me 2,6.561273097991943
Jon M. Chu,2013,72559,G.I. Joe: Retaliation,5.566887378692627
Jon M. Chu,2011,54518,Justin Bieber: Never Say Never,5.914357662200928
Jon M. Chu,2010,41233,Step Up 3D,6.284672260284424
Jon M. Chu,2008,8328,Step Up 2: The Streets,6.25608491897583
David LaChapelle,2005,2287,Rize,6.090720176696777
Gary Nelson,1979,9570,The Black Hole,6.094110012054443
Chris Paine,2006,13508,Who Killed the Electric Car?,6.157445907592773
Matt Reeves,2014,119450,Dawn of the Planet of the Apes,7.084462642669678
Matt Reeves,2010,41402,Let Me In,6.336362361907959
Matt Reeves,2008,7191,Cloverfield,6.308373928070068
Matt Reeves,1996,23570,The Pallbearer,6.048007965087891
Vladlen Barbe,2012,164372,The Snow Queen,6.04689884185791
Matty Rich,1994,59930,The Inkwell,6.081929683685303
Matty Rich,1991,94072,Straight Out of Brooklyn,6.085856914520264
Gavin Hood,2013,80274,Ender's Game,6.451035976409912
Gavin Hood,2009,2080,X-Men Origins: Wolverine,6.1794538497924805
Gavin Hood,2007,5125,Rendition,6.112096309661865
Gavin Hood,2005,868,Tsotsi,6.165318012237549
Peter Hyams,2005,10077,A Sound of Thunder,5.959140300750732
Peter Hyams,2001,11370,The Musketeer,6.04401969909668
Peter Hyams,1999,9946,End of Days,5.894850730895996
Peter Hyams,1997,11015,The Relic,6.058291912078857
Peter Hyams,1994,8831,Timecop,5.958485126495361
Peter Hyams,1977,11935,Capricorn One,6.130165100097656
Jean-Luc Godard,1965,2786,Pierrot le Fou,6.269502639770508
Jean-Luc Godard,1964,40652,The Married Woman,6.113871097564697
Kang Je-gyu,2004,11658,Tae Guk Gi: The Brotherhood of War,6.2524542808532715
Julie Taymor,2010,44638,The Tempest,6.090384006500244
Julie Taymor,2007,4688,Across the Universe,6.39479923248291
Julie Taymor,2002,1360,Frida,6.437689781188965
Chris Gorak,2011,71469,The Darkest Hour,5.668543338775635
Julian Jarrold,2009,291081,Red Riding: In the Year of Our Lord 1974,6.14163875579834
Julian Jarrold,2007,2977,Becoming Jane,6.29371452331543
Robert C. Cooper,2008,13001,Stargate: The Ark of Truth,6.196069240570068
Gonzalo López-Gallego,2011,50357,Apollo 18,5.797323226928711
Diane English,2008,13972,The Women,5.957421779632568
Darin Scott,2014,260947,Something Wicked,6.06879997253418
Michael Sucsy,2012,72570,The Vow,6.613889694213867
Qasim Basir,2011,66025,Mooz-lum,6.088336944580078
Scott Walker,2013,199373,The Frozen Ground,6.095491409301758
Gary Winick,2010,37056,Letters to Juliet,6.323122501373291
Gary Winick,2009,10521,Bride Wars,6.002137660980225
Gary Winick,2006,9986,Charlotte's Web,6.025565147399902
Gary Winick,2004,10096,13 Going on 30,6.2083587646484375
Gary Winick,2002,39141,Tadpole,6.0817790031433105
Stephen Hillenburg,2004,11836,The SpongeBob SquarePants Movie,6.320469856262207
Franck Khalfoun,2012,103620,Maniac,6.070180416107178
James Isaac,2001,11470,Jason X,5.722383975982666
John Maybury,2005,9667,The Jacket,6.320707321166992
Ben Stassen,2013,202575,Thunder and the House of Magic,6.1164631843566895
Ben Stassen,2010,49953,A Turtle's Tale: Sammy's Adventures,6.026198387145996
Stephan Elliott,2008,16899,Easy Virtue,6.114226818084717
Stephan Elliott,1999,18681,Eye of the Beholder,6.0600199699401855
Nat Faxon,2013,147773,The Way Way Back,6.51383113861084
Paul Thomas Anderson,2014,171274,Inherent Vice,6.282354831695557
Paul Thomas Anderson,2012,68722,The Master,6.476192951202393
Paul Thomas Anderson,2007,7345,There Will Be Blood,7.205841541290283
Paul Thomas Anderson,2002,8051,Punch-Drunk Love,6.380443096160889
Paul Thomas Anderson,1999,334,Magnolia,6.743823051452637
Paul Thomas Anderson,1997,4995,Boogie Nights,6.731327533721924
Agnieszka Wojtowicz-Vosloo,2010,36419,After.Life,5.949487686157227
Scott Stewart,2011,38321,Priest,5.802713394165039
Scott Stewart,2010,22894,Legion,5.739470958709717
Denys Arcand,2003,11042,The Barbarian Invasions,6.138397693634033
David Yates,2016,258489,The Legend of Tarzan,5.6678900718688965
David Yates,2009,767,Harry Potter and the Half-Blood Prince,7.1995649337768555
David Yates,2007,675,Harry Potter and the Order of the Phoenix,7.205808162689209
Andrew Fleming,2008,12621,Hamlet 2,6.093674659729004
Andrew Fleming,2007,14043,Nancy Drew,6.0552449226379395
Andrew Fleming,1999,16406,Dick,6.06762170791626
Andrew Fleming,1996,9100,The Craft,6.15196418762207
Kriv Stenders,2011,66125,Red Dog,6.173493385314941
Brian Yuzna,1993,28260,Return of the Living Dead 3,6.0770583152771
Dan Scanlon,2013,62211,Monsters University,6.80621337890625
Len Wiseman,2007,1571,Live Free or Die Hard,6.30350399017334
Len Wiseman,2006,834,Underworld: Evolution,6.281736850738525
Len Wiseman,2003,277,Underworld,6.460005760192871
Michael Pressman,1991,1497,Teenage Mutant Ninja Turtles II: The Secret of the Ooze,6.025927543640137
Ron Shelton,2003,11375,Hollywood Homicide,5.931982040405273
Ron Shelton,2002,4911,Dark Blue,6.126417636871338
Ron Shelton,1999,20761,Play It to the Bone,6.072707653045654
Ron Shelton,1996,10478,Tin Cup,6.067159652709961
Harald Zwart,2013,123553,The Mortal Instruments: City of Bones,6.1600470542907715
Harald Zwart,2003,10923,Agent Cody Banks,5.843507766723633
Joshua Logan,1969,20391,Paint Your Wagon,6.09988260269165
David Webb Peoples,1989,21512,The Blood of Heroes,6.087252616882324
Tara Subkoff,2015,301325,#Horror,5.949634075164795
Michael Jai White,2011,70006,Never Back Down 2: The Beatdown,6.0568766593933105
Bernhard Wicki,1962,9289,The Longest Day,6.31037712097168
Byron Howard,2010,38757,Tangled,7.1078290939331055
Marielle Heller,2015,250124,The Diary of a Teenage Girl,6.25256872177124
Tim Johnson,2015,228161,Home,6.526505470275879
Tim Johnson,2003,14411,Sinbad: Legend of the Seven Seas,6.234920978546143
Mic Rodgers,1999,10366,Universal Soldier: The Return,5.859671115875244
Justin Chadwick,2013,192136,Mandela: Long Walk to Freedom,6.170312881469727
Justin Chadwick,2008,12184,The Other Boleyn Girl,6.195180892944336
David Frankel,2012,82696,Hope Springs,6.026291370391846
David Frankel,2011,73937,The Big Year,5.991947174072266
David Frankel,2008,14306,Marley & Me,6.56393575668335
David Frankel,2006,350,The Devil Wears Prada,6.785144329071045
Gene Quintano,1993,9644,National Lampoon's Loaded Weapon 1,6.037974834442139
John Badham,1983,860,WarGames,6.4056596755981445
Matthew Watts,2014,198370,Mutual Friends,6.093305587768555
Jean-Jacques Annaud,2004,1997,Two Brothers,6.220790386199951
Jean-Jacques Annaud,2001,853,Enemy at the Gates,6.657957077026367
Jean-Jacques Annaud,1997,978,Seven Years in Tibet,6.45278787612915
Jean-Jacques Annaud,1981,62204,Quest for Fire,6.196048736572266
Alexander Witt,2004,1577,Resident Evil: Apocalypse,6.097115993499756
Scott Ziehl,1998,125263,Broken Vessels,6.093111515045166
Joshua Seftel,2008,13191,"War, Inc.",6.052708148956299
Justin Lin,2016,188927,Star Trek Beyond,6.462228298187256
Justin Lin,2011,51497,Fast Five,6.815802097320557
Justin Lin,2007,13983,Finishing The Game,6.083433151245117
Justin Lin,2006,9615,The Fast and the Furious: Tokyo Drift,6.09758996963501
Justin Lin,2002,14290,Better Luck Tomorrow,6.104442119598389
Nancy Meyers,2015,257211,The Intern,6.760063171386719
Nancy Meyers,2009,22897,It's Complicated,6.1224260330200195
Nancy Meyers,2006,1581,The Holiday,6.43359899520874
Nancy Meyers,2003,6964,Something's Gotta Give,6.155208110809326
Nancy Meyers,2000,3981,What Women Want,6.096709251403809
Russell Mulcahy,2007,7737,Resident Evil: Extinction,6.0971479415893555
Russell Mulcahy,1996,24206,Silent Trigger,6.068787097930908
Russell Mulcahy,1994,8850,The Shadow,6.006089210510254
Russell Mulcahy,1986,8009,Highlander,6.371876239776611
Leonard Nimoy,1987,12154,Three Men and a Baby,6.032079219818115
Leonard Nimoy,1986,168,Star Trek IV: The Voyage Home,6.361267566680908
Leonard Nimoy,1984,157,Star Trek III: The Search for Spock,6.188858509063721
Christopher Guest,2006,14799,For Your Consideration,6.085010051727295
Christopher Guest,2003,13370,A Mighty Wind,6.129602909088135
Christopher Guest,2000,13785,Best in Show,6.182826519012451
Christopher Guest,1996,16448,Waiting for Guffman,6.167690753936768
David Dobkin,2014,205587,The Judge,6.753316402435303
David Dobkin,2011,49520,The Change-Up,6.009368896484375
David Dobkin,2003,6038,Shanghai Knights,6.054197311401367
David Dobkin,1998,26618,Clay Pigeons,6.101382732391357
Michael Lehmann,2007,1257,Because I Said So,6.044591426849365
Michael Lehmann,2002,2752,40 Days and 40 Nights,5.882070064544678
Michael Lehmann,1991,9292,Hudson Hawk,5.941433429718018
Harmony Korine,2013,122081,Spring Breakers,5.417721271514893
Barry Sonnenfeld,2012,41154,Men in Black 3,6.180011749267578
Barry Sonnenfeld,2002,608,Men in Black II,6.021968841552734
Barry Sonnenfeld,2002,2185,Big Trouble,6.109220504760742
Barry Sonnenfeld,1999,8487,Wild Wild West,5.581344127655029
Barry Sonnenfeld,1997,607,Men in Black,6.755963325500488
Barry Sonnenfeld,1995,8012,Get Shorty,6.166756629943848
Barry Sonnenfeld,1991,2907,The Addams Family,6.378018856048584
Ivan Kavanagh,2007,157185,Tin Can Man,6.089041709899902
John Cromwell,1937,43867,The Prisoner of Zenda,6.119463920593262
Joe Roth,2004,13673,Christmas with the Kranks,5.94364595413208
Joe Roth,2001,11467,America's Sweethearts,5.969842910766602
Olivier Megaton,2014,260346,Taken 3,6.097967624664307
Olivier Megaton,2012,82675,Taken 2,6.098272323608398
Olivier Megaton,2011,62835,Colombiana,6.281256198883057
Danny Provenzano,2005,67373,This Thing of Ours,6.092166900634766
Newt Arnold,1988,11690,Bloodsport,6.232435703277588
Fred Dekker,1993,5550,RoboCop 3,5.636455535888672
Fred Durst,2008,13579,The Longshots,6.097917556762695
Catherine Gund,2014,253261,Born to Fly: Elizabeth Streb vs. Gravity,6.092166900634766
Henry King,1938,43839,Alexander's Ragtime Band,6.085264205932617
James David Pasternak,2007,49951,Certifiably Jonathan,6.093305587768555
Joel Paul Reisig,2016,379532,Rodeo Girl,6.092687606811523
Joel Paul Reisig,2015,306667,Horse Camp,6.092070579528809
Christopher Erskin,2004,19084,Johnson Family Vacation,6.051041603088379
Scott Marshall,2006,21014,Keeping Up with the Steins,6.076847553253174
Lone Scherfig,2011,51828,One Day,6.55109977722168
Lone Scherfig,2009,24684,An Education,6.304590702056885
Rob Pritts,2001,17708,Corky Romano,5.987048149108887
Nicholas Hytner,2006,8618,The History Boys,6.125931739807129
Nicholas Hytner,2000,10560,Center Stage,6.153936862945557
Nicholas Hytner,1998,17127,The Object of My Affection,6.0588555335998535
Ron Clements,2009,10198,The Princess and the Frog,6.43625545501709
Ron Clements,2002,9016,Treasure Planet,6.643460750579834
Ron Clements,1992,812,Aladdin,7.113572597503662
Brad J. Silverman,2013,206284,Grace Unplugged,6.09102725982666
Émile Gaudreault,2003,321,Mambo Italiano,6.079310894012451
Sam Levinson,2011,60422,Another Happy Day,6.097269058227539
Jeb Stuart,2010,41894,Blood Done Sign My Name,6.0928215980529785
Jeb Stuart,1997,10871,Switchback,6.078219413757324
Gerard Johnstone,2014,253306,Housebound,6.203857421875
Hayley Cloake,2008,14156,Impact Point,6.091265678405762
John Gray,1996,9625,The Glimmer Man,5.961737632751465
Gary Sinyor,1998,89861,Stiff Upper Lips,6.09737491607666
Paul Mazursky,1996,47502,Faithful,6.087933540344238
Tim Heidecker,2012,79940,Tim and Eric's Billion Dollar Movie,6.062718868255615
Michael Hoffman,2014,239571,The Best of Me,6.584384918212891
Michael Hoffman,2009,36811,The Last Station,6.126213073730469
Michael Hoffman,2002,17187,The Emperor's Club,6.16671085357666
Karan Johar,2010,26022,My Name Is Khan,6.406280517578125
Karan Johar,2006,14395,Kabhi Alvida Naa Kehna,6.093586444854736
Lance Rivera,2004,18475,The Cookout,6.077894687652588
Christian Volckman,2006,9389,Renaissance,6.138397693634033
Mateo Gil,2011,68818,Blackthorn,6.129147052764893
Michael Gornick,1987,16288,Creepshow 2,6.070385932922363
Siddiq Barmak,2003,14757,Osama,6.099979877471924
Paul King,2014,116149,Paddington,6.527947902679443
Mervyn LeRoy,1951,11620,Quo Vadis,6.149197578430176
Joe Marino,2013,202604,The Vatican Exorcisms,6.074102878570557
Hue Rhodes,2009,27023,Saint John of Las Vegas,6.0897440910339355
Ricky Gervais,2009,23082,The Invention of Lying,6.060582160949707
Wayne Beach,2005,18777,Slow Burn,6.083569049835205
John R. Leonetti,2014,250546,Annabelle,5.7910661697387695
John R. Leonetti,1997,9823,Mortal Kombat: Annihilation,5.663796424865723
Feroz Abbas Khan,2007,38428,"Gandhi, My Father",6.093111515045166
Wayne Thornley,2012,133931,Zambezia,6.040779113769531
Florian Henckel von Donnersmarck,2010,37710,The Tourist,6.033664226531982
Florian Henckel von Donnersmarck,2006,582,The Lives of Others,6.996181488037109
Shane Black,2013,68721,Iron Man 3,6.730597019195557
Shane Black,2005,5236,Kiss Kiss Bang Bang,6.624758720397949
Robert Stromberg,2014,102651,Maleficent,6.840601444244385
Thomas Vinterberg,2012,103663,The Hunt,6.981325626373291
Thomas Vinterberg,2005,10913,Dear Wendy,6.076895236968994
Thomas Vinterberg,1998,309,The Celebration,6.378541946411133
Tony Scott,2010,44048,Unstoppable,6.206676006317139
Tony Scott,2009,18487,The Taking of Pelham 1 2 3,6.14651346206665
Tony Scott,2005,9923,Domino,6.063777446746826
Tony Scott,2004,9509,Man on Fire,6.839323043823242
Tony Scott,2001,1535,Spy Game,6.359349727630615
Tony Scott,1998,9798,Enemy of the State,6.435416221618652
Tony Scott,1996,9566,The Fan,6.027129173278809
Tony Scott,1995,8963,Crimson Tide,6.403212070465088
Tony Scott,1993,319,True Romance,6.710175514221191
Tony Scott,1990,2119,Days of Thunder,6.041295528411865
Tony Scott,1987,96,Beverly Hills Cop II,6.095915794372559
Tony Scott,1986,744,Top Gun,6.481023788452148
Preston A. Whitmore II,2007,15250,This Christmas,6.122854232788086
Preston A. Whitmore II,2006,14351,Crossover,6.073766708374023
Vijay Chandar,2015,260778,Vaalu,6.096452236175537
Eric Lavaine,2014,250349,Barbecue,6.039795398712158
George Nolfi,2011,38050,The Adjustment Bureau,6.350624084472656
Alex Gibney,2007,13362,Taxi to the Dark Side,6.119842052459717
Vic Armstrong,2014,218043,Left Behind,5.398874759674072
Hugh Wilson,1999,11622,Blast from the Past,6.1353654861450195
Hugh Wilson,1999,17709,Dudley Do-Right,5.983992099761963
Hugh Wilson,1996,2925,The First Wives Club,6.153315544128418
Hugh Wilson,1984,9336,Police Academy,6.250147342681885
Sharron Miller,1978,77156,Alien Zone,6.086777687072754
Sol Tryon,2007,43653,The Living Wake,6.092166900634766
Brett Leonard,1995,9271,Virtuosity,5.992584705352783
Brett Leonard,1992,10163,The Lawnmower Man,5.975155830383301
Joseph Dorman,2012,84401,Sholem Aleichem: Laughing In The Darkness,6.0951924324035645
Eytan Fox,2006,15976,The Bubble,6.124085903167725
Chris Marker,2004,126141,The Case of the Grinning Cat,6.098316192626953
Jake Schreier,2015,286565,Paper Towns,6.097783088684082
Jake Schreier,2012,84329,Robot & Frank,6.319006443023682
Eric Valette,2010,69270,Super Hybrid,6.056846618652344
Eric Valette,2008,6933,One Missed Call,5.882460117340088
Steve McQueen,2013,76203,12 Years a Slave,7.526026248931885
Steve McQueen,2011,76025,Shame,6.525888919830322
Franco Zeffirelli,1999,10368,Tea with Mussolini,6.083834648132324
John Dahl,2007,8141,You Kill Me,6.101520538330078
John Dahl,2005,13922,The Great Raid,6.154552459716797
John Dahl,2001,10866,Joy Ride,6.145623207092285
John Dahl,1998,10220,Rounders,6.34662389755249
Roland Suso Richter,2004,11588,The I Inside,6.081567287445068
Tommy Lee Wallace,1982,10676,Halloween III: Season of the Witch,5.882558822631836
John 'Bud' Cardos,1977,30315,Kingdom of the Spiders,6.0813751220703125
Chris Miller,2011,417859,Puss in Boots,6.191404342651367
Chris Miller,2007,810,Shrek the Third,6.027642726898193
Inna Evlannikova,2010,36696,Space Dogs,6.095438480377197
Renny Harlin,2014,188207,The Legend of Hercules,5.488391399383545
Renny Harlin,2011,50601,5 Days of War,6.075494766235352
Renny Harlin,2009,17134,12 Rounds,6.0199151039123535
Renny Harlin,2006,9954,The Covenant,5.886992931365967
Renny Harlin,2004,11026,Exorcist: The Beginning,5.870035171508789
Renny Harlin,2004,16617,Mindhunters,6.146578788757324
Renny Harlin,2001,10477,Driven,5.842689037322998
Renny Harlin,1999,8914,Deep Blue Sea,5.902674198150635
Renny Harlin,1996,11412,The Long Kiss Goodnight,6.1936211585998535
Renny Harlin,1995,1408,Cutthroat Island,6.044456481933594
Renny Harlin,1993,9350,Cliffhanger,6.095849990844727
Renny Harlin,1990,1573,Die Hard 2,6.429800510406494
Renny Harlin,1990,9548,The Adventures of Ford Fairlane,6.10066032409668
Renny Harlin,1988,10131,A Nightmare on Elm Street 4: The Dream Master,6.026838779449463
Renny Harlin,1988,48309,Prison,6.10991907119751
Raja Menon,2016,375290,Airlift,6.161004066467285
Keith Parmer,2014,256687,Swelter,6.061305999755859
Dan Trachtenberg,2016,333371,10 Cloverfield Lane,6.602241039276123
Troy Miller,2003,10152,Dumb and Dumberer: When Harry Met Lloyd,5.735226631164551
Sherman Alexie,2002,40920,The Business of Fancydancing,6.097273826599121
Fernando Baez Mella,2012,119657,El Rey de Najayo,6.093305587768555
Brian Klugman,2012,83686,The Words,6.180179595947266
Kabir Sadanand,2014,281730,Fugly,6.091654300689697
Isabel Coixet,2006,2266,"Paris, je t'aime",6.218764781951904
Isabel Coixet,2003,20,My Life Without Me,6.175559997558594
Dan Fogelman,2015,256924,Danny Collins,6.174500942230225
David DeCoteau,2014,272724,Doc Holliday's Revenge,6.084282875061035
David DeCoteau,2012,92635,Snow White: A Deadly Summer,6.078639030456543
Tay Garnett,1945,43610,The Valley of Decision,6.092087268829346
Corey Yuen Kwai,2006,9053,DOA: Dead or Alive,5.900755882263184
James Mottern,2008,29406,Trucker,6.104902744293213
Craig Moss,2013,157058,30 Nights of Paranormal Activity With the Devil Inside the Girl With the Dragon Tattoo,6.002715110778809
Craig Moss,2010,38570,The 41–Year–Old Virgin Who Knocked Up Sarah Marshall and Felt Superbad About It,5.994239807128906
Ben Falcone,2016,323676,The Boss,5.909337997436523
Ben Falcone,2014,226486,Tammy,5.718629360198975
Catherine Jelski,2000,146269,The Young Unknowns,6.093305587768555
Richard Kelly,2009,22825,The Box,5.827300548553467
Richard Kelly,2006,4723,Southland Tales,5.970395565032959
Richard Kelly,2001,141,Donnie Darko,7.350687026977539
Peter Cattaneo,2008,10186,The Rocker,6.024287223815918
Peter Cattaneo,2006,15699,Opal Dream,6.093354225158691
Peter Cattaneo,2001,35944,Lucky Break,6.097917556762695
Peter Cattaneo,1997,9427,The Full Monty,6.287352561950684
Philip Zlotorynski,2005,27404,My Big Fat Independent Movie,6.077261447906494
John Putch,2012,134371,Atlas Shrugged Part II,6.064879894256592
Simon West,2015,265208,Wild Card,5.811690330505371
Simon West,2012,76163,The Expendables 2,6.098334789276123
Simon West,2012,127493,Stolen,5.831066608428955
Simon West,2011,27582,The Mechanic,6.201087951660156
Simon West,2006,10053,When a Stranger Calls,5.9418745040893555
Simon West,2001,1995,Lara Croft: Tomb Raider,5.819701671600342
Simon West,1999,2275,The General's Daughter,6.094484329223633
Simon West,1997,1701,Con Air,6.325024604797363
Julian Gilbey,2014,208869,Plastic,6.093856334686279
Julian Gilbey,2011,81390,A Lonely Place to Die,6.108315467834473
Diane Keaton,2000,10385,Hanging Up,6.049529552459717
Garry Marshall,2011,62838,New Year's Eve,5.92491340637207
Garry Marshall,2010,32856,Valentine's Day,5.891267776489258
Garry Marshall,2007,13159,Georgia Rule,6.034416675567627
Garry Marshall,2004,4599,Raising Helen,6.06148099899292
Garry Marshall,2004,11130,The Princess Diaries 2: Royal Engagement,6.0540337562561035
Garry Marshall,2001,9880,The Princess Diaries,6.303218841552734
Garry Marshall,1999,4806,Runaway Bride,5.966746807098389
Garry Marshall,1990,114,Pretty Woman,6.678550720214844
Elizabeth Allen Rosenbaum,2010,38843,Ramona and Beezus,6.094667911529541
Elizabeth Allen Rosenbaum,2006,14191,Aquamarine,6.012607574462891
John Huston,1961,11536,The Misfits,6.14265775680542
John Huston,1956,10339,Moby Dick,6.161812782287598
Nancy Walker,1980,40932,Can't Stop the Music,6.082210540771484
Josh Trank,2015,166424,Fantastic Four,4.9016618728637695
Josh Trank,2012,76726,Chronicle,6.432094097137451
Joseph Green,1962,33468,The Brain That Wouldn't Die,6.038627624511719
Rob Minkoff,2014,82703,Mr. Peabody & Sherman,6.377125263214111
Rob Minkoff,2008,1729,The Forbidden Kingdom,6.1604084968566895
Rob Minkoff,2003,10756,The Haunted Mansion,5.801178932189941
Rob Minkoff,2002,10996,Stuart Little 2,5.822951793670654
Rob Minkoff,1999,10137,Stuart Little,5.946652889251709
Adam Carolla,2015,291362,Road Hard,6.097497463226318
Ang Lee,2012,87827,Life of Pi,7.042907238006592
Ang Lee,2009,26320,Taking Woodstock,6.105782508850098
Ang Lee,2005,142,Brokeback Mountain,6.946896076202393
Ang Lee,2003,1927,Hulk,5.605288982391357
Ang Lee,2000,146,"Crouching Tiger, Hidden Dragon",6.637264251708984
Ang Lee,1999,22267,Ride with the Devil,6.117936611175537
Ang Lee,1997,68924,The Ice Storm,6.2183966636657715
Ang Lee,1995,4584,Sense and Sensibility,6.3904500007629395
Richard Marquand,1983,1892,Return of the Jedi,7.591923713684082
John Waters,2000,14195,Cecil B. Demented,6.098692893981934
John Waters,1994,11592,Serial Mom,6.1311516761779785
John Waters,1972,692,Pink Flamingos,6.104284286499023
Yorgos Lanthimos,2009,38810,Dogtooth,6.300759315490723
Tom Ford,2009,34653,A Single Man,6.486202716827393
Sarah Gavron,2007,21074,Brick Lane,6.079548358917236
Molly Bernstein,2012,180383,Deceptive Practice: The Mysteries and Mentors of Ricky Jay,6.110840320587158
Timothy Woodward Jr.,2015,356841,Checkmate,6.067983627319336
Frank Whaley,2002,99826,The Jimmy Show,6.095291614532471
Jonathan Frakes,2004,14623,Thunderbirds,5.9292192459106445
Jonathan Frakes,2002,15028,Clockstoppers,5.9919657707214355
Jonathan Frakes,1998,200,Star Trek: Insurrection,6.153170585632324
Jonathan Frakes,1996,199,Star Trek: First Contact,6.463259220123291
James D. Stern,2000,24977,Michael Jordan to the Max,6.107822418212891
Leonard Farlinger,2007,10914,All Hat,6.0879998207092285
George Cukor,1964,11113,My Fair Lady,6.444149494171143
Bruce Malmuth,1981,21610,Nighthawks,6.1185455322265625
Mike Cahill,2014,244267,I Origins,6.832828998565674
Mike Cahill,2011,55420,Another Earth,6.343930244445801
Robert Adetuyi,2011,66767,Beat the World,6.063877105712891
Luc Besson,2014,240832,Lucy,6.271007537841797
Luc Besson,2006,9992,Arthur and the Invisibles,6.055994987487793
Luc Besson,1999,10047,The Messenger: The Story of Joan of Arc,6.122835636138916
Luc Besson,1997,18,The Fifth Element,7.061102390289307
Luc Besson,1985,10656,Subway,6.110315799713135
Jamie Blanks,2001,10984,Valentine,5.977148056030273
Jamie Blanks,1998,9877,Urban Legend,5.978766918182373
Emile Ardolino,1993,73191,The Nutcracker,6.090746879577637
Neil Burger,2014,157350,Divergent,6.762393951416016
Neil Burger,2008,16005,The Lucky Ones,6.104516983032227
Neil Burger,2006,1491,The Illusionist,6.724934101104736
Neil Burger,2002,36584,Interview with the Assassin,6.090746879577637
Ron Underwood,2002,11692,The Adventures of Pluto Nash,5.874913692474365
Ron Underwood,1998,9822,Mighty Joe Young,6.058851718902588
Ron Underwood,1990,9362,Tremors,6.3334503173828125
Greg Mottola,2011,39513,Paul,6.358071327209473
Greg Mottola,2009,16614,Adventureland,6.2265801429748535
Greg Mottola,2007,8363,Superbad,6.715750217437744
Terrence Malick,2011,8967,The Tree of Life,6.299578666687012
Terrence Malick,2005,11400,The New World,6.171823024749756
Terrence Malick,1998,8741,The Thin Red Line,6.586520195007324
Terrence Malick,1978,16642,Days of Heaven,6.3888349533081055
Mike Gabriel,1995,10530,Pocahontas,6.4591803550720215
Roger Avary,2002,1809,The Rules of Attraction,6.124116897583008
Roger Avary,1993,507,Killing Zoe,6.093999862670898
Paul Bartel,1975,13282,Death Race 2000,6.071172714233398
Ryan Murphy,2010,38167,Eat Pray Love,5.976351261138916
Ryan Murphy,2006,7510,Running with Scissors,6.071243762969971
Stephen T. Kay,2005,8968,Boogeyman,5.845286846160889
Stephen T. Kay,2000,10461,Get Carter,5.9234418869018555
Stephen T. Kay,1997,34941,The Last Time I Committed Suicide,6.0977020263671875
Gregory Nava,1997,16052,Selena,6.189636707305908
Christian Alvart,2009,19898,Pandorum,6.274945259094238
Christian Alvart,2009,28355,Case 39,6.0957818031311035
Robert Moresco,2006,13197,10th & Wolf,6.098351955413818
Leslye Headland,2012,84174,Bachelorette,5.842252254486084
Jorge Gaggero,2004,78705,Live-In Maid,6.098628044128418
Michael Corrente,2007,13072,Brooklyn Rules,6.087901592254639
Michael Corrente,1999,14578,Outside Providence,6.078341960906982
Patrice Leconte,2000,48217,The Widow of Saint-Pierre,6.100185394287109
Claudia Sainte-Luce,2013,215924,The Amazing Catfish,6.08645486831665
James Toback,2001,27451,Harvard Man,6.07338809967041
James Toback,1997,32456,Two Girls and a Guy,6.076378345489502
Niels Arden Oplev,2013,102362,Dead Man Down,6.016080379486084
John Maclean,2015,223485,Slow West,6.23354434967041
Lluís Quílez,2014,283686,Out of the Dark,6.012307643890381
Park Chan-wook,2013,86825,Stoker,6.288147926330566
Park Chan-wook,2005,4550,Sympathy for Lady Vengeance,6.447057247161865
Park Chan-wook,2003,670,Oldboy,7.370344161987305
Steve Carr,2009,14560,Paul Blart: Mall Cop,5.690371990203857
Steve Carr,2003,10708,Daddy Day Care,5.922921657562256
Steve Carr,2001,10808,Dr. Dolittle 2,5.735924243927002
Steve Carr,2000,10471,Next Friday,6.1311516761779785
Christopher McQuarrie,2015,177677,Mission: Impossible - Rogue Nation,6.869204044342041
Christopher McQuarrie,2012,75780,Jack Reacher,6.249906539916992
Christopher McQuarrie,2000,1619,The Way of the Gun,6.1222662925720215
Christophe Gans,2006,588,Silent Hill,6.20216178894043
Robert Hall,2014,287524,Fear Clinic,6.00547456741333
Fernando León de Aranoa,2002,54580,Mondays in the Sun,6.1297287940979
Alister Grierson,2011,48340,Sanctum,6.016702651977539
Michael Cuesta,2014,245916,Kill the Messenger,6.230197906494141
Michael Cuesta,2001,18734,L.I.E.,6.112303256988525
Stuart Hazeldine,2009,29917,Exam,6.27211856842041
Laurent Bouhnik,2011,86331,Desire,5.839381217956543
Robert Sarkies,2006,10844,Out of the Blue,6.0897440910339355
Duane Journey,2013,165864,Hansel and Gretel Get Baked,6.00885009765625
Mike Newell,2010,9543,Prince of Persia: The Sands of Time,6.168766975402832
Mike Newell,2007,6639,Love in the Time of Cholera,6.117192268371582
Mike Newell,2005,674,Harry Potter and the Goblet of Fire,7.2945756912231445
Mike Newell,2003,11820,Mona Lisa Smile,6.211523532867432
Mike Newell,1999,12596,Pushing Tin,6.050865173339844
Mike Newell,1997,9366,Donnie Brasco,6.804976463317871
Mike Newell,1994,712,Four Weddings and a Funeral,6.294581890106201
Michael Kang,2005,20520,The Motel,6.096133232116699
Ryan Smith,2012,118612,After,6.062896251678467
Michael Mann,2015,201088,Blackhat,5.633658409118652
Michael Mann,2009,11322,Public Enemies,6.330646991729736
Michael Mann,2004,1538,Collateral,6.6392035484313965
Michael Mann,2001,8489,Ali,6.286187648773193
Michael Mann,1999,9008,The Insider,6.49637508392334
Michael Mann,1992,9361,The Last of the Mohicans,6.529083251953125
Emilio Estevez,2006,10741,Bobby,6.127161502838135
Ham Tran,2006,25784,Journey from the Fall,6.092166900634766
Wes Ball,2015,294254,Maze Runner: The Scorch Trials,6.326451778411865
Wes Ball,2014,198663,The Maze Runner,6.862635135650635
Lasse Hallström,2014,228194,The Hundred-Foot Journey,6.511165618896484
Lasse Hallström,2013,112949,Safe Haven,6.465869903564453
Lasse Hallström,2010,22971,Dear John,6.381215572357178
Lasse Hallström,2009,28178,Hachi: A Dog's Tale,7.124207973480225
Lasse Hallström,2006,9903,The Hoax,6.111363887786865
Lasse Hallström,2005,1947,An Unfinished Life,6.180517673492432
Lasse Hallström,2001,6440,The Shipping News,6.1243486404418945
Lasse Hallström,2000,392,Chocolat,6.4451727867126465
Lasse Hallström,1993,1587,What's Eating Gilbert Grape,6.78167200088501
Carl Rinsch,2013,64686,47 Ronin,5.981129169464111
Raymond De Felitta,2009,28053,City Island,6.17833948135376
Arie Posin,2005,13919,The Chumscrubber,6.1301469802856445
Todd Graff,2012,63574,Joyful Noise,6.113487720489502
Todd Graff,2009,23367,Bandslam,6.012792587280273
Marco Schnabel,2008,12177,The Love Guru,5.731956481933594
Chad Hartigan,2013,158895,This Is Martin Bonner,6.095410346984863
Tom Holland,1996,10280,Thinner,6.025373935699463
Tom Holland,1988,10585,Child's Play,6.171285629272461
Angela Robinson,2005,11451,Herbie Fully Loaded,5.734630107879639
Angela Robinson,2004,540,D.E.B.S.,6.0509819984436035
Michael Spierig,2009,19901,Daybreakers,6.05617094039917
Bob Fosse,1979,16858,All That Jazz,6.191551685333252
Bob Fosse,1969,42618,Sweet Charity,6.099568843841553
Cory Edwards,2005,10982,Hoodwinked!,6.028914928436279
Ken Shapiro,1981,16471,Modern Problems,6.081751346588135
Sidney J. Furie,1987,11411,Superman IV: The Quest for Peace,5.596930503845215
Joshua Tickell,2008,13518,Fuel,6.096133232116699
Stanton Barrett,2015,361159,Navy Seals vs. Zombies,5.999477386474609
Lewis Gilbert,1979,698,Moonraker,6.023586750030518
Lewis Gilbert,1977,691,The Spy Who Loved Me,6.268540382385254
Lewis Gilbert,1967,667,You Only Live Twice,6.238241672515869
Lawrence Kasdan,2012,89325,Darling Companion,6.075514793395996
Lawrence Kasdan,2003,6171,Dreamcatcher,5.7985453605651855
Lawrence Kasdan,1999,24071,Mumford,6.098761558532715
Lawrence Kasdan,1994,12160,Wyatt Earp,6.164065361022949
Lawrence Kasdan,1985,11509,Silverado,6.226316928863525
Jon Favreau,2016,278927,The Jungle Book,6.548917293548584
Jon Favreau,2010,10138,Iron Man 2,6.537766456604004
Jon Favreau,2008,1726,Iron Man,7.271276950836182
Jon Favreau,2005,6795,Zathura: A Space Adventure,6.096306324005127
Jon Favreau,2003,10719,Elf,6.248859405517578
Jon Favreau,2001,15745,Made,6.104516983032227
Tate Taylor,2014,239566,Get on Up,6.136687755584717
Tate Taylor,2011,50014,The Help,7.229515552520752
David E. Talbert,2013,175528,Baggage Claim,6.0531415939331055
Kang Woo-Suk,2003,19644,Silmido,6.107679843902588
Cristian Mungiu,2007,2009,"4 Months, 3 Weeks and 2 Days",6.262134552001953
Tom Sanchez,2013,355629,The Blade of Don Juan,6.093305587768555
Risa Bramon Garcia,1999,15256,200 Cigarettes,6.093599319458008
Jessie Nelson,2015,333348,Love the Coopers,5.990479469299316
Jessie Nelson,2001,10950,I Am Sam,6.487226486206055
Jon Lucas,2016,376659,Bad Moms,6.210348129272461
Jon Lucas,2013,107811,21 & Over,5.922393798828125
Dean Parisot,2013,146216,RED 2,6.281641960144043
Dean Parisot,2005,7552,Fun with Dick and Jane,6.016885280609131
Dean Parisot,1999,926,Galaxy Quest,6.436476707458496
Dean Parisot,1998,12257,Home Fries,6.051543712615967
Howard Hawks,1948,3089,Red River,6.188357353210449
Tina Gordon Chism,2013,72359,Peeples,6.080284118652344
Alan Taylor,2015,87101,Terminator Genisys,5.861280918121338
Alan Taylor,2013,76338,Thor: The Dark World,6.681393146514893
Paweł Pawlikowski,2013,209274,Ida,6.308022975921631
Paweł Pawlikowski,2004,9709,My Summer of Love,6.087897777557373
Katherine Brooks,2006,19344,Loving Annabelle,6.109941005706787
Giuseppe Tornatore,2013,152742,The Best Offer,6.7734694480896
Rawson Marshall Thurber,2016,302699,Central Intelligence,6.1607818603515625
Rawson Marshall Thurber,2013,138832,We're the Millers,6.627595901489258
Rawson Marshall Thurber,2004,9472,DodgeBall: A True Underdog Story,6.1472578048706055
Maïwenn,2011,71157,Polisse,6.507218837738037
Mike Binder,2014,253331,Black or White,6.136852741241455
Mike Binder,2007,2355,Reign Over Me,6.353348731994629
Mike Binder,2005,11354,The Upside of Anger,6.1147236824035645
Jay Chandrasekhar,2006,9988,Beerfest,6.048700332641602
Jay Chandrasekhar,2005,6519,The Dukes of Hazzard,5.847121715545654
Jay Chandrasekhar,2004,11217,Club Dread,5.993602275848389
Jay Chandrasekhar,2001,39939,Super Troopers,6.232157230377197
Victor Salva,2006,13689,Peaceful Warrior,6.196835041046143
Victor Salva,2003,11351,Jeepers Creepers 2,5.952289581298828
Victor Salva,2001,8922,Jeepers Creepers,6.0961761474609375
Jean-Marie Poiré,2001,56715,Just Visiting,5.897593021392822
Jean-Marie Poiré,1998,10353,The Visitors II: The Corridors of Time,6.038372993469238
Jean-Marie Poiré,1993,11687,The Visitors,6.3999128341674805
Brian Helgeland,2015,276907,Legend,6.398850917816162
Brian Helgeland,2013,109410,42,6.411844253540039
Brian Helgeland,2003,9616,The Order,5.9812188148498535
Brian Helgeland,2001,9476,A Knight's Tale,6.339592933654785
Brian Helgeland,1999,2112,Payback,6.313921928405762
Mark Herman,2008,14574,The Boy in the Striped Pyjamas,7.06065559387207
Mark Herman,1998,8545,Little Voice,6.123607635498047
Peter Medak,1993,2088,Romeo Is Bleeding,6.079075336456299
Lenny Abrahamson,2015,264644,Room,7.582126140594482
Don Siegel,1979,10734,Escape from Alcatraz,6.501763343811035
Bennett Miller,2011,60308,Moneyball,6.628410339355469
Bennett Miller,2005,398,Capote,6.295368671417236
George Ratliff,2011,51995,Salvation Boulevard,6.079310894012451
Steven R. Monroe,2010,43947,I Spit on Your Grave,6.165886402130127
Peter R. Hunt,1969,668,On Her Majesty's Secret Service,6.224367618560791
François Truffaut,1969,1651,Mississippi Mermaid,6.112895965576172
Randall Rubin,2006,18869,Jimmy and Judy,6.087569713592529
Terry Zwigoff,2003,10147,Bad Santa,6.2585015296936035
Terry Zwigoff,2001,1548,Ghost World,6.4029459953308105
Jonathan Silverman,2014,301748,The Opposite Sex,6.074772834777832
Penelope Spheeris,1992,8872,Wayne's World,6.268808364868164
Luca Guadagnino,2009,41110,I Am Love,6.1503682136535645
Jody Hill,2009,16991,Observe and Report,5.999560832977295
Sadyk Sher-Niyaz,2014,295914,Queen of the Mountains,6.093305587768555
Carroll Ballard,2005,15907,Duma,6.12637996673584
Carroll Ballard,1979,17264,The Black Stallion,6.145854473114014
Roger Nygard,1997,15800,Trekkies,6.097940921783447
Christian Carion,2005,11661,Joyeux Noël,6.293663501739502
Perry Lang,1994,38940,Men of War,6.07295560836792
Jehane Noujaim,2013,159037,The Square,6.185877799987793
Paul W.S. Anderson,2014,76649,Pompeii,5.5848517417907715
Paul W.S. Anderson,2012,71679,Resident Evil: Retribution,5.784869194030762
Paul W.S. Anderson,2011,52451,The Three Musketeers,5.8512372970581055
Paul W.S. Anderson,2010,35791,Resident Evil: Afterlife,5.921136856079102
Paul W.S. Anderson,2008,10483,Death Race,6.041930675506592
Paul W.S. Anderson,2004,395,AVP: Alien vs. Predator,5.76147985458374
Paul W.S. Anderson,2002,1576,Resident Evil,6.302738189697266
Paul W.S. Anderson,1998,9425,Soldier,6.094559192657471
Paul W.S. Anderson,1997,8413,Event Horizon,6.270711421966553
Paul W.S. Anderson,1995,9312,Mortal Kombat,5.874575138092041
Ben Wheatley,2011,74725,Kill List,6.076544284820557
Ben Wheatley,2009,42151,Down Terrace,6.098761558532715
Kevin Hooks,1996,18550,Fled,6.051570415496826
Tony Goldwyn,2001,12658,Someone Like You...,6.083082675933838
Tony Goldwyn,1999,28029,A Walk on the Moon,6.095592021942139
Stephen Chow,2008,13688,CJ7,6.093977451324463
Stephen Chow,2004,9470,Kung Fu Hustle,6.607083797454834
Stephen Chow,2001,11770,Shaolin Soccer,6.264882564544678
Thomas Carter,2014,232679,When the Game Stands Tall,6.117980003356934
Thomas Carter,2005,7214,Coach Carter,6.504659652709961
Thomas Carter,2001,9816,Save the Last Dance,6.148802280426025
Michael Apted,2010,10140,The Chronicles of Narnia: The Voyage of the Dawn Treader,6.15862512588501
Michael Apted,2002,1957,Enough,6.116336822509766
Michael Apted,1999,36643,The World Is Not Enough,6.049138069152832
Michael Apted,1996,11306,Extreme Measures,6.063022136688232
Michael Apted,1980,16769,Coal Miner's Daughter,6.16557502746582
Dave McKean,2005,14517,Mirrormask,6.142016887664795
James Schamus,2016,340611,Indignation,6.140739440917969
William Gazecki,2014,294550,The Outrageous Sophie Tucker,6.093305587768555
Jean-Pierre Jeunet,2013,157841,The Young and Prodigious T.S. Spivet,6.211486339569092
Jean-Pierre Jeunet,2009,27936,Micmacs,6.18778657913208
Jean-Pierre Jeunet,2004,2841,A Very Long Engagement,6.360214710235596
Jean-Pierre Jeunet,2001,194,Amélie,7.4166035652160645
Jean-Pierre Jeunet,1997,8078,Alien: Resurrection,5.979767799377441
Eric Mendelsohn,2010,68412,3 Backyards,6.087933540344238
Alan Parker,2003,11615,The Life of David Gale,6.495816707611084
Alan Parker,1999,10397,Angela's Ashes,6.145854473114014
Alan Parker,1996,8818,Evita,6.071807384490967
Bo Welch,2003,10588,The Cat in the Hat,5.763682842254639
Mikael Salomon,2007,112430,The Company,6.10451078414917
Mikael Salomon,1998,11258,Hard Rain,5.9999823570251465
Josh Schwartz,2012,82679,Fun Size,6.020567417144775
Jamin Winans,2009,24869,Ink,6.122528076171875
Garth Jennings,2005,7453,The Hitchhiker's Guide to the Galaxy,6.386314868927002
Takashi Shimizu,2006,1975,The Grudge 2,5.889758586883545
Takashi Shimizu,2004,1970,The Grudge,5.9542107582092285
Amanda Gusack,2008,20055,The Betrayed,6.084086894989014
James Gray,2013,152599,The Immigrant,6.115367889404297
James Gray,2008,10362,Two Lovers,6.163414001464844
James Gray,2007,2001,We Own the Night,6.195772171020508
James Gray,2000,19457,The Yards,6.084734916687012
Clive Barker,1987,9003,Hellraiser,6.3505539894104
Xavier Beauvois,2010,46332,Of Gods and Men,6.128552436828613
Eddie O'Flaherty,2005,47534,Fighting Tommy Riley,6.090010166168213
Henry Hobson,2015,287424,Maggie,5.751984596252441
Phil Alden Robinson,2002,4614,The Sum of All Fears,6.0327935218811035
Stuart Baird,2002,201,Star Trek: Nemesis,6.0955352783203125
Stuart Baird,1996,2320,Executive Decision,6.031506061553955
John Reinhardt,1948,51130,Open Secret,6.0951924324035645
Raja Gosnell,2013,77931,The Smurfs 2,5.8440022468566895
Raja Gosnell,2011,41513,The Smurfs,5.766127109527588
Raja Gosnell,2008,14405,Beverly Hills Chihuahua,5.879777431488037
Raja Gosnell,2004,11024,Scooby-Doo 2: Monsters Unleashed,5.855709552764893
Raja Gosnell,2002,9637,Scooby-Doo,5.773737907409668
Raja Gosnell,2000,9600,Big Momma's House,5.922921657562256
Harold Becker,2001,11456,Domestic Disturbance,6.020224094390869
Harold Becker,1998,8838,Mercury Rising,6.06743049621582
Harold Becker,1996,11062,City Hall,6.087212562561035
Harold Becker,1989,12150,Sea of Love,6.171072959899902
Guillermo del Toro,2013,68726,Pacific Rim,6.5988664627075195
Guillermo del Toro,2008,11253,Hellboy II: The Golden Army,6.343113422393799
Guillermo del Toro,2006,1417,Pan's Labyrinth,7.238770008087158
Guillermo del Toro,2004,1487,Hellboy,6.377506256103516
Guillermo del Toro,2002,36586,Blade II,6.158858299255371
Duncan Jones,2016,68735,Warcraft,6.238574504852295
Duncan Jones,2011,45612,Source Code,6.8360795974731445
Duncan Jones,2009,17431,Moon,7.0751471519470215
Jamie Thraves,2009,18530,The Cry of the Owl,6.07589054107666
Jason Moore,2012,114150,Pitch Perfect,6.939045429229736
John Milius,1991,18886,Flight of the Intruder,6.080989837646484
John Milius,1984,1880,Red Dawn,6.149471759796143
John Milius,1982,9387,Conan the Barbarian,6.297998905181885
Christopher Bessette,2012,135595,Trade Of Innocents,6.085973262786865
Michael Roemer,1964,91721,Nothing But a Man,6.0951924324035645
Jeff Kanew,1989,22102,Troop Beverly Hills,6.066088676452637
Ernie Barbarash,2015,326284,Pound of Flesh,6.056731700897217
Ernie Barbarash,2014,270938,Falcon Rising,6.052407741546631
John G. Avildsen,1984,1885,The Karate Kid,6.481827259063721
John G. Avildsen,1976,1366,Rocky,7.00944709777832
Danny Steinmann,1985,9731,Friday the 13th: A New Beginning,5.924744606018066
Tony Gilroy,2012,49040,The Bourne Legacy,6.024786472320557
Tony Gilroy,2009,16558,Duplicity,6.025155067443848
Tony Gilroy,2007,4566,Michael Clayton,6.232862949371338
Errol Morris,2008,8847,Standard Operating Procedure,6.100595951080322
Josef Rusnak,1999,1090,The Thirteenth Floor,6.29310417175293
Bibo Bergeron,2011,77459,A Monster in Paris,6.193380355834961
Pan Nalin,2013,211086,Faith Connections,6.087401390075684
Pan Nalin,2001,73981,Ayurveda: Art of Being,6.091455459594727
Linda Mendoza,2003,24621,Chasing Papi,6.0966973304748535
Bobby Roth,2004,34099,Brave New Girl,6.085842132568359
Thomas Langmann,2008,2395,Asterix at the Olympic Games,5.733202934265137
Patty Jenkins,2003,504,Monster,6.397839546203613
Brendan Malloy,2001,14369,Out Cold,6.077944755554199
Daniel Espinosa,2015,181283,Child 44,6.095736980438232
Daniel Espinosa,2012,59961,Safe House,6.2139668464660645
Daniel Espinosa,2010,29920,Easy Money,6.118375778198242
Brad Silberling,2009,18162,Land of the Lost,5.867746353149414
Brad Silberling,2002,31005,Moonlight Mile,6.114223480224609
Brad Silberling,1998,795,City of Angels,6.202338695526123
Brad Silberling,1995,8839,Casper,6.0452375411987305
Shyam Madiraju,2015,360339,Eden,6.083722114562988
Piyush Dinker Pandya,2001,32222,American Desi,6.088764190673828
Terence Young,1981,113464,Inchon,6.094151973724365
Terence Young,1965,660,Thunderball,6.243576526641846
Terence Young,1963,657,From Russia with Love,6.4499592781066895
Terence Young,1962,646,Dr. No,6.492617130279541
Richard Attenborough,1993,10445,Shadowlands,6.135568618774414
Richard Attenborough,1987,12506,Cry Freedom,6.134039402008057
Richard Attenborough,1982,783,Gandhi,6.65186882019043
Richard Attenborough,1977,5902,A Bridge Too Far,6.236517906188965
Kevin Allen,2004,17047,Agent Cody Banks 2: Destination London,5.976681709289551
Kevin Allen,1999,20468,The Big Tease,6.091481685638428
Antonio Simoncini,2014,241766,Lords of London,6.077803134918213
Chris Koch,2003,9582,A Guy Thing,6.030115127563477
Chris Koch,2000,15489,Snow Day,6.0279998779296875
Mikel Rueda,2014,258755,Hidden Away,6.133076190948486
Nadine Labaki,2007,7973,Caramel,6.1296539306640625
Michael Taliferro,2009,21283,Steppin: The Movie,6.088764190673828
Patrick Read Johnson,1994,11212,Baby's Day Out,6.0281267166137695
Patrick Read Johnson,1990,34086,Spaced Invaders,6.057906627655029
Eric Bress,2004,1954,The Butterfly Effect,6.916687488555908
Mitchell Lichtenstein,2007,13121,Teeth,5.932831287384033
Joe Pytka,1996,2300,Space Jam,6.3264265060424805
Daniel Lee,2015,300168,Dragon Blade,6.0679168701171875
Daniel Lee,2008,14538,Three Kingdoms: Resurrection of the Dragon,6.111146926879883
Edward Dmytryk,1968,39209,Shalako,6.084737300872803
Debra Granik,2010,39013,Winter's Bone,6.355301856994629
Jon Avnet,2008,13389,Righteous Kill,6.038965702056885
Jon Avnet,2007,3489,88 Minutes,5.996525287628174
Jon Avnet,1996,9302,Up Close & Personal,6.083726406097412
Mike Judge,2009,12569,Extract,6.027697563171387
Mike Judge,2006,7512,Idiocracy,6.177868366241455
Mike Judge,1999,1542,Office Space,6.776247024536133
Mike Judge,1996,3179,Beavis and Butt-Head Do America,6.1539306640625
Allan Dwan,1949,18712,Sands of Iwo Jima,6.0968546867370605
Robert Schwentke,2016,262504,Allegiant,5.962691783905029
Robert Schwentke,2015,262500,Insurgent,6.1786298751831055
Robert Schwentke,2013,49524,R.I.P.D.,5.699630260467529
Robert Schwentke,2010,39514,RED,6.471005916595459
Robert Schwentke,2009,24420,The Time Traveler's Wife,6.368855953216553
Robert Schwentke,2005,9315,Flightplan,6.0962910652160645
Guillaume Ivernel,2008,10800,Dragon Hunters,6.141525745391846
Floyd Mutrux,1994,88641,There Goes My Baby,6.09831428527832
Jessica Bendinger,2006,10115,Stick It,6.120939254760742
Alice Wu,2004,19316,Saving Face,6.116125106811523
Lawrence Guterman,2005,10214,Son of the Mask,5.443546772003174
Lawrence Guterman,2001,10992,Cats & Dogs,5.799756050109863
Jon Amiel,2003,9341,The Core,5.850766181945801
Jon Amiel,1999,1844,Entrapment,6.057322025299072
Jon Amiel,1997,9414,The Man Who Knew Too Little,6.14020299911499
Jon Amiel,1995,1710,Copycat,6.144908905029297
Peter Hastings,2002,18357,The Country Bears,6.056670188903809
Stéphane Aubier,2012,126319,Ernest & Celestine,6.2876296043396
Eli Craig,2010,46838,Tucker and Dale vs Evil,6.659235954284668
Jon Poll,2008,8669,Charlie Bartlett,6.170591354370117
Ridley Scott,2015,286217,The Martian,7.424368381500244
Ridley Scott,2014,147441,Exodus: Gods and Kings,5.764264106750488
Ridley Scott,2013,109091,The Counselor,5.6274566650390625
Ridley Scott,2012,70981,Prometheus,6.267176628112793
Ridley Scott,2010,20662,Robin Hood,6.156589031219482
Ridley Scott,2008,12113,Body of Lies,6.289633274078369
Ridley Scott,2007,4982,American Gangster,6.890808582305908
Ridley Scott,2006,9726,A Good Year,6.203632354736328
Ridley Scott,2005,1495,Kingdom of Heaven,6.370358943939209
Ridley Scott,2001,855,Black Hawk Down,6.81685209274292
Ridley Scott,2000,98,Gladiator,7.629193305969238
Ridley Scott,1997,4421,G.I. Jane,6.0660858154296875
Ridley Scott,1996,10534,White Squall,6.110315799713135
Ridley Scott,1989,4105,Black Rain,6.114875316619873
Ridley Scott,1982,78,Blade Runner,7.512215614318848
Ridley Scott,1979,348,Alien,7.58085823059082
Michael D. Olmos,2013,84197,Filly Brown,6.091310501098633
Michael Mayer,2006,14012,Flicka,6.093649864196777
Michael Mayer,2004,18923,A Home at the End of the World,6.1249799728393555
Lisanne Pajot,2012,80215,Indie Game: The Movie,6.321583271026611
Ric Roman Waugh,2013,134411,Snitch,5.934134483337402
Richard E. Grant,2005,15013,Wah-Wah,6.095015525817871
Jeff Lowell,2008,13160,Over Her Dead Body,5.989112377166748
Wolfgang Petersen,2006,503,Poseidon,5.868988513946533
Wolfgang Petersen,2004,652,Troy,6.691926002502441
Wolfgang Petersen,2000,2133,The Perfect Storm,6.134241580963135
Wolfgang Petersen,1997,9772,Air Force One,6.143124103546143
Wolfgang Petersen,1995,6950,Outbreak,6.165339469909668
Wolfgang Petersen,1984,34584,The NeverEnding Story,6.556593418121338
Wolfgang Petersen,1981,387,Das Boot,6.797824382781982
Bill Muir,2013,171759,The Lost Medallion: The Adventures of Billy Stone,6.086707592010498
Nacho Vigalondo,2007,14139,Timecrimes,6.313717365264893
Martin Weisz,2007,9793,The Hills Have Eyes 2,5.853954315185547
Craig Gillespie,2016,300673,The Finest Hours,6.171868324279785
Craig Gillespie,2014,198185,Million Dollar Arm,6.201050758361816
Craig Gillespie,2011,58151,Fright Night,6.057285308837891
Craig Gillespie,2007,6615,Lars and the Real Girl,6.442357063293457
Mira Nair,2006,16727,The Namesake,6.12832498550415
Mira Nair,2004,11632,Vanity Fair,6.051337242126465
Mira Nair,2001,480,Monsoon Wedding,6.132952690124512
Mira Nair,1996,28005,Kama Sutra - A Tale of Love,6.079456806182861
Mira Nair,1995,63020,The Perez Family,6.098016738891602
Ellory Elkayem,2002,8869,Eight Legged Freaks,5.930207252502441
Guy Maddin,2002,55616,Dracula: Pages from a Virgin's Diary,6.099979400634766
Lucrecia Martel,2004,44413,The Holy Girl,6.100598335266113
Peter H. Hunt,1972,14902,1776,6.113871097564697
Hans Canosa,2006,15624,Conversations with Other Women,6.097372055053711
Corey Grant,2012,98557,Dysfunctional Friends,6.088764190673828
Bob Odenkirk,2007,10071,The Brothers Solomon,6.038686752319336
Bob Odenkirk,2006,9809,Let's Go to Prison,6.053482532501221
John Lafia,1990,11186,Child's Play 2,6.0220046043396
Ian Fitzgibbon,2009,41009,Perrier’s Bounty,6.069054126739502
Roger Michell,2010,38357,Morning Glory,6.095317363739014
Roger Michell,2002,1537,Changing Lanes,6.047360897064209
Roger Michell,1999,509,Notting Hill,6.6085004806518555
Neill Blomkamp,2015,198184,Chappie,6.479154586791992
Neill Blomkamp,2013,68724,Elysium,6.333124160766602
Neill Blomkamp,2009,17654,District 9,7.033421039581299
Oren Moverman,2009,28089,The Messenger,6.204433917999268
Chris Kentis,2011,92182,Silent House,5.99029541015625
Chris Kentis,2004,83,Open Water,5.921884059906006
Kenny Ortega,2009,13576,This Is It,6.217562198638916
Kenny Ortega,2008,11887,High School Musical 3: Senior Year,6.14251708984375
Kenny Ortega,2007,13649,High School Musical 2,6.096437454223633
Kenny Ortega,2006,10947,High School Musical,6.096722602844238
Kenny Ortega,1993,10439,Hocus Pocus,6.194321632385254
Anthony Mann,1964,17277,The Fall of the Roman Empire,6.090201377868652
Bo Zenga,2009,23988,Stan Helsing,5.901022911071777
Nora Ephron,2009,24803,Julie & Julia,6.280105113983154
Nora Ephron,2000,10783,Lucky Numbers,6.031929016113281
Nora Ephron,1998,9489,You've Got Mail,6.189693927764893
Neil Mcenery-West,2015,347548,Containment,6.057366847991943
Robert Harmon,2002,16028,They,5.986330986022949
Robert Harmon,1993,10413,Nowhere to Run,6.027810573577881
Joe Cross,2010,72914,"Fat, Sick & Nearly Dead",6.140337944030762
Charlie Kaufman,2015,291270,Anomalisa,6.38679838180542
Charlie Kaufman,2008,4960,"Synecdoche, New York",6.386968612670898
Kurt Hale,2003,36825,The R.M.,6.087933540344238
Kurt Hale,2002,16653,The Singles Ward,6.099148273468018
Bob Dolman,2002,9034,The Banger Sisters,6.057277202606201
Patrick Hughes,2014,138103,The Expendables 3,6.097668647766113
Michael Haigney,2000,10991,Pokémon: Spell of the Unknown,6.0691423416137695
Robert Kenner,2008,18570,"Food, Inc.",6.334421634674072
David Hackl,2015,244316,Into the Grizzly Maze,6.022149085998535
David Hackl,2008,11917,Saw V,6.004204750061035
Zach Braff,2014,231576,Wish I Was Here,6.166386127471924
Zach Braff,2004,401,Garden State,6.487812519073486
Frank Miller,2008,8285,The Spirit,5.744706630706787
Mark Sandrich,1935,3080,Top Hat,6.169037342071533
Bryan Barber,2006,13816,Idlewild,6.0760040283203125
E.L. Katz,2013,175291,Cheap Thrills,6.122064590454102
Niki Caro,2015,228203,"McFarland, USA",6.330784797668457
Niki Caro,2005,9701,North Country,6.174797058105469
Niki Caro,2003,1088,Whale Rider,6.197738170623779
François Ozon,2003,302,Swimming Pool,6.135503768920898
François Ozon,2002,1958,8 Women,6.230199337005615
Charles Binamé,2005,49081,The Rocket: The Legend of Rocket Richard,6.093421936035156
Richard Glatzer,2014,284293,Still Alice,6.846088409423828
Richard Glatzer,2006,64499,Quinceañera,6.0998759269714355
Craig Zobel,2012,84188,Compliance,6.132017135620117
Jim Chuchu,2014,287625,Stories of Our Lives,6.093305587768555
Mathieu Kassovitz,2008,9381,Babylon A.D.,5.806654453277588
Mathieu Kassovitz,2003,4970,Gothika,5.977128505706787
Rupert Wainwright,1999,10307,Stigmata,6.074504375457764
Jonathan Hensleigh,2004,7220,The Punisher,6.096278190612793
Andrew Douglas,2005,10065,The Amityville Horror,6.057840824127197
Xavier Gens,2011,38541,The Divide,6.026280403137207
Xavier Gens,2007,1620,Hitman,5.996301174163818
William Arntz,2004,8357,What the #$*! Do We (K)now!?,6.083262920379639
Mike Flanagan,2013,157547,Oculus,6.201333999633789
Mike Flanagan,2011,74777,Absentia,6.060444355010986
Alan J. Pakula,1997,4477,The Devil's Own,6.048422813415527
Alan J. Pakula,1993,9944,The Pelican Brief,6.1509623527526855
John Robert Hoffman,2003,21765,Good Boy!,6.051041603088379
Brenda Chapman,2012,62177,Brave,6.596103668212891
Carol Reed,1968,17917,Oliver!,6.181242942810059
Carol Reed,1956,40494,Trapeze,6.100183486938477
Jacques Perrin,2009,36970,Oceans,6.2184858322143555
Jacques Perrin,2001,11516,Winged Migration,6.137381076812744
Kirk Jones,2016,302688,My Big Fat Greek Wedding 2,5.944168567657471
Kirk Jones,2012,76494,What to Expect When You're Expecting,5.981120586395264
Kirk Jones,2009,26171,Everybody's Fine,6.186226844787598
Kirk Jones,2005,11283,Nanny McPhee,6.223880290985107
Kirk Jones,1998,10162,Waking Ned,6.162961483001709
Susan Stroman,2005,9899,The Producers,6.094216346740723
Colin Strause,2010,42684,Skyline,5.611445903778076
Colin Strause,2007,440,Aliens vs Predator: Requiem,5.57356071472168
Nimród Antal,2013,193613,Metallica: Through the Never,6.141631603240967
Nimród Antal,2010,34851,Predators,6.041330337524414
Nimród Antal,2009,4597,Armored,5.987557888031006
Barry Cook,2013,77951,Walking With Dinosaurs,5.984505653381348
Barry Cook,2011,51052,Arthur Christmas,6.2496747970581055
David Winning,2014,290370,Mutant World,6.060826301574707
Stewart Hendler,2009,26688,Sorority Row,5.985281467437744
Maksim Fadeev,2015,367961,Savva. Heart of the Warrior,6.0955281257629395
Jonas Elmer,2009,14536,New in Town,6.009716510772705
John Hamburg,2009,16538,"I Love You, Man",6.235400199890137
John Hamburg,2004,5966,Along Came Polly,5.962401866912842
John Hamburg,1998,16155,Safe Men,6.0966973304748535
James Ivory,2009,42819,The City of Your Final Destination,6.089648723602295
James Ivory,2005,18840,The White Countess,6.110591888427734
James Ivory,1995,87729,Jefferson in Paris,6.084086894989014
James Ivory,1993,1245,The Remains of the Day,6.338053226470947
James Ivory,1992,8293,Howards End,6.166015148162842
James Ivory,1987,26371,Maurice,6.153509616851807
James Ivory,1985,11257,A Room with a View,6.206170558929443
Christophe Barratier,2004,5528,The Chorus,6.591568946838379
Hart Bochner,1994,14425,PCU,6.089479923248291
Mike McCoy,2012,75674,Act of Valor,6.15594482421875
Anthony O'Brien,2015,322443,The Timber,6.062607765197754
Dave Willis,2007,13158,Aqua Teen Hunger Force Colon Movie Film for Theaters,6.107625961303711
P.J. Hogan,1997,8874,My Best Friend's Wedding,6.171535968780518
Jim Goddard,1986,58048,Shanghai Surprise,6.044127464294434
Richard Fleischer,1985,9626,Red Sonja,5.899982929229736
Richard Fleischer,1984,9610,Conan the Destroyer,6.0095977783203125
Richard Fleischer,1970,11165,Tora! Tora! Tora!,6.20052433013916
Richard Fleischer,1954,173,"20,000 Leagues Under the Sea",6.192724227905273
Robert Duvall,1997,2895,The Apostle,6.093560695648193
Adam Jay Epstein,2008,15544,Extreme Movie,5.99708890914917
James Bidgood,1971,42497,Pink Narcissus,6.092438220977783
David R. Ellis,2011,65055,Shark Night,5.948927402496338
David R. Ellis,2009,19912,The Final Destination,5.771441459655762
David R. Ellis,2006,326,Snakes on a Plane,5.754244327545166
David R. Ellis,2004,9759,Cellular,6.09570837020874
David R. Ellis,2003,9358,Final Destination 2,5.993531703948975
Remo D'Souza,2013,157293,ABCD (Any Body Can Dance),6.088214874267578
Irwin Winkler,2004,15237,De-Lovely,6.099979877471924
Irwin Winkler,2001,11457,Life as a House,6.216385364532471
Irwin Winkler,1999,15556,At First Sight,6.0840911865234375
Irwin Winkler,1995,1642,The Net,5.9603047370910645
Jason Connery,2009,17577,The Devil's Tomb,5.983675956726074
Kevin Carraway,2015,352978,Chain of Command,6.084309101104736
Kate Barker-Froyland,2014,244783,Song One,6.043957710266113
Benedek Fliegauf,2010,59457,Womb,6.076384544372559
Tommy O'Haver,2004,14442,Ella Enchanted,6.0327935218811035
Tommy O'Haver,2001,10050,Get Over It,6.0502705574035645
Steve Miner,2001,13503,Texas Rangers,6.079836368560791
Steve Miner,1999,9825,Lake Placid,5.9717912673950195
Steve Miner,1989,11342,Warlock,6.066869258880615
Steve Miner,1982,9728,Friday the 13th Part III,6.010948181152344
Steve Miner,1981,9725,Friday the 13th Part 2,6.070235252380371
Nick Hamm,2004,11058,Godsend,5.945274829864502
Danny Cannon,2005,9763,Goal!: The Dream Begins,6.194051742553711
Danny Cannon,1998,3600,I Still Know What You Did Last Summer,5.8146138191223145
Jonathan Lynn,2010,44147,Wild Target,6.149471759796143
Jonathan Lynn,2000,2069,The Whole Nine Yards,6.13132905960083
Jonathan Lynn,1996,9099,Sgt. Bilko,6.040341854095459
Jonathan Lynn,1992,10377,My Cousin Vinny,6.4383320808410645
Tim Chambers,2009,48620,The Mighty Macs,6.076467990875244
Mickey Liddell,2008,14745,The Haunting of Molly Hartley,6.0078253746032715
Tom Schulman,1997,13982,8 Heads in a Duffel Bag,6.0662126541137695
Jason Marsden,2014,250184,Locker 13,6.0955095291137695
Daryl Wein,2009,44990,Breaking Upwards,6.087209224700928
Gideon Raff,2008,22007,Train,6.046512603759766
Robert Lorenz,2012,87825,Trouble with the Curve,6.233267784118652
David Anspaugh,2005,29078,The Game of Their Lives,6.089085102081299
Michael Wadleigh,1970,9459,Woodstock,6.1581268310546875
Rich Cowan,2000,52790,The Basket,6.095834255218506
Claudia Llosa,2014,251321,Aloft,6.052579879760742
Márcio Garcia,2013,192210,Open Road,6.076847553253174
Juan Antonio Bayona,2012,80278,The Impossible,6.708605766296387
Juan Antonio Bayona,2007,6537,The Orphanage,6.493580341339111
Jan Pinkava,2007,2062,Ratatouille,7.246805667877197
Ash Baron-Cohen,1995,124606,Bang,6.093208312988281
Nnegest Likké,2006,30139,Phat Girlz,6.068606853485107
Harley Cokeliss,1987,27342,Malone,6.104188919067383
Àlex Pastor,2009,25769,Carriers,6.026656150817871
Chris Atkins,2009,40658,Starsuckers,6.09385871887207
Daniel Taplitz,2004,16428,Breakin' All the Rules,6.087020397186279
Ivan Reitman,2014,200505,Draft Day,6.191195487976074
Ivan Reitman,2011,41630,No Strings Attached,6.097196578979492
Ivan Reitman,2006,4474,My Super Ex-Girlfriend,5.685281753540039
Ivan Reitman,1998,6068,Six Days Seven Nights,5.966444492340088
Ivan Reitman,1990,951,Kindergarten Cop,5.977240085601807
Ivan Reitman,1988,9493,Twins,5.948471546173096
Ivan Reitman,1986,9930,Legal Eagles,6.078495025634766
Ivan Reitman,1981,10890,Stripes,6.177135944366455
Mark Tarlov,1999,16172,Simply Irresistible,6.062789440155029
Peter Segal,2013,64807,Grudge Match,6.064281463623047
Peter Segal,2008,11665,Get Smart,6.044517517089844
Peter Segal,2005,9291,The Longest Yard,6.141330242156982
Peter Segal,2004,1824,50 First Dates,6.441410064697266
Peter Segal,2000,12107,Nutty Professor II: The Klumps,5.734996318817139
Peter Segal,1996,17795,My Fellow Americans,6.102766036987305
Peter Segal,1994,36593,The Naked Gun 33⅓: The Final Insult,6.166067600250244
Hitoshi Matsumoto,2013,193722,R100,6.071596145629883
Conor McPherson,2009,39563,The Eclipse,6.093408584594727
Bart Freundlich,2005,14057,Trust the Man,6.07589054107666
Bart Freundlich,2004,20483,Catch That Kid,6.005681037902832
Noam Murro,2014,53182,300: Rise of an Empire,6.098086833953857
Ryan Little,2003,10105,Saints and Soldiers,6.140283584594727
Catherine Hardwicke,2013,215881,Plush,6.065545558929443
Catherine Hardwicke,2011,49730,Red Riding Hood,5.851504325866699
Catherine Hardwicke,2008,8966,Twilight,5.86223030090332
Catherine Hardwicke,2006,2447,The Nativity Story,6.104104518890381
Catherine Hardwicke,2005,9787,Lords of Dogtown,6.2561845779418945
Catherine Hardwicke,2003,11023,Thirteen,6.25175666809082
Joss Whedon,2015,99861,Avengers: Age of Ultron,7.150217533111572
Joss Whedon,2012,24428,The Avengers,7.301600456237793
Joss Whedon,2005,16320,Serenity,6.8362932205200195
Robinson Devor,1999,28666,The Woman Chaser,6.088348865509033
Nick Tomnay,2010,66195,The Perfect Host,6.106471538543701
Hunter Richards,2005,7515,London,6.09391450881958
Lijun Sun,2011,173931,Legend of a Rabbit,6.0836591720581055
Deryck Broom,2011,46256,The Lion of Judah,6.092695236206055
Edward Norton,2000,4967,Keeping the Faith,6.065814018249512
Allan Arkush,1981,73247,Heartbeeps,6.079046726226807
Christian Duguay,2002,15074,Extreme Ops,6.062289714813232
Christian Duguay,2000,11398,The Art of War,6.032431602478027
David Gelb,2015,243940,The Lazarus Effect,5.750669479370117
Matt Walsh,2012,89857,High Road,6.086727619171143
John A. Davis,2006,9906,The Ant Bully,5.929419040679932
John A. Davis,2001,12589,Jimmy Neutron: Boy Genius,5.997546195983887
Eugenio Derbez,2013,211954,Instructions Not Included,6.341048240661621
John Herzfeld,2007,10425,The Death and Life of Bobby Z,6.064858913421631
John Herzfeld,2001,2749,15 Minutes,6.027982711791992
Dylan Bank,2013,310933,Bleeding Hearts,6.089041709899902
Dominic Burns,2012,146631,U.F.O.,5.9534592628479
Carmen Marron,2011,61038,Go for It!,6.085560321807861
Vincente Minnelli,1948,35032,The Pirate,6.102131366729736
Brandon Camp,2009,25643,Love Happens,6.015347003936768
Rebecca Miller,2005,17113,The Ballad of Jack and Rose,6.110758304595947
Mariette Monpierre,2011,146882,Elza,6.093305587768555
Taedong Park,2014,283671,Jungle Shuffle,6.093729019165039
Alejandro Amenábar,2015,241257,Regression,5.792733192443848
Alejandro Amenábar,2009,26428,Agora,6.328640937805176
Alejandro Amenábar,2004,1913,The Sea Inside,6.299049377441406
Alejandro Amenábar,2001,1933,The Others,6.92152738571167
Chris Weitz,2011,55720,A Better Life,6.14163875579834
Chris Weitz,2009,18239,The Twilight Saga: New Moon,5.739346027374268
Chris Weitz,2007,2268,The Golden Compass,5.924350261688232
Chris Weitz,2002,245,About a Boy,6.289706230163574
Chris Weitz,2001,16300,Down to Earth,5.9857497215271
Chris Weitz,1999,2105,American Pie,6.309640407562256
Mark Helfrich,2007,10030,Good Luck Chuck,5.905545234680176
Peter Lepeniotis,2014,227783,The Nut Job,5.945211410522461
Richard Curtis,2013,122906,About Time,7.2591142654418945
Richard Curtis,2009,18947,The Boat That Rocked,6.546879768371582
Richard Curtis,2003,508,Love Actually,6.692532062530518
David Atkins,2001,20794,Novocaine,6.089212417602539
Richard Shepard,2013,192134,Dom Hemingway,6.040205001831055
Richard Shepard,2007,5353,The Hunting Party,6.1394124031066895
Richard Shepard,2005,9515,The Matador,6.1065568923950195
Oliver Parker,2011,58233,Johnny English Reborn,6.04551362991333
Oliver Parker,2002,9026,The Importance of Being Earnest,6.164254188537598
Oliver Parker,1999,24137,An Ideal Husband,6.102766036987305
Gerry Lively,2005,9288,Dungeons & Dragons: Wrath of the Dragon God,6.046512603759766
Mark Young,2014,256740,Wicked Blood,6.063835144042969
Eric Styles,1999,108346,Dreaming of Joseph Lees,6.095291614532471
Patrick Ryan Sims,2013,270554,Echo Dr.,6.092166900634766
Elizabeth Banks,2015,254470,Pitch Perfect 2,6.566222667694092
Darnell Martin,2008,14299,Cadillac Records,6.159693717956543
Max Joseph,2015,301351,We Are Your Friends,6.177414894104004
Chris Noonan,2006,13967,Miss Potter,6.119800090789795
Chris Noonan,1995,9598,Babe,6.052884101867676
Jason Zada,2016,329440,The Forest,5.681506633758545
Mario Van Peebles,2014,242166,Red Sky,6.0406904220581055
Mario Van Peebles,2011,74457,Redemption Road,6.08464241027832
Paul Gross,2008,14582,Passchendaele,6.098761558532715
Paul Gross,2002,34341,Men with Brooms,6.081759929656982
Shane Dawson,2014,292483,Not Cool,6.03249979019165
Ti West,2011,58428,The Innkeepers,5.964414119720459
Ti West,2009,25983,The House of the Devil,6.077404975891113
Aleksey German,2013,110402,Hard to Be a God,6.118179798126221
Pitof,2004,314,Catwoman,5.2275495529174805
Chris Stokes,2012,114635,The Helpers,6.076815128326416
Chris Stokes,2004,14114,You Got Served,5.999496936798096
Darren Press,2015,361398,Theresa Is a Mother,6.093305587768555
Matthew Robbins,1981,848,Dragonslayer,6.119863510131836
Harold Cronk,2016,347126,God's Not Dead 2,6.065838813781738
Joe Chappelle,1995,10987,Halloween: The Curse of Michael Myers,5.928680419921875
John McNaughton,1998,617,Wild Things,6.158717155456543
Chuck Russell,2016,332411,I Am Wrath,5.842689037322998
Chuck Russell,2002,9334,The Scorpion King,5.737732887268066
Chuck Russell,2000,10391,Bless the Child,6.011048316955566
Chuck Russell,1996,9268,Eraser,5.914966583251953
Chuck Russell,1994,854,The Mask,6.458373546600342
Chuck Russell,1987,10072,A Nightmare on Elm Street 3: Dream Warriors,6.20295524597168
Mel Smith,2001,10034,High Heels and Low Lifes,6.097095966339111
Rick de Oliveira,2003,19153,The Real Cancun,6.070196628570557
Justin Kerrigan,1999,11129,Human Traffic,6.158219814300537
Jack Sholder,1985,10014,A Nightmare on Elm Street Part 2: Freddy's Revenge,5.985742568969727
Gregory Widen,1995,11980,The Prophecy,6.131886959075928
Justin Thomas Ostensen,2011,107315,Below Zero,6.072379112243652
Richard Williams,1993,26672,The Thief and the Cobbler,6.111959457397461
Mark Pellington,2007,37003,U2 3D,6.099566459655762
Mark Pellington,2002,2637,The Mothman Prophecies,6.094921112060547
Mark Pellington,1999,1073,Arlington Road,6.274190425872803
Amy Heckerling,2012,73935,Vamps,5.9812188148498535
Amy Heckerling,2000,10642,Loser,5.971714496612549
Amy Heckerling,1995,9603,Clueless,6.460942268371582
Amy Heckerling,1982,13342,Fast Times at Ridgemont High,6.321218013763428
Cecil B. DeMille,1952,27191,The Greatest Show on Earth,6.118414402008057
David Slade,2010,24021,The Twilight Saga: Eclipse,5.886282444000244
David Slade,2007,4513,30 Days of Night,6.140718460083008
David Slade,2005,2652,Hard Candy,6.391735076904297
Hayao Miyazaki,2008,12429,Ponyo,6.784339427947998
Hayao Miyazaki,2004,4935,Howl's Moving Castle,7.515145778656006
Hayao Miyazaki,2001,129,Spirited Away,7.8590288162231445
Hayao Miyazaki,1997,128,Princess Mononoke,7.5132832527160645
Daniel Algrant,2002,11458,People I Know,6.0650248527526855
Andrea Di Stefano,2014,255343,Escobar: Paradise Lost,6.094780445098877
Don Taylor,1971,1687,Escape from the Planet of the Apes,6.137923240661621
Doug Lefler,2007,9703,The Last Legion,5.8992109298706055
Peter Jackson,2014,122917,The Hobbit: The Battle of the Five Armies,6.9311909675598145
Peter Jackson,2013,57158,The Hobbit: The Desolation of Smaug,7.336472511291504
Peter Jackson,2012,49051,The Hobbit: An Unexpected Journey,6.9060587882995605
Peter Jackson,2009,7980,The Lovely Bones,6.359920978546143
Peter Jackson,2005,254,King Kong,6.452572822570801
Peter Jackson,2003,122,The Lord of the Rings: The Return of the King,7.886720657348633
Peter Jackson,2002,121,The Lord of the Rings: The Two Towers,7.783504486083984
Peter Jackson,2001,120,The Lord of the Rings: The Fellowship of the Ring,7.810790538787842
Peter Jackson,1994,1024,Heavenly Creatures,6.306049346923828
Stefen Fangmeier,2006,2486,Eragon,5.494174480438232
Scott Alexander,2000,19419,Screwed,6.065356254577637
Dustin Hoffman,2012,121826,Quartet,6.119471549987793
Ronan Chapalain,2010,78394,Sea Rex 3D: Journey to a Prehistoric World,6.091113567352295
Bob Gosse,2009,30128,I Hope They Serve Beer in Hell,6.085270881652832
Joan Chen,2000,10641,Autumn in New York,6.044771671295166
Eric Bross,2011,78814,We Have Your Husband,6.089896202087402
Eric Bross,2001,34043,On the Line,6.072734832763672
Ericson Core,2015,257088,Point Break,5.826624393463135
H.M. Coakley,2016,376004,Adulterers,6.078646183013916
Warren Sheppard,2016,380733,Fight to the Finish,6.090519905090332
Alex van Warmerdam,1996,5900,The Dress,6.096133232116699
Henry Selick,2009,14836,Coraline,6.806516170501709
Henry Selick,2001,23685,Monkeybone,5.958418369293213
Harold Ramis,2009,17610,Year One,5.565664291381836
Harold Ramis,2002,9932,Analyze That,5.981688022613525
Harold Ramis,2000,1636,Bedazzled,5.921604156494141
Harold Ramis,1999,9535,Analyze This,6.19882345199585
Harold Ramis,1996,9304,Multiplicity,6.0112128257751465
Harold Ramis,1993,137,Groundhog Day,7.0156073570251465
Harold Ramis,1983,11153,National Lampoon's Vacation,6.39479923248291
Harold Ramis,1980,11977,Caddyshack,6.232990741729736
Simon Napier-Bell,2015,459488,"To Be Frank, Sinatra at 100",6.093305587768555
David Sington,2007,14284,In the Shadow of the Moon,6.140484809875488
Taylor Hackford,2013,119283,Parker,5.8562469482421875
Taylor Hackford,2010,39845,Love Ranch,6.091306209564209
Taylor Hackford,2004,1677,Ray,6.45573616027832
Taylor Hackford,2000,11983,Proof of Life,6.0766754150390625
Taylor Hackford,1997,1813,The Devil's Advocate,6.745083808898926
Taylor Hackford,1993,9702,Bound by Honor,6.265344619750977
Brian Robbins,2012,72358,A Thousand Words,6.0671772956848145
Brian Robbins,2008,11260,Meet Dave,5.788331031799316
Brian Robbins,2006,10067,The Shaggy Dog,5.894142150878906
Brian Robbins,2001,20857,Hardball,6.116802215576172
Brian Robbins,2000,20697,Ready to Rumble,6.025575160980225
Brian Robbins,1999,14709,Varsity Blues,6.082775115966797
Paul Weitz,2013,144340,Admission,5.926429271697998
Paul Weitz,2010,39451,Little Fockers,5.729311466217041
Paul Weitz,2009,24418,Cirque du Freak: The Vampire's Assistant,5.935332775115967
Paul Weitz,2006,9310,American Dreamz,5.9857497215271
Paul Weitz,2004,1901,In Good Company,6.0607805252075195
Chuck Sheetz,2001,19405,Recess: School's Out,6.126393795013428
Jonathan Demme,2008,14976,Rachel Getting Married,6.094277858734131
Jonathan Demme,2004,14462,The Manchurian Candidate,6.124319553375244
Jonathan Demme,1998,39437,Beloved,6.088202953338623
Jonathan Demme,1993,9800,Philadelphia,6.857873439788818
Jonathan Demme,1991,274,The Silence of the Lambs,7.743757724761963
John Stephenson,2013,226354,The Christmas Candle,6.090878963470459
Gavin Wiesen,2011,64678,The Art of Getting By,6.216142654418945
Paul McGuigan,2015,228066,Victor Frankenstein,5.88776159286499
Paul McGuigan,2006,186,Lucky Number Slevin,6.850867748260498
Paul McGuigan,2004,11208,Wicker Park,6.178656101226807
John Moore,2013,47964,A Good Day to Die Hard,5.392426013946533
John Moore,2008,13051,Max Payne,5.744961738586426
John Moore,2004,11866,Flight of the Phoenix,6.005408763885498
John Moore,2001,8007,Behind Enemy Lines,6.063191890716553
Scott Smith,2013,231617,"Signed, Sealed, Delivered",6.09894323348999
Roland Joffé,2015,79698,The Lovers,6.049023151397705
Roland Joffé,2011,45054,There Be Dragons,6.088012218475342
Roland Joffé,1995,10533,The Scarlet Letter,6.033252239227295
Brian Gibson,1996,9623,The Juror,6.042919635772705
Brian Gibson,1993,15765,What's Love Got to Do with It,6.149641036987305
Steve Pink,2015,243938,Hot Tub Time Machine 2,5.798537731170654
Steve Pink,2014,222899,About Last Night,6.076544284820557
Steve Pink,2010,23048,Hot Tub Time Machine,6.0482892990112305
Sam Taylor-Johnson,2015,216015,Fifty Shades of Grey,5.403342247009277
Sam Taylor-Johnson,2009,33511,Nowhere Boy,6.317772388458252
Aki Kaurismäki,2011,73532,Le Havre,6.158219814300537
Michel Leclerc,2010,50848,The Names of Love,6.199981212615967
Nicholas Jarecki,2012,60599,Arbitrage,6.094876289367676
Måns Mårlind,2012,52520,Underworld: Awakening,6.097724437713623
Barry Skolnick,2001,9991,Mean Machine,6.080179214477539
Giuliano Montaldo,1969,45138,Machine Gun McCain,6.100808143615723
Peter DeLuise,2015,362105,R.L. Stine's Monsterville: The Cabinet of Souls,6.121710300445557
Peter Sollett,2015,306745,Freeheld,6.240320682525635
Peter Sollett,2008,12182,Nick and Norah's Infinite Playlist,6.180179595947266
Peter Sollett,2002,25461,Raising Victor Vargas,6.116131782531738
Glen Morgan,2006,9656,Black Christmas,5.950538158416748
Glen Morgan,2003,10929,Willard,6.070201873779297
Anthony Russo,2016,271110,Captain America: Civil War,6.982265949249268
Anthony Russo,2014,100402,Captain America: The Winter Soldier,7.385077953338623
Anthony Russo,2006,1819,"You, Me and Dupree",5.886734962463379
Anthony Russo,2002,9260,Welcome to Collinwood,6.098592758178711
Lee Toland Krieger,2015,293863,The Age of Adaline,6.975069522857666
Lee Toland Krieger,2012,84184,Celeste & Jesse Forever,6.1378607749938965
Baltasar Kormákur,2015,253412,Everest,6.48695707321167
Baltasar Kormákur,2013,136400,2 Guns,6.4092936515808105
Baltasar Kormákur,2012,77866,Contraband,6.096286773681641
Chris D'Arienzo,2010,44594,Barry Munday,6.097940921783447
Andrew Bujalski,2005,40769,Mutual Appreciation,6.093360900878906
Andrew Bujalski,2002,33693,Funny Ha Ha,6.095015525817871
Andrew Jarecki,2010,46503,All Good Things,6.0488996505737305
Albert Hughes,2010,20504,The Book of Eli,6.444406032562256
Albert Hughes,2001,768,From Hell,6.314164638519287
Albert Hughes,1993,9516,Menace II Society,6.2624382972717285
Jay Duplass,2011,82532,"Jeff, Who Lives at Home",6.094540596008301
Jay Duplass,2010,39053,Cyrus,6.094120979309082
Jay Duplass,2008,5759,Baghead,6.086435794830322
Jay Duplass,2005,24055,The Puffy Chair,6.094948768615723
Adam Marcus,1993,10285,Jason Goes to Hell: The Final Friday,5.776111125946045
Jim Fall,2003,18736,The Lizzie McGuire Movie,6.004423141479492
Nae Caranfil,2013,137347,Closer to the Moon,6.097407341003418
Phyllida Lloyd,2011,71688,The Iron Lady,6.131144046783447
Phyllida Lloyd,2008,11631,Mamma Mia!,6.274575710296631
Michael Walker,2014,278348,The Maid's Room,6.087933540344238
Kristin Rizzo,2014,274758,Give Me Shelter,6.093305587768555
Dagur Kári,2009,5178,The Good Heart,6.091306209564209
Rowan Joffe,2014,204922,Before I Go to Sleep,6.136761665344238
Rowan Joffe,2010,62728,Brighton Rock,6.0759358406066895
Peter Kassovitz,1999,2290,Jakob the Liar,6.085300445556641
Moustapha Akkad,1981,26843,Lion of the Desert,6.1380462646484375
Jorge R. Gutierrez,2014,228326,The Book of Life,6.624842643737793
Matt Johnson,2013,159770,The Dirties,6.089390754699707
Stephen Carpenter,2001,14033,Soul Survivors,6.010992050170898
Adam McKay,2015,318846,The Big Short,6.975485324859619
Adam McKay,2013,109443,Anchorman 2: The Legend Continues,6.047544956207275
Adam McKay,2010,27581,The Other Guys,6.097258567810059
Adam McKay,2008,12133,Step Brothers,6.307016372680664
Adam McKay,2006,9718,Talladega Nights: The Ballad of Ricky Bobby,6.129434585571289
Adam McKay,2004,8699,Anchorman: The Legend of Ron Burgundy,6.462716102600098
Tyler Perry,2013,175555,A Madea Christmas,6.1252312660217285
Tyler Perry,2012,62008,Good Deeds,6.098087787628174
Tyler Perry,2012,103370,Madea's Witness Protection,6.083363056182861
Tyler Perry,2010,35688,Why Did I Get Married Too?,6.093502044677734
Tyler Perry,2010,44944,For Colored Girls,6.1136393547058105
Tyler Perry,2009,15670,Madea Goes to Jail,6.1090803146362305
Tyler Perry,2009,26367,I Can Do Bad All By Myself,6.089569568634033
Tyler Perry,2007,17202,Why Did I Get Married?,6.0935282707214355
Tyler Perry,2006,16781,Madea's Family Reunion,6.086370468139648
Jim Sonzero,2006,9682,Pulse,5.945428371429443
Wong Kar-wai,2013,44865,The Grandmaster,6.1391072273254395
Wong Kar-wai,2007,1989,My Blueberry Nights,6.077876567840576
Wong Kar-wai,2004,844,2046,6.23594856262207
Mamoru Hosoda,2000,20455,Digimon: The Movie,6.100756645202637
James Bobin,2016,241259,Alice Through the Looking Glass,6.354687213897705
James Bobin,2014,145220,Muppets Most Wanted,6.119749069213867
James Bobin,2011,64328,The Muppets,6.232862949371338
Joseph Graham,2015,323270,The Horror Network Vol. 1,6.091030120849609
Ari Sandel,2015,272693,The DUFF,6.502884864807129
Jill Culton,2006,7484,Open Season,6.096024990081787
Bong Joon-ho,2013,110415,Snowpiercer,6.5474114418029785
Bong Joon-ho,2006,1255,The Host,6.31108283996582
Forest Whitaker,1998,9715,Hope Floats,6.070461750030518
Colin Trevorrow,2015,135397,Jurassic World,6.459461688995361
Colin Trevorrow,2012,84332,Safety Not Guaranteed,6.352660179138184
John Murlowski,2010,76706,Christmas Mail,6.076467990875244
Simeon Rice,2015,323271,Unsullied,6.090083122253418
George Stevens,1965,2428,The Greatest Story Ever Told,6.10998010635376
Vincent Gallo,2004,12703,The Brown Bunny,6.057277202606201
Vincent Gallo,1998,9464,Buffalo '66,6.241848945617676
Jack Heller,2011,98568,Enter Nowhere,6.113075256347656
Gillian Robespierre,2014,248774,Obvious Child,6.192303657531738
G.W. Pabst,1929,905,Pandora's Box,6.160836696624756
Stefan Ruzowitzky,2012,97614,Deadfall,5.999898433685303
Stefan Ruzowitzky,2001,31668,All The Queen's Men,6.093354225158691
Stefan Ruzowitzky,2000,1698,Anatomy,6.093705654144287
Thaddeus O'Sullivan,2002,24985,The Heart of Me,6.1016387939453125
Adam Rapp,2006,14256,Winter Passing,6.110516548156738
Kevin Bray,2004,11358,Walking Tall,6.066776275634766
Kevin Bray,2002,13950,All About the Benjamins,6.079324722290039
Anna Muylaert,2015,310569,The Second Mother,6.343843460083008
Douglas Trumbull,1972,811,Silent Running,6.1255106925964355
Gregory Poirier,2001,10646,Tomcats,6.007822036743164
Kief Davidson,2015,251471,A LEGO Brickumentary,6.109941005706787
Wes Anderson,2014,120467,The Grand Budapest Hotel,7.6662068367004395
Wes Anderson,2012,83666,Moonrise Kingdom,7.0487141609191895
Wes Anderson,2009,10315,Fantastic Mr. Fox,6.868140697479248
Wes Anderson,2004,421,The Life Aquatic with Steve Zissou,6.543241024017334
Wes Anderson,2001,9428,The Royal Tenenbaums,6.841817378997803
Wes Anderson,1998,11545,Rushmore,6.6749114990234375
Wes Anderson,1996,13685,Bottle Rocket,6.253451824188232
John Luessenhop,2013,76617,Texas Chainsaw 3D,5.834255695343018
John Luessenhop,2010,22907,Takers,6.066134452819824
Jason Eisener,2011,49010,Hobo with a Shotgun,6.02237606048584
Blake Edwards,1975,11843,The Return of the Pink Panther,6.169142246246338
Blake Edwards,1970,42586,Darling Lili,6.083433151245117
Lu Chuan,2009,21345,City of Life and Death,6.175029754638672
Alan Metter,1994,11546,Police Academy: Mission to Moscow,5.781249046325684
Johanna Schwartz,2015,324322,They Will Have to Kill Us First,6.092166900634766
Harry Beaumont,1929,65203,The Broadway Melody,6.072065353393555
Anthony Stacchi,2014,170687,The Boxtrolls,6.301340103149414
Mike Bigelow,2005,11453,Deuce Bigalow: European Gigolo,5.828530311584473
Brandon Trost,2011,85860,The FP,6.075237274169922
Marc Schölermann,2008,12192,Pathology,6.028903007507324
Jon Turteltaub,2013,137093,Last Vegas,6.232696056365967
Jon Turteltaub,2010,27022,The Sorcerer's Apprentice,5.91580057144165
Jon Turteltaub,2004,2059,National Treasure,6.298051834106445
Jon Turteltaub,2000,4244,The Kid,6.074753761291504
Jon Turteltaub,1999,12117,Instinct,6.107402801513672
Jon Turteltaub,1996,9294,Phenomenon,6.120187282562256
Jon Turteltaub,1993,864,Cool Runnings,6.332606792449951
Jorge Blanco,2009,16866,Planet 51,5.912263870239258
Dave Carroll,2013,174362,Bending Steel,6.092166900634766
Damian Nieman,2003,14576,Shade,6.09377908706665
Scott Dow,2015,312793,The Walking Deceased,6.026639938354492
Liu Chia-Liang,1994,12207,The Legend of Drunken Master,6.316303253173828
Daniel Hsia,2012,126186,Shanghai Calling,6.090455532073975
Rachel Talalay,1995,9067,Tank Girl,6.018669128417969
Rachel Talalay,1991,11284,Freddy's Dead: The Final Nightmare,5.873826026916504
Joe Camp,1974,23069,Benji,6.093541145324707
Beto Gómez,2011,66607,Saving Private Perez,6.093429088592529
James Nunn,2013,182873,Green Street Hooligans: Underground,6.070241928100586
Sylvio Tabet,1991,27549,Beastmaster 2: Through the Portal of Time,6.067295074462891
Takao Okawara,1999,10643,Godzilla 2000,6.085010051727295
László Benedek,1971,72086,The Night Visitor,6.100808143615723
Joe Swanberg,2014,244534,Happy Christmas,6.042359828948975
Joe Swanberg,2013,172533,Drinking Buddies,6.068045616149902
Brian Baugh,2009,41144,To Save A Life,6.095592021942139
David Cronenberg,2011,48231,A Dangerous Method,6.133124351501465
David Cronenberg,2007,2252,Eastern Promises,6.612661838531494
David Cronenberg,2005,59,A History of Violence,6.468051433563232
David Cronenberg,2002,9613,Spider,6.139023780822754
David Cronenberg,1999,1946,eXistenZ,6.294267654418945
David Cronenberg,1983,837,Videodrome,6.4167585372924805
David Cronenberg,1983,11336,The Dead Zone,6.2908501625061035
James Bridges,1988,17170,"Bright Lights, Big City",6.053779125213623
Hugh Hudson,2000,21311,I Dreamed of Africa,6.078690052032471
Hugh Hudson,1981,9443,Chariots of Fire,6.218764781951904
Goran Dukic,2006,13198,Wristcutters: A Love Story,6.1800537109375
Chris Rock,2014,284296,Top Five,6.130436420440674
Chris Rock,2007,14434,I Think I Love My Wife,6.034003734588623
Chris Rock,2003,9776,Head of State,6.038621425628662
Daniel Myrick,1999,2667,The Blair Witch Project,6.2015790939331055
Ruba Nadda,2012,121676,Inescapable,6.081357955932617
Brad Peyton,2015,254128,San Andreas,6.022785663604736
Brad Peyton,2012,72545,Journey 2: The Mysterious Island,5.941417694091797
Brad Peyton,2010,39691,Cats & Dogs 2 : The Revenge of Kitty Galore,5.96157693862915
Paul Abascal,2004,15644,Paparazzi,6.078219413757324
Wilson Yip,2015,365222,Ip Man 3,6.208505153656006
William Kaufman,2015,329540,The Marine 4: Moving Target,6.079047679901123
William Kaufman,2011,58626,The Hit List,6.030116081237793
Jake Scott,2010,31007,Welcome to the Rileys,6.132131099700928
Paul Fox,2005,18045,The Dark Hours,6.079999923706055
Nick Love,2015,367551,American Hero,6.026914596557617
Nick Love,2012,116613,The Sweeney,6.053164958953857
David S. Goyer,2009,13788,The Unborn,5.736767292022705
David S. Goyer,2004,36648,Blade: Trinity,5.8705925941467285
Michael Dinner,2000,19150,The Crew,6.096783638000488
Andrew Dominik,2012,64689,Killing Them Softly,5.965361595153809
Andrew Dominik,2007,4512,The Assassination of Jesse James by the Coward Robert Ford,6.498835563659668
Robert Bennett,2009,26673,Frat Party,6.082533836364746
Nickolas Perry,1999,46727,Speedway Junky,6.086832523345947
Brian Percival,2013,203833,The Book Thief,6.887476444244385
Howard Deutch,2008,13596,My Best Friend's Girl,5.963935375213623
Howard Deutch,2004,2122,The Whole Ten Yards,5.959967613220215
Howard Deutch,2000,10393,The Replacements,6.094475269317627
Ted Kotcheff,1982,1368,First Blood,6.766276836395264
Ringo Lam,1996,10861,Maximum Risk,6.008188724517822
Nicolas Winding Refn,2016,301365,The Neon Demon,6.240671634674072
Nicolas Winding Refn,2013,77987,Only God Forgives,5.859791278839111
Nicolas Winding Refn,2011,64690,Drive,7.132467746734619
Nicolas Winding Refn,2008,18533,Bronson,6.442777633666992
Deepa Mehta,2005,7509,Water,6.117502689361572
Deepa Mehta,1998,7504,Earth,6.098016738891602
Andrew Davis,2003,8326,Holes,6.266453266143799
Andrew Davis,2002,9884,Collateral Damage,5.910519599914551
Andrew Davis,1996,12123,Chain Reaction,5.912051677703857
Andrew Davis,1993,5503,The Fugitive,6.712932586669922
Peter Chan,2007,14392,The Warlords,6.109769821166992
Barry W. Blaustein,1999,14271,Beyond the Mat,6.123032569885254
Robert Rossen,1961,990,The Hustler,6.394895553588867
Charles Herman-Wurmfeld,2007,14014,The Hammer,6.099568843841553
Charles Herman-Wurmfeld,2003,10327,"Legally Blonde 2: Red, White & Blonde",5.813008785247803
Charles Herman-Wurmfeld,2001,15647,Kissing Jessica Stein,6.0840911865234375
John Gulager,2005,10070,Feast,6.094262599945068
David Mamet,2008,12400,Redbelt,6.11582612991333
David Mamet,1997,29193,The Spanish Prisoner,6.164515495300293
David Jacobson,2005,7870,Down in the Valley,6.081389427185059
François Girard,1998,14283,The Red Violin,6.20621919631958
Stephen Norrington,2003,8698,The League of Extraordinary Gentlemen,5.878419876098633
Stephen Norrington,1998,36647,Blade,6.363819599151611
Sergei Bodrov Jr.,2005,19495,Nomad: The Warrior,6.062069892883301
Dexter Fletcher,2016,319888,Eddie the Eagle,6.544864177703857
Craig Brewer,2006,7874,Black Snake Moan,6.195740222930908
Craig Brewer,2005,10476,Hustle & Flow,6.168790340423584
Anthony Hemingway,2012,72431,Red Tails,6.063043117523193
Victor Nunez,1997,55306,Ulee's Gold,6.1012067794799805
Victor Nunez,1993,47889,Ruby in Paradise,6.088214874267578
Prachya Pinkaew,2005,8982,The Protector,6.198117256164551
David Twohy,2013,87421,Riddick,6.165824890136719
David Twohy,2009,12403,A Perfect Getaway,6.121892929077148
David Twohy,2004,2789,The Chronicles of Riddick,6.221621036529541
David Twohy,2000,2787,Pitch Black,6.488275051116943
Stuart Gordon,2005,18191,Edmond,6.088681697845459
Stuart Gordon,1992,12088,Fortress,6.0346760749816895
Randall Miller,2008,13996,Bottle Shock,6.123140335083008
Adrienne Shelly,2007,10758,Waitress,6.165238857269287
Nick Cassavetes,2014,193610,The Other Woman,6.1572957038879395
Nick Cassavetes,2009,10024,My Sister's Keeper,6.4799485206604
Nick Cassavetes,2004,11036,The Notebook,7.317282676696777
Nick Cassavetes,2002,8470,John Q,6.440103054046631
Michael Winterbottom,2014,254024,The Face of an Angel,6.006138801574707
Michael Winterbottom,2010,37414,The Killer Inside Me,6.07904577255249
Michael Winterbottom,2007,1988,A Mighty Heart,6.147988796234131
Michael Winterbottom,2005,8435,A Cock and Bull Story,6.097884178161621
Michael Winterbottom,2003,2577,Code 46,6.104818820953369
Michael Winterbottom,2000,44853,The Claim,6.084712982177734
Peter Berg,2013,193756,Lone Survivor,6.895726203918457
Peter Berg,2012,44833,Battleship,5.685154438018799
Peter Berg,2008,8960,Hancock,6.173897743225098
Peter Berg,2007,4349,The Kingdom,6.235040664672852
Peter Berg,2003,10159,The Rundown,6.200325965881348
Peter Berg,1998,10029,Very Bad Things,6.110087871551514
Gina Prince-Bythewood,2014,241771,Beyond the Lights,6.20808744430542
Gina Prince-Bythewood,2008,12837,The Secret Life of Bees,6.278137683868408
Gina Prince-Bythewood,2000,14736,Love & Basketball,6.203132629394531
Steven Quale,2014,216282,Into the Storm,5.958378314971924
Steven Quale,2011,55779,Final Destination 5,6.001577854156494
Matthew Diamond,2012,112937,The Oogieloves in the Big Balloon Adventure,6.06109619140625
Kelly Asbury,2002,9023,Spirit: Stallion of the Cimarron,6.699933052062988
Frank LaLoggia,1988,49365,Lady in White,6.098556995391846
Jonathan Glazer,2014,97370,Under the Skin,6.0434160232543945
Jonathan Glazer,2004,10740,Birth,6.062899589538574
Jonathan Glazer,2000,11826,Sexy Beast,6.2606120109558105
Charles Ferguson,2015,370662,Time to Choose,6.093305587768555
Charles Ferguson,2010,44639,Inside Job,6.462393760681152
Charles Ferguson,2007,12901,No End in Sight,6.119225978851318
Hou Hsiao-hsien,2015,253450,The Assassin,6.16458797454834
Richard LaGravenese,2014,206296,The Last Five Years,6.016315937042236
Richard LaGravenese,2013,109491,Beautiful Creatures,5.843479156494141
Richard LaGravenese,2007,1646,Freedom Writers,6.4741291999816895
Richard LaGravenese,2007,6023,P.S. I Love You,6.500402927398682
Richard LaGravenese,1998,46889,Living Out Loud,6.084309101104736
Fred Savage,2007,14144,Daddy Day Camp,5.946552276611328
Dave Meyers,1999,27455,Foolish,6.093950271606445
Nicolae Constantin Tanase,2015,344466,The World Is Mine,6.093305587768555
Travis Romero,2013,138976,Treachery,6.086597442626953
Dean Wright,2012,96399,For Greater Glory - The True Story of Cristiada,6.104104518890381
Sue Corcoran,2003,281189,Gory Gory Hallelujah,6.0879998207092285
John Duigan,1999,44857,Molly,6.084768772125244
Daniele Luchetti,2015,370980,Chiamatemi Francesco - Il Papa della gente,6.108218193054199
Oliver Hirschbiegel,2007,4858,The Invasion,5.986176013946533
Oliver Hirschbiegel,2004,613,Downfall,6.928046226501465
Elaine May,1987,12704,Ishtar,6.039594650268555
Chris Sanders,2013,49519,The Croods,6.598177433013916
Chris Sanders,2010,10191,How to Train Your Dragon,7.239872932434082
Chris Sanders,2002,11544,Lilo & Stitch,6.675266265869141
Ken Kwapis,2012,78698,Big Miracle,6.162628173828125
Ken Kwapis,2009,10184,He's Just Not That Into You,6.146652698516846
Ken Kwapis,2007,2959,License to Wed,5.906831741333008
Ken Kwapis,2005,9779,The Sisterhood of the Traveling Pants,6.152624607086182
Analeine Cal y Mayor,2013,166624,Treading Water,6.090238571166992
D.W. Griffith,1916,3059,Intolerance,6.170245170593262
Seth Rogen,2014,228967,The Interview,6.098032474517822
Seth Rogen,2013,109414,This Is the End,6.240259170532227
Fred Walton,1986,24913,April Fool's Day,6.0725579261779785
Michael Caton-Jones,2006,3093,Basic Instinct 2,5.857313632965088
Michael Caton-Jones,2002,13536,City By The Sea,6.058877468109131
Michael Caton-Jones,1997,4824,The Jackal,6.095679759979248
Michael Caton-Jones,1995,11780,Rob Roy,6.147678375244141
Mennan Yapo,2007,9963,Premonition,6.009910583496094
Stuart Gillard,1998,50942,Creature,6.0484490394592285
Stuart Gillard,1993,1499,Teenage Mutant Ninja Turtles III,5.933403491973877
Peter Hedges,2012,71864,The Odd Life of Timothy Green,6.210022449493408
Peter Hedges,2003,1550,Pieces of April,6.112492561340332
Stanley Kubrick,1999,345,Eyes Wide Shut,6.659771919250488
Stanley Kubrick,1980,694,The Shining,7.6919379234313965
Stanley Kubrick,1975,3175,Barry Lyndon,6.64752721786499
Stanley Kubrick,1968,62,2001: A Space Odyssey,7.4621381759643555
Stanley Kubrick,1964,935,Dr. Strangelove or: How I Learned to Stop Worrying and Love the Bomb,7.238433837890625
Stanley Kubrick,1962,802,Lolita,6.4453325271606445
Justin Zackham,2013,87567,The Big Wedding,5.974712371826172
Morten Tyldum,2014,205596,The Imitation Game,7.726351261138916
Morten Tyldum,2011,70670,Headhunters,6.389086723327637
Ronald F. Maxwell,2003,16072,Gods and Generals,6.093624591827393
Ronald F. Maxwell,1993,10655,Gettysburg,6.136777877807617
Scott Hicks,2012,77877,The Lucky One,6.444241523742676
Scott Hicks,2007,3638,No Reservations,6.09500789642334
Scott Hicks,2001,11313,Hearts in Atlantis,6.130165100097656
Scott Hicks,1999,10219,Snow Falling on Cedars,6.099979877471924
Scott Hicks,1996,7863,Shine,6.238330364227295
Sharon Greytak,2014,288927,Archaeology of a Woman,6.093305587768555
Lori Petty,2008,63287,The Poker House,6.093618392944336
Scott Waugh,2014,136797,Need for Speed,6.097410202026367
Andrew Currie,2006,10288,Fido,6.155831813812256
Josh Gordon,2010,41210,The Switch,6.0202202796936035
Josh Gordon,2007,9955,Blades of Glory,6.021321773529053
Des McAnuff,2000,17711,The Adventures of Rocky & Bullwinkle,5.910879611968994
Álex de la Iglesia,2008,12245,The Oxford Murders,6.0288405418396
Jonathan Caouette,2003,1435,Tarnation,6.124852180480957
Frank Capra,1961,248,Pocketful of Miracles,6.123963356018066
Frank Capra,1946,1585,It's a Wonderful Life,7.10146427154541
Frank Capra,1939,3083,Mr. Smith Goes to Washington,6.456150054931641
Frank Capra,1938,34106,You Can't Take It With You,6.1775336265563965
Frank Capra,1934,3078,It Happened One Night,6.451361656188965
Petter Næss,2001,6007,Elling,6.139089107513428
Gabriela Tagliavini,2011,68202,Without Men,6.08095121383667
Antonio Banderas,1999,31306,Crazy in Alabama,6.098331451416016
Steven Soderbergh,2013,109421,Side Effects,6.27111291885376
Steven Soderbergh,2012,77930,Magic Mike,6.09678840637207
Steven Soderbergh,2011,39538,Contagion,6.155201435089111
Steven Soderbergh,2011,70435,Haywire,5.923141956329346
Steven Soderbergh,2009,11323,The Informant!,6.07101583480835
Steven Soderbergh,2007,298,Ocean's Thirteen,6.368147373199463
Steven Soderbergh,2006,182,The Good German,6.077397346496582
Steven Soderbergh,2004,163,Ocean's Twelve,6.304599285125732
Steven Soderbergh,2002,15186,Full Frontal,6.059167385101318
Steven Soderbergh,2001,161,Ocean's Eleven,6.976187229156494
Steven Soderbergh,2000,462,Erin Brockovich,6.523629665374756
Steven Soderbergh,2000,1900,Traffic,6.391374111175537
Steven Soderbergh,1999,10388,The Limey,6.143308162689209
Steven Soderbergh,1998,1389,Out of Sight,6.198126792907715
Steven Soderbergh,1989,1412,"Sex, Lies, and Videotape",6.191416263580322
Philip G. Atwell,2007,10431,War,6.065171241760254
Benny Boom,2009,18065,Next Day Air,6.064602851867676
Jonathan English,2011,38543,Ironclad,6.113726615905762
John Curran,2010,44113,Stone,5.944292068481445
John Curran,2006,14202,The Painted Veil,6.34042501449585
Sergio Leone,1984,311,Once Upon a Time in America,7.203786849975586
Sergio Leone,1968,335,Once Upon a Time in the West,7.177901268005371
Sergio Leone,1966,429,"The Good, the Bad and the Ugly",7.5114922523498535
Sergio Leone,1964,391,A Fistful of Dollars,6.815569877624512
Ivan Engler,2009,34069,Cargo,6.068680763244629
Rohit Jagessar,2004,62402,Guiana 1838,6.083035469055176
Whit Stillman,2012,82533,Damsels in Distress,6.061091423034668
Whit Stillman,1990,15389,Metropolitan,6.12786340713501
Ronald Neame,1979,40160,Meteor,6.057366847991943
Allen Coulter,2010,23169,Remember Me,6.494326114654541
Daniel Barnz,2012,82631,Won't Back Down,6.08156156539917
Daniel Barnz,2011,38117,Beastly,6.049490928649902
W.D. Hogan,2013,205126,Independence Daysaster,6.050846099853516
Claude Chabrol,2003,10930,The Flower of Evil,6.08924674987793
Claude Chabrol,1997,64559,The Swindle,6.09489631652832
Jack Smight,1977,25763,Damnation Alley,6.0633673667907715
Jack Smight,1966,26268,Harper,6.097062587738037
Phil Traill,2009,23706,All About Steve,5.765534400939941
Frank Darabont,2007,5876,The Mist,6.453257083892822
Frank Darabont,2001,11086,The Majestic,6.176355838775635
Frank Darabont,1999,497,The Green Mile,7.7965006828308105
Frank Darabont,1994,278,The Shawshank Redemption,8.248143196105957
Kevin Brodie,1999,104896,A Dog Of Flanders,6.095212459564209
Gregory Jacobs,2015,264999,Magic Mike XXL,6.180948734283447
Kirsten Sheridan,2007,5123,August Rush,6.550216197967529
Joel Coen,2016,270487,"Hail, Caesar!",5.866305351257324
Joel Coen,2013,86829,Inside Llewyn Davis,6.6080756187438965
Joel Coen,2010,44264,True Grit,6.795995235443115
Joel Coen,2009,12573,A Serious Man,6.263023376464844
Joel Coen,2008,4944,Burn After Reading,6.321173667907715
Joel Coen,2007,6977,No Country for Old Men,7.311100482940674
Joel Coen,2004,5516,The Ladykillers,6.065123558044434
Joel Coen,2003,11775,Intolerable Cruelty,6.008355617523193
Joel Coen,2000,134,"O Brother, Where Art Thou?",6.741226673126221
Joel Coen,1998,115,The Big Lebowski,7.3787078857421875
Joel Coen,1994,11934,The Hudsucker Proxy,6.317649841308594
Damien Chazelle,2014,244786,Whiplash,7.894049644470215
George T. Miller,1982,24266,The Man from Snowy River,6.119558334350586
David Leland,2007,14324,Virgin Territory,5.963230133056641
David Leland,1998,17044,The Land Girls,6.096133232116699
Matthew Hastings,2004,18442,Decoys,6.046955585479736
Steve Barron,1996,18975,The Adventures of Pinocchio,6.035024642944336
Greg Berlanti,2000,22597,The Broken Hearts Club: A Romantic Comedy,6.098556995391846
Sally Potter,2005,25312,Yes,6.091904640197754
Marc F. Adler,2008,20542,Delgo,6.08262825012207
Stefan C. Schaefer,2011,96534,My Last Day Without You,6.092079162597656
Costa-Gavras,2002,9045,Amen.,6.166325092315674
Costa-Gavras,1997,9770,Mad City,6.078249931335449
Mike Nawrocki,2008,15511,VeggieTales: The Pirates Who Don't Do Anything,6.0883941650390625
Collin Schiffli,2014,253253,Animals,6.094297409057617
Will Finn,2004,13700,Home on the Range,5.979806900024414
Randal Kleiser,1991,12227,White Fang,6.143491744995117
Randal Kleiser,1980,5689,The Blue Lagoon,6.005764484405518
Randal Kleiser,1978,621,Grease,6.7821574211120605
Jonathan Mostow,2009,19959,Surrogates,5.986063003540039
Jonathan Mostow,2003,296,Terminator 3: Rise of the Machines,5.959761619567871
Jonathan Mostow,2000,3536,U-571,6.095057964324951
Jonathan Mostow,1997,2163,Breakdown,6.180017471313477
Lajos Koltai,2005,41508,Fateless,6.1048431396484375
Andrew Steggall,2016,361475,Departure,6.110690116882324
Sammo Hung,1997,10622,Mr. Nice Guy,6.117644786834717
George Miller,2015,76341,Mad Max: Fury Road,7.097812652587891
George Miller,2011,65759,Happy Feet Two,6.011171340942383
George Miller,2006,9836,Happy Feet,5.978252410888672
George Miller,1998,9447,Babe: Pig in the City,5.877753257751465
George Miller,1985,9355,Mad Max Beyond Thunderdome,6.008599758148193
George Miller,1981,8810,Mad Max 2: The Road Warrior,6.696022987365723
George Miller,1979,9659,Mad Max,6.376279830932617
Kiyoshi Kurosawa,1997,36095,Cure,6.173855304718018
Uwe Boll,2013,252360,In the Name of the King III,6.03903865814209
Uwe Boll,2009,38780,Rampage,6.082091808319092
Uwe Boll,2007,2312,In the Name of the King: A Dungeon Siege Tale,5.715874671936035
Uwe Boll,2005,12142,Alone in the Dark,5.635848045349121
Uwe Boll,2005,168705,BloodRayne,5.809173583984375
John Glen,1989,709,Licence to Kill,6.023586750030518
John Glen,1987,708,The Living Daylights,6.126862049102783
John Glen,1985,707,A View to a Kill,6.0610785484313965
John Glen,1983,700,Octopussy,6.131144046783447
John Glen,1981,699,For Your Eyes Only,6.163202285766602
Paul Feig,2016,43074,Ghostbusters,5.5453338623046875
Paul Feig,2013,136795,The Heat,6.346085071563721
Paul Feig,2011,55721,Bridesmaids,6.351137638092041
Paul Feig,2006,18147,Unaccompanied Minors,6.04866361618042
Phil Vischer,2002,15173,Jonah: A VeggieTales Movie,6.100183486938477
Sara Sugarman,2004,11132,Confessions of a Teenage Drama Queen,5.907271385192871
Tom Brady,2011,67911,Bucky Larson: Born to Be a Star,6.0078020095825195
Brad Copeland,2013,198062,Coffee Town,6.120498180389404
Peter Weir,2003,8619,Master and Commander: The Far Side of the World,6.45767879486084
Peter Weir,1998,37165,The Truman Show,7.502197742462158
Peter Weir,1989,207,Dead Poets Society,7.5747761726379395
Peter Weir,1985,9281,Witness,6.348186016082764
Danny Perez,2016,332285,Antibirth,6.0415215492248535
Andrés Couturier,2015,293644,Top Cat Begins,6.085929870605469
William Bindley,2001,38717,Madison,6.090831756591797
Martin McDonagh,2012,86838,Seven Psychopaths,6.43126106262207
Martin McDonagh,2008,8321,In Bruges,6.8660759925842285
Chuck Bowman,2006,53953,The Tooth Fairy,6.069321155548096
Joachim Rønning,2006,1969,Bandidas,6.022180080413818
Jon Knautz,2015,347764,Goddess of Love,6.094297409057617
Jon Knautz,2014,312791,GirlHouse,6.011250019073486
Jon Knautz,2007,16205,Jack Brooks: Monster Slayer,6.0705108642578125
Dan Cutforth,2012,101267,Katy Perry: Part of Me,6.126417636871338
Pedro Almodóvar,2006,219,Volver,6.4522199630737305
Jaume Collet-Serra,2016,332567,The Shallows,6.159493446350098
Jaume Collet-Serra,2015,241554,Run All Night,6.205923080444336
Jaume Collet-Serra,2014,225574,Non-Stop,6.58998441696167
Jaume Collet-Serra,2011,48138,Unknown,6.324631214141846
Jaume Collet-Serra,2009,21208,Orphan,6.4379191398620605
Jaume Collet-Serra,2005,10066,House of Wax,5.847787380218506
Antoine Fuqua,2015,307081,Southpaw,6.917574405670166
Antoine Fuqua,2014,156022,The Equalizer,6.853278636932373
Antoine Fuqua,2013,117263,Olympus Has Fallen,6.174030303955078
Antoine Fuqua,2009,26390,Brooklyn's Finest,6.118274688720703
Antoine Fuqua,2007,7485,Shooter,6.580454349517822
Antoine Fuqua,2003,9567,Tears of the Sun,6.208015441894531
Antoine Fuqua,2001,2034,Training Day,6.8537139892578125
Antoine Fuqua,1998,11702,The Replacement Killers,6.082394123077393
David Oelhoffen,2014,283708,Far from Men,6.115049839019775
Jake Goldberger,2009,35689,Don McKay,6.07844877243042
Lloyd Bacon,1933,3062,42nd Street,6.0935540199279785
Colin Higgins,1982,16363,The Best Little Whorehouse in Texas,6.0853800773620605
Dennis Hopper,1980,39269,Out of the Blue,6.10038948059082
Alejandro González Iñárritu,2015,281957,The Revenant,7.142662048339844
Alejandro González Iñárritu,2014,194662,Birdman,7.171911239624023
Alejandro González Iñárritu,2010,45958,Biutiful,6.304384231567383
Alejandro González Iñárritu,2006,1164,Babel,6.515878677368164
Alejandro González Iñárritu,2003,470,21 Grams,6.634565830230713
Alejandro González Iñárritu,2000,55,Amores perros,6.623702526092529
Blair Hayes,2001,9683,Bubble Boy,5.949001789093018
Marc Forby,2010,39806,Princess Kaiulani,6.074697017669678
Mark Steven Johnson,2007,1250,Ghost Rider,5.520733833312988
Mark Steven Johnson,1998,22796,Simon Birch,6.114223480224609
Larry Blamire,2001,18841,The Lost Skeleton of Cadavra,6.105641841888428
Marc Lawrence,2009,24438,Did You Hear About the Morgans?,5.871319770812988
Marc Lawrence,2007,11172,Music and Lyrics,6.132372856140137
Marc Lawrence,2002,2642,Two Weeks Notice,6.028202056884766
Teddy Chan,2014,290864,Kung Fu Jungle,6.136514663696289
Teddy Chan,2009,30596,Bodyguards and Assassins,6.116122245788574
Joseph Sargent,1987,580,Jaws: The Revenge,5.602265357971191
Brian Levant,2010,23172,The Spy Next Door,5.936334133148193
Brian Levant,2005,11637,Are We There Yet?,5.926000118255615
Brian Levant,2002,11888,Snow Dogs,5.965017318725586
Brian Levant,2000,889,The Flintstones in Viva Rock Vegas,5.885709285736084
Brian Levant,1996,9279,Jingle All the Way,5.870912551879883
Brian Levant,1994,888,The Flintstones,5.698055744171143
Susanna White,2016,205588,Our Kind of Traitor,6.0799641609191895
Susanna White,2010,35019,Nanny McPhee and the Big Bang,6.064143180847168
Patrick Meaney,2013,250902,The Image Revolution,6.092079162597656
Jeremy Sims,2010,43418,Beneath Hill 60,6.1416215896606445
Fritz Lang,1927,19,Metropolis,6.868490219116211
Kelly Reichardt,2010,57120,Meek's Cutoff,6.123532772064209
Kelly Reichardt,2008,8942,Wendy and Lucy,6.112492561340332
Kelly Reichardt,2006,26518,Old Joy,6.100783824920654
David Koepp,2015,210860,Mortdecai,5.730129241943359
David Koepp,2012,49526,Premium Rush,6.14286994934082
David Koepp,2008,12797,Ghost Town,6.163759231567383
David Koepp,2004,1586,Secret Window,6.247684955596924
David Koepp,1999,11601,Stir of Echoes,6.197424411773682
Brad Anderson,2013,158011,The Call,6.3807220458984375
Brad Anderson,2008,6687,Transsiberian,6.162027835845947
Brad Anderson,2004,4553,The Machinist,6.775421619415283
Brad Anderson,2001,10972,Session 9,6.115437984466553
Brad Anderson,1998,41469,Next Stop Wonderland,6.091399192810059
Sara Newens,2014,331745,Top Spin,6.0976996421813965
Richard Dutcher,2001,26791,Brigham City,6.098317623138428
Dave Payne,2008,18616,No Man's Land: The Rise of Reeker,6.046936988830566
Gary Trousdale,2001,10865,Atlantis: The Lost Empire,6.43347692489624
Gary Trousdale,1996,10545,The Hunchback of Notre Dame,6.47542142868042
Steve Oedekerk,2006,9907,Barnyard,5.9425506591796875
Steve Oedekerk,2002,11891,Kung Pow: Enter the Fist,6.094257831573486
Steve Oedekerk,1997,11676,Nothing to Lose,6.125048637390137
Steve Oedekerk,1995,9273,Ace Ventura: When Nature Calls,6.0968804359436035
John Lasseter,2011,49013,Cars 2,5.894010543823242
John Lasseter,2006,920,Cars,6.499520301818848
John Lasseter,1999,863,Toy Story 2,7.0571417808532715
John Lasseter,1995,862,Toy Story,7.4525980949401855
Jeff Tremaine,2013,208134,Bad Grandpa,6.054594039916992
Jeff Tremaine,2010,16290,Jackass 3D,6.187945365905762
Jeff Tremaine,2006,12094,Jackass Number Two,6.166014194488525
Jeff Tremaine,2002,9012,Jackass: The Movie,6.095076560974121
Fred Wolf,2008,12620,The House Bunny,5.9179301261901855
Fred Wolf,2008,14220,Strange Wilderness,5.999785900115967
John Wells,2015,295964,Burnt,6.196165561676025
John Wells,2013,152737,August: Osage County,6.363509178161621
Damon Santostefano,1999,10563,Three to Tango,6.051204681396484
David Mirkin,2001,10833,Heartbreakers,6.010948181152344
Jessy Terrero,2004,12657,Soul Plane,5.952277183532715
Anne Fontaine,2013,111190,Adore,6.0948638916015625
Anne Fontaine,2009,11156,Coco Before Chanel,6.196746826171875
Tyler Oliver,2009,27588,Forget Me Not,6.022907257080078
Terron R. Parsons,2012,193603,Hayride,6.087129592895508
Edward Hall,2012,153397,Restless,6.083433151245117
Frank Lotito,2017,426469,Growing Up Smith,6.102774143218994
Alison Maclean,1999,25636,Jesus' Son,6.1069111824035645
Annabel Jankel,1993,9607,Super Mario Bros.,5.68554162979126
Kevin Hamedani,2009,34592,ZMD: Zombies of Mass Destruction,6.049676895141602
Sanaa Hamri,2010,38093,Just Wright,6.093932151794434
Sanaa Hamri,2008,10188,The Sisterhood of the Traveling Pants 2,6.074753761291504
Andrei Tarkovsky,1972,593,Solaris,6.5291643142700195
Burr Steers,2016,58431,Pride and Prejudice and Zombies,5.8558349609375
Burr Steers,2010,37950,Charlie St. Cloud,6.355593204498291
Burr Steers,2009,16996,17 Again,6.097219467163086
Burr Steers,2002,9685,Igby Goes Down,6.129961967468262
Alan Yuen,2013,244114,Firestorm,6.085010051727295
Anthony Minghella,2003,2289,Cold Mountain,6.31003999710083
Anthony Minghella,1999,1213,The Talented Mr. Ripley,6.496222496032715
Anthony Minghella,1996,409,The English Patient,6.420706272125244
Jeff Wadlow,2013,59859,Kick-Ass 2,6.237725257873535
Jeff Wadlow,2008,8456,Never Back Down,6.197994709014893
Jeff Wadlow,2005,10092,Cry_Wolf,6.036018371582031
Steven Shainberg,2006,18615,Fur: An Imaginary Portrait of Diane Arbus,6.0725579261779785
Steven Shainberg,2002,11013,Secretary,6.264179706573486
Eric Brevig,2010,41515,Yogi Bear,5.9266157150268555
Eric Brevig,2008,88751,Journey to the Center of the Earth,5.924021244049072
Thea Sharrock,2016,296096,Me Before You,7.1896281242370605
Stanley Tong,1995,33542,Rumble in the Bronx,6.174712181091309
Francis Ford Coppola,2011,78381,Twixt,6.00429105758667
Francis Ford Coppola,1997,11975,The Rainmaker,6.212713718414307
Francis Ford Coppola,1992,6114,Dracula,6.620883464813232
Francis Ford Coppola,1990,242,The Godfather: Part III,6.714602947235107
Francis Ford Coppola,1989,9686,New York Stories,6.099980354309082
Francis Ford Coppola,1986,10013,Peggy Sue Got Married,6.069296836853027
Francis Ford Coppola,1984,2148,The Cotton Club,6.12685489654541
Francis Ford Coppola,1983,227,The Outsiders,6.28110408782959
Francis Ford Coppola,1979,28,Apocalypse Now,7.393324375152588
Francis Ford Coppola,1974,240,The Godfather: Part II,7.807512283325195
Francis Ford Coppola,1974,592,The Conversation,6.486461162567139
Francis Ford Coppola,1972,238,The Godfather,8.077157020568848
Darrell James Roodt,2011,75033,Winnie Mandela,6.088672161102295
Alex Kendrick,2011,72213,Courageous,6.145830154418945
Alex Kendrick,2008,14438,Fireproof,6.178923606872559
Alex Kendrick,2006,18925,Facing the Giants,6.125004768371582
Alex Kendrick,2003,17345,Flywheel,6.107034683227539
Beeban Kidron,2004,9801,Bridget Jones: The Edge of Reason,6.096243381500244
Maurice Joyce,1999,16508,Doug's 1st Movie,6.077757358551025
Dena Seidel,2015,335244,Antarctic Edge: 70° South,6.093305587768555
Alexandre Aja,2010,43593,Piranha 3D,5.794013023376465
Alexandre Aja,2008,13515,Mirrors,6.061966896057129
Alexandre Aja,2006,9792,The Hills Have Eyes,6.096141815185547
Alexandre Aja,2003,10226,High Tension,6.2049431800842285
Michael Tiddes,2016,351819,Fifty Shades of Black,5.633162975311279
Michael Tiddes,2014,184345,A Haunted House 2,5.909486770629883
Michael Tiddes,2013,139038,A Haunted House,5.850766181945801
Vicky Jenson,2009,25704,Post Grad,5.990066051483154
Vicky Jenson,2004,10555,Shark Tale,5.911796569824219
Rob McKittrick,2005,7553,Waiting...,6.114448070526123
Conrad Vernon,2016,223702,Sausage Party,5.747976303100586
Conrad Vernon,2012,80321,Madagascar 3: Europe's Most Wanted,6.293704509735107
Conrad Vernon,2009,15512,Monsters vs Aliens,6.037565231323242
Jerry Jameson,2015,331190,Captive,6.050123691558838
Jerry Jameson,1980,24575,Raise the Titanic,6.074163436889648
Leslie H. Martinson,1966,2661,Batman,6.094475269317627
Jean-Jacques Mantello,2008,57612,Dolphins and Whales: Tribes of the Ocean,6.099251747131348
Shane Carruth,2004,14337,Primer,6.421570777893066
Susanne Bier,2007,3877,Things We Lost in the Fire,6.145357608795166
Mimi Leder,2000,10647,Pay It Forward,6.3748955726623535
Mimi Leder,1998,8656,Deep Impact,6.002193927764893
Mimi Leder,1997,6623,The Peacemaker,6.031696796417236
Jaume Balagueró,2011,77495,Sleep Tight,6.251059532165527
Jaume Balagueró,2009,10664,[REC]²,6.196878433227539
Jaume Balagueró,2007,8329,[REC],6.590005397796631
Jaume Balagueró,2002,11056,Darkness,6.041718006134033
Tom Seidman ,2010,77934,The Christmas Bunny,6.090455532073975
Douglas Aarniokoski,2013,78383,Nurse 3-D,5.96157693862915
Douglas Aarniokoski,2000,12211,Highlander: Endgame,5.927638530731201
Quentin Tarantino,2015,273248,The Hateful Eight,7.323883056640625
Quentin Tarantino,2012,68718,Django Unchained,7.651987552642822
Quentin Tarantino,2009,16869,Inglourious Basterds,7.665513515472412
Quentin Tarantino,2004,393,Kill Bill: Vol. 2,7.305539131164551
Quentin Tarantino,2003,24,Kill Bill: Vol. 1,7.439197540283203
Quentin Tarantino,1997,184,Jackie Brown,6.832058429718018
Quentin Tarantino,1994,680,Pulp Fiction,8.07455825805664
Quentin Tarantino,1992,500,Reservoir Dogs,7.607276439666748
Gary Goldman,2000,7450,Titan A.E.,6.144166469573975
Gary Goldman,1997,9444,Anastasia,6.875901222229004
Vidhu Vinod Chopra,2015,319910,Broken Horses,6.082022666931152
George A. Romero,2010,29426,Survival of the Dead,5.9321675300598145
George A. Romero,2007,13025,Diary of the Dead,5.978659629821777
George A. Romero,2005,11683,Land of the Dead,6.066776275634766
George A. Romero,1990,29514,Two Evil Eyes,6.090020179748535
George A. Romero,1985,8408,Day of the Dead,6.270528793334961
George A. Romero,1982,16281,Creepshow,6.209012508392334
George A. Romero,1968,10331,Night of the Living Dead,6.623443603515625
Deb Hagan,2008,13991,College,6.031658172607422
Mark Tonderai,2012,82505,House at the End of the Street,5.91247034072876
"Daniel Petrie, Jr.",2015,299145,Stranded,6.080907344818115
Asghar Farhadi,2011,60243,A Separation,6.620994567871094
David Ayer,2016,297761,Suicide Squad,5.922024250030518
David Ayer,2014,144336,Sabotage,5.875812530517578
David Ayer,2014,228150,Fury,7.144521713256836
David Ayer,2012,77016,End of Watch,6.701493740081787
David Ayer,2008,1266,Street Kings,6.150060653686523
David Ayer,2005,7873,Harsh Times,6.1285295486450195
Sergey Bondarchuk,1970,33157,Waterloo,6.121696949005127
Eli Roth,2014,171424,The Green Inferno,5.801590442657471
Eli Roth,2007,1691,Hostel: Part II,5.935042381286621
Eli Roth,2005,1690,Hostel,5.904322624206543
John Carl Buechler,1988,10281,Friday the 13th Part VII: The New Blood,5.960973262786865
Jiří Menzel,2006,12555,I Served the King of England,6.1136393547058105
Jeffrey W. Byrd,2005,27360,King's Ransom,6.079013347625732
Jonas Åkerlund,2012,95755,Small Apartments,6.073815822601318
Jonas Åkerlund,2002,12079,Spun,6.154610633850098
Drake Doremus,2011,60420,Like Crazy,6.180507659912109
Fede Alvarez,2013,109428,Evil Dead,6.290335655212402
Robert Iscove,2003,31246,From Justin to Kelly,6.02085542678833
Robert Iscove,2000,10571,Boys and Girls,6.026063919067383
Robert Iscove,1999,10314,She's All That,5.97391414642334
John Carpenter,2001,10016,Ghosts of Mars,5.788270950317383
John Carpenter,1998,9945,Vampires,6.031696796417236
John Carpenter,1996,10061,Escape from L.A.,5.955165386199951
John Carpenter,1992,2687,Memoirs of an Invisible Man,6.047952175140381
John Carpenter,1988,8337,They Live,6.4602251052856445
John Carpenter,1986,6978,Big Trouble in Little China,6.519819736480713
John Carpenter,1982,1091,The Thing,7.157392978668213
John Carpenter,1981,1103,Escape from New York,6.4345245361328125
John Carpenter,1980,790,The Fog,6.16840934753418
John Carpenter,1978,948,Halloween,6.771554470062256
Cody Cameron,2013,109451,Cloudy with a Chance of Meatballs 2,6.2430524826049805
Nils Gaup,1990,71805,Shipwrecked,6.093401908874512
Corbin Bernsen,2010,46252,Rust,6.093305587768555
Alex Craig Mann,2012,139715,Detention of the Dead,6.038751125335693
Dwight H. Little,2004,11237,Anacondas: The Hunt for the Blood Orchid,5.888238430023193
Dwight H. Little,1988,11357,Halloween 4: The Return of Michael Myers,6.0587158203125
Blair Erickson,2013,207769,Banshee Chapter,6.058877468109131
Adam Brooks,2008,8390,"Definitely, Maybe",6.331526279449463
Robin Budd,2002,16690,Return to Never Land,6.094860076904297
Vincenzo Natali,2009,37707,Splice,5.849067687988281
Vincenzo Natali,2003,10981,Nothing,6.082126617431641
Vincenzo Natali,2002,10133,Cypher,6.194509029388428
Vincenzo Natali,1997,431,Cube,6.518530368804932
Tom Kalin,2007,10822,Savage Grace,6.0701470375061035
Brandon Cronenberg,2012,125490,Antiviral,6.052175521850586
William Dear,2010,56601,The Perfect Game,6.099575519561768
William Dear,2008,39055,Free Style,6.092087268829346
John Madden,2015,268238,The Second Best Exotic Marigold Hotel,6.138976573944092
John Madden,2011,74534,The Best Exotic Marigold Hotel,6.354428768157959
John Madden,2010,48289,The Debt,6.136990070343018
John Madden,2001,1722,Captain Corelli's Mandolin,6.015380382537842
John Madden,1998,1934,Shakespeare in Love,6.413834571838379
Oren Peli,2015,57876,Area 51,5.835747718811035
Oren Peli,2007,23827,Paranormal Activity,5.981485843658447
Steve Gomer,1998,17644,Barney's Great Adventure,6.066887378692627
Kim Farrant,2015,245846,Strangerland,6.014184474945068
Giovanni Zelko,2015,357834,The Algerian,6.093305587768555
Mark Mylod,2011,63492,What's Your Number?,6.1372270584106445
Collin Joseph Neal,2015,290391,"Run, Hide, Die",6.0879082679748535
Emily Young,2009,25968,Veronika Decides to Die,6.072031021118164
Richard Montoya,2014,263503,Water & Power,6.090083122253418
Roger Kumble,2010,35169,Furry Vengeance,5.892490863800049
Roger Kumble,2002,11812,The Sweetest Thing,5.914027214050293
Roger Kumble,1999,796,Cruel Intentions,6.32792854309082
Jon Stewart,2014,222649,Rosewater,6.131012439727783
John Patrick Shanley,2008,14359,Doubt,6.376241207122803
Salim Akil,2012,88036,Sparkle,6.082693576812744
Salim Akil,2011,57119,Jumping the Broom,6.088157653808594
Ruben Fleischer,2013,82682,Gangster Squad,6.162615776062012
Ruben Fleischer,2011,62206,30 Minutes or Less,5.917503356933594
Ruben Fleischer,2009,19908,Zombieland,6.9646220207214355
David F. Sandberg,2016,345911,Lights Out,6.205067157745361
Alan Alda,1981,25113,The Four Seasons,6.0966973304748535
John Polson,2005,11096,Hide and Seek,6.0954108238220215
John Polson,2002,20616,Swimfan,6.018930912017822
Rohit Jugraj,2015,346081,Sardaarji,6.100395202636719
Stephen Sommers,2009,14869,G.I. Joe: The Rise of Cobra,5.761958122253418
Stephen Sommers,2001,1734,The Mummy Returns,6.028271675109863
Stephen Sommers,1998,9457,Deep Rising,6.080395221710205
Stephen Sommers,1993,34723,The Adventures of Huck Finn,6.097782135009766
Randy Moore,2013,158752,Escape from Tomorrow,5.98573637008667
James Whale,1930,22301,Hell's Angels,6.093435764312744
Alex Zamm,1998,31535,Chairman of the Board,6.047921657562256
Paul Andrew Williams,2008,13849,The Cottage,6.109220504760742
Paul Andrew Williams,2006,14823,London to Brighton,6.1072306632995605
Steve Buscemi,2005,7301,Lonesome Jim,6.101400852203369
Steve Buscemi,1996,27845,Trees Lounge,6.123940467834473
J Blakeson,2016,299687,The 5th Wave,5.762906551361084
James Foley,2003,10743,Confidence,6.1289215087890625
James Foley,1999,9455,The Corruptor,6.088070869445801
James Foley,1992,9504,Glengarry Glen Ross,6.447722434997559
Alejandro Agresti,2006,2044,The Lake House,6.260577201843262
Marianna Palka,2008,14758,Good Dick,6.09353494644165
Andrew Haigh,2011,79120,Weekend,6.283137321472168
Nicholaus Goossen,2006,9900,Grandma's Boy,6.187854290008545
James L. Brooks,2010,42888,How Do You Know,5.868172645568848
James L. Brooks,2004,2539,Spanglish,6.011807441711426
James L. Brooks,1997,2898,As Good as It Gets,6.633660793304443
Gareth Evans,2011,94329,The Raid,6.725411891937256
Kim Nguyen,2016,325373,Two Lovers and a Bear,6.112657070159912
Sam Firstenberg,1987,25678,American Ninja 2: The Confrontation,6.035297393798828
Justin Tipping,2016,385736,Kicks,6.119222164154053
Tom Reeve,2004,5494,George and the Dragon,6.078682899475098
Audrey Wells,2003,10934,Under the Tuscan Sun,6.139946937561035
James DeMonaco,2016,316727,The Purge: Election Year,6.097165584564209
James DeMonaco,2014,238636,The Purge: Anarchy,6.4331889152526855
James DeMonaco,2013,158015,The Purge,6.026418685913086
Caryn Waechter,2015,206197,The Sisterhood of Night,6.1060404777526855
Rob Cohen,2015,241251,The Boy Next Door,5.064957141876221
Rob Cohen,2012,94348,Alex Cross,5.856616497039795
Rob Cohen,2008,1735,The Mummy: Tomb of the Dragon Emperor,5.565166473388672
Rob Cohen,2005,10048,Stealth,5.787116050720215
Rob Cohen,2002,7451,xXx,5.918035984039307
Rob Cohen,2001,9799,The Fast and the Furious,6.489236354827881
Rob Cohen,2000,11478,The Skulls,6.052268981933594
Rob Cohen,1996,8840,DragonHeart,6.203132629394531
Rob Cohen,1996,11228,Daylight,6.01038122177124
Paul Hunter,2003,11817,Bulletproof Monk,5.870072841644287
Allison Anders,1999,142132,Sugar Town,6.092070579528809
Allison Anders,1995,5,Four Rooms,6.238065719604492
Neal Brennan,2009,19905,"The Goods: Live Hard, Sell Hard",6.053765773773193
Kimble Rendall,2012,118957,Bait,5.9615478515625
Hugh Johnson,1999,2162,Chill Factor,6.0700201988220215
Jeremy Leven,1994,1909,Don Juan DeMarco,6.110402584075928
Curtis Hanson,2012,82684,Chasing Mavericks,6.259983062744141
Curtis Hanson,2007,1950,Lucky You,6.039307594299316
Curtis Hanson,2002,65,8 Mile,6.537826061248779
Curtis Hanson,2000,11004,Wonder Boys,6.209268093109131
Curtis Hanson,1997,2118,L.A. Confidential,7.020925521850586
Curtis Hanson,1994,8987,The River Wild,6.094508171081543
Curtis Hanson,1983,33676,Losin' It,6.043414115905762
Rowdy Herrington,2004,24747,Bobby Jones: Stroke of Genius,6.0817790031433105
Rowdy Herrington,1989,10135,Road House,6.136317253112793
Michael Bay,2016,300671,13 Hours: The Secret Soldiers of Benghazi,6.5416340827941895
Michael Bay,2014,91314,Transformers: Age of Extinction,5.869383335113525
Michael Bay,2013,134374,Pain & Gain,6.097464561462402
Michael Bay,2011,38356,Transformers: Dark of the Moon,6.09849214553833
Michael Bay,2009,8373,Transformers: Revenge of the Fallen,6.021840572357178
Michael Bay,2007,1858,Transformers,6.502796649932861
Michael Bay,2005,1635,The Island,6.357083320617676
Michael Bay,2003,8961,Bad Boys II,6.221434593200684
Michael Bay,2001,676,Pearl Harbor,6.423301696777344
Michael Bay,1998,95,Armageddon,6.3145246505737305
Michael Bay,1996,9802,The Rock,6.579660415649414
Michael Bay,1995,9737,Bad Boys,6.353265762329102
Ben Affleck,2012,68734,Argo,6.879684925079346
Ben Affleck,2010,23168,The Town,6.641730308532715
Hal Haberman,2006,13856,Special,6.10966682434082
Sanjay Rawal,2014,292539,Food Chains,6.104115962982178
Steve Taylor,2012,98369,Blue Like Jazz,6.085853576660156
David Carson,1994,193,Star Trek: Generations,6.19155216217041
Scott Speer,2012,85446,Step Up Revolution,6.341294765472412
Yvette Kaplan,2006,5393,Happily N'Ever After,5.947206020355225
Matthew Vaughn,2011,49538,X-Men: First Class,6.942765235900879
Matthew Vaughn,2010,23483,Kick-Ass,6.927726745605469
Matthew Vaughn,2007,2270,Stardust,6.649500846862793
Matthew Vaughn,2004,4836,Layer Cake,6.427193641662598
Vicky Jewson,2013,299552,Born Of War,6.078861236572266
Mabrouk El Mechri,2012,77948,The Cold Light of Day,5.8083577156066895
Robert Stevenson,1964,433,Mary Poppins,6.814976692199707
Conor McMahon,2012,115210,Stitches,6.041369915008545
Adam Goldberg,2003,25428,I Love Your Work,6.094151973724365
Jan de Bont,2003,1996,Lara Croft Tomb Raider: The Cradle of Life,5.739368915557861
Jan de Bont,1999,11618,The Haunting,5.845090389251709
Jan de Bont,1997,1639,Speed 2: Cruise Control,5.472275733947754
Jan de Bont,1996,664,Twister,6.096636772155762
Jan de Bont,1994,1637,Speed,6.552837371826172
Anthony C. Ferrante,2013,205321,Sharknado,5.33259916305542
Dan Mazer,2016,291870,Dirty Grandpa,5.8594841957092285
Robert Lee King,2000,27723,Psycho Beach Party,6.0908427238464355
Bruce McDonald,2009,23963,Pontypool,6.174500942230225
Darren Aronofsky,2014,86834,Noah,5.74296760559082
Darren Aronofsky,2010,44214,Black Swan,7.085262775421143
Darren Aronofsky,2008,12163,The Wrestler,6.709280014038086
Darren Aronofsky,2006,1381,The Fountain,6.42053747177124
Darren Aronofsky,2000,641,Requiem for a Dream,7.390705585479736
Darren Aronofsky,1998,473,Pi,6.475132465362549
Rakeysh Omprakash Mehra,2006,7913,Rang De Basanti,6.194962024688721
Rick Rosenthal,2002,11442,Halloween: Resurrection,5.787261962890625
Michael Winnick,2016,389425,Code of Honor,6.0605950355529785
James Dodson,2008,17334,The Other End of the Line,6.093637466430664
Regardt van den Bergh,2006,29697,Faith Like Potatoes,6.092438220977783
Aaron Hann,2015,335866,Circle,6.069256782531738
Alan Poul,2010,34806,The Back-Up Plan,5.966182231903076
Denzel Washington,2007,14047,The Great Debaters,6.203044891357422
Denzel Washington,2002,13435,Antwone Fisher,6.169142246246338
Griffin Dunne,2013,87818,Movie 43,5.324760913848877
Griffin Dunne,2000,206412,Lisa Picard Is Famous,6.091125011444092
Griffin Dunne,1998,6435,Practical Magic,6.147170543670654
Tamara Jenkins,2007,8272,The Savages,6.166024208068848
Tamara Jenkins,1998,14662,Slums of Beverly Hills,6.111146450042725
Walter Salles,2012,83770,On the Road,5.951571464538574
Walter Salles,2005,9009,Dark Water,5.917015552520752
Walter Salles,1998,666,Central Station,6.268276691436768
Jeff Nichols,2016,245703,Midnight Special,6.138100624084473
Jeff Nichols,2013,103731,Mud,6.571031093597412
Jeff Nichols,2011,64720,Take Shelter,6.4248809814453125
Jeff Nichols,2007,12247,Shotgun Stories,6.13856315612793
Christopher B. Landon,2014,227348,Paranormal Activity: The Marked Ones,5.808437347412109
Timothy Bjorklund,2004,24034,Teacher's Pet,6.092070579528809
Abel Ferrara,1996,21612,The Funeral,6.131091117858887
Josh Boone,2014,222935,The Fault in Our Stars,7.293743133544922
Ruggero Deodato,1987,27551,The Barbarians,6.085087776184082
Stephen Anderson,2011,51162,Winnie the Pooh,6.243122577667236
Nick Murphy ,2016,395766,The Secret,6.093305587768555
Nick Murphy ,2011,77949,The Awakening,6.1601128578186035
Courtney Hunt,2008,10183,Frozen River,6.150075435638428
David S. Ward,1989,9942,Major League,6.186802864074707
Chad Kapper,2015,371690,Rotor DR1,6.088960647583008
Zhang Yimou,2014,259943,Coming Home,6.132519721984863
Zhang Yimou,2011,76758,The Flowers of War,6.257574081420898
Zhang Yimou,2009,44555,"A Woman, a Gun and a Noodle Shop",6.076008319854736
Zhang Yimou,2006,1494,Curse of the Golden Flower,6.181824207305908
Zhang Yimou,2004,9550,House of Flying Daggers,6.409427642822266
Zhang Yimou,2002,79,Hero,6.534178256988525
Alfonso Cuarón,2013,49047,Gravity,7.127538204193115
Alfonso Cuarón,2006,9693,Children of Men,6.986429214477539
Alfonso Cuarón,2004,673,Harry Potter and the Prisoner of Azkaban,7.474602222442627
Alfonso Cuarón,2001,1391,Y Tu Mamá También,6.391664028167725
Ekachai Uekrongtham,2014,327833,Skin Trade,6.0638041496276855
Peter Atencio,2016,342521,Keanu,6.064840793609619
Gary Ross,2016,316152,Free State of Jones,6.249660968780518
Gary Ross,2012,70160,The Hunger Games,6.825713634490967
Gary Ross,2003,4464,Seabiscuit,6.204833984375
David Wain,2014,180296,They Came Together,5.973256587982178
David Wain,2012,50647,Wanderlust,5.86229133605957
David Wain,2008,15373,Role Models,6.206881046295166
David Wain,2007,13173,The Ten,6.026358127593994
Erik White,2010,41382,Lottery Ticket,6.067008972167969
Katsuhiro Ōtomo,2004,8953,Steamboy,6.1227898597717285
Katsuhiro Ōtomo,1988,149,Akira,6.855011463165283
Shane Meadows,2006,11798,This Is England,6.4521026611328125
Shane Meadows,2004,12877,Dead Man's Shoes,6.243855953216553
Shane Meadows,1999,22908,A Room for Romeo Brass,6.115537166595459
Shane Meadows,1997,22913,24 7: Twenty Four Seven,6.095438480377197
Trey Parker,2004,3989,Team America: World Police,6.299864292144775
Trey Parker,1999,9473,"South Park: Bigger, Longer & Uncut",6.578714847564697
Trey Parker,1997,8675,Orgazmo,6.104730129241943
Jeff Crook,2007,20406,Rockaway,6.092695236206055
Sheldon Lettich,1993,15797,Only the Strong,6.116983890533447
Sheldon Lettich,1991,9594,Double Impact,5.948023796081543
Colin Minihan,2011,50698,Grave Encounters,6.095209121704102
Gerald Potterton,1981,11827,Heavy Metal,6.107570171356201
Gary Shore,2014,49017,Dracula Untold,6.169438362121582
Ray Lawrence,2006,4657,Jindabyne,6.08331298828125
Gus Van Sant,2012,133694,Promised Land,6.074442386627197
Gus Van Sant,2008,10139,Milk,6.485474109649658
Gus Van Sant,2002,1956,Gerry,6.100369930267334
Gus Van Sant,2000,711,Finding Forrester,6.310451984405518
Gus Van Sant,1997,489,Good Will Hunting,7.4404191970825195
Gus Van Sant,1995,577,To Die For,6.186931133270264
Gus Van Sant,1991,468,My Own Private Idaho,6.275559425354004
Tim Blake Nelson,2001,11065,O,6.072031021118164
Thomas Lilti,2016,375950,The Country Doctor,6.087553977966309
Kasi Lemmons,2013,175541,Black Nativity,6.088492393493652
Kasi Lemmons,2001,25208,The Caveman's Valentine,6.090750694274902
Kasi Lemmons,1997,45153,Eve's Bayou,6.093488693237305
Jennifer Yuh Nelson,2016,140300,Kung Fu Panda 3,6.472904205322266
Jennifer Yuh Nelson,2011,49444,Kung Fu Panda 2,6.495061874389648
Derek Cianfrance,2013,97367,The Place Beyond the Pines,6.540535926818848
Derek Cianfrance,2010,46705,Blue Valentine,6.481600761413574
Joseph Kosinski,2013,75612,Oblivion,6.348928451538086
Joseph Kosinski,2010,20526,TRON: Legacy,6.247837066650391
Michael Chapman,1986,13853,The Clan of the Cave Bear,6.05789041519165
Russell Crowe,2014,256917,The Water Diviner,6.312431812286377
Greg Marcks,2003,9282,11:14,6.218266010284424
Bill Melendez,1965,13187,A Charlie Brown Christmas,6.2868523597717285
Rob Marshall,2014,224141,Into the Woods,5.781187057495117
Rob Marshall,2011,1865,Pirates of the Caribbean: On Stranger Tides,6.350208282470703
Rob Marshall,2009,10197,Nine,5.94749116897583
Rob Marshall,2005,1904,Memoirs of a Geisha,6.581676006317139
Rob Marshall,2002,1574,Chicago,6.427127361297607
Morgan Spurlock,2013,164558,One Direction: This Is Us,6.423689842224121
Morgan Spurlock,2011,58492,The Greatest Movie Ever Sold,6.119082927703857
Morgan Spurlock,2004,9372,Super Size Me,6.268313884735107
Henry Koster,1953,29912,The Robe,6.106173992156982
Ed Decter,2002,10985,The New Guy,6.039801597595215
James Marsh,2014,266856,The Theory of Everything,7.416693210601807
James Marsh,2008,14048,Man on Wire,6.406790733337402
Anurag Basu,2010,37737,Kites,6.089569568634033
Sterling Van Wagenen,2005,14631,The Work and the Glory II: American Zion,6.105160713195801
Todd Lincoln ,2012,79694,The Apparition,5.890336513519287
Tom Elkins,2013,150202,The Haunting in Connecticut 2: Ghosts of Georgia,6.017178058624268
Paolo Sorrentino,2013,179144,The Great Beauty,6.6107683181762695
George Clooney,2014,152760,The Monuments Men,5.913328170776367
George Clooney,2011,10316,The Ides of March,6.291321754455566
George Clooney,2008,4942,Leatherheads,6.046354293823242
George Clooney,2005,3291,"Good Night, and Good Luck.",6.249902725219727
George Clooney,2002,4912,Confessions of a Dangerous Mind,6.206223487854004
Bruce McCulloch,2002,12770,Stealing Harvard,6.015800952911377
Bruce McCulloch,1999,13824,Superstar,6.014184474945068
Sylvain Chomet,2003,9662,The Triplets of Belleville,6.327546119689941
Barry Levinson,2008,8944,What Just Happened,5.988839626312256
Barry Levinson,2006,9895,Man of the Year,6.058529376983643
Barry Levinson,2004,10710,Envy,5.929581165313721
Barry Levinson,2001,3172,Bandits,6.1188578605651855
Barry Levinson,2000,29122,An Everlasting Piece,6.093208312988281
Barry Levinson,1998,10153,Sphere,5.99601411819458
Barry Levinson,1997,586,Wag the Dog,6.226590633392334
Barry Levinson,1996,819,Sleepers,6.608709812164307
Barry Levinson,1994,8984,Disclosure,6.058579921722412
Barry Levinson,1988,380,Rain Man,7.0584259033203125
Barry Levinson,1987,801,"Good Morning, Vietnam",6.4969892501831055
Barry Levinson,1985,11904,Young Sherlock Holmes,6.183286190032959
Barry Levinson,1982,13776,Diner,6.157562255859375
C. Jay Cox,2007,19844,Kiss the Bride,6.071835041046143
C. Jay Cox,2003,15708,Latter Days,6.1267781257629395
Walter Murch,1985,13155,Return to Oz,6.160778522491455
Zack Snyder,2016,209112,Batman v Superman: Dawn of Justice,5.747366428375244
Zack Snyder,2013,49521,Man of Steel,6.446703910827637
Zack Snyder,2011,23629,Sucker Punch,5.971796989440918
Zack Snyder,2010,41216,Legend of the Guardians: The Owls of Ga'Hoole,6.265330791473389
Zack Snyder,2009,13183,Watchmen,6.769358158111572
Zack Snyder,2006,1271,300,6.854009628295898
Zack Snyder,2004,924,Dawn of the Dead,6.456850528717041
Miloš Forman,1999,1850,Man on the Moon,6.345036029815674
Miloš Forman,1984,279,Amadeus,6.995715141296387
Miloš Forman,1975,510,One Flew Over the Cuckoo's Nest,7.679030418395996
Bill Plympton,1998,51942,I Married a Strange Person!,6.110690116882324
Benson Lee,2013,109417,Battle of the Year,6.0770583152771
Rajkumar Hirani,2006,21461,Lage Raho Munna Bhai,6.159401893615723
Frank Oz,2007,2196,Death at a Funeral,6.3686676025390625
Frank Oz,2004,9890,The Stepford Wives,5.914215087890625
Frank Oz,2001,11371,The Score,6.279001235961914
Frank Oz,1999,11353,Bowfinger,6.07376766204834
Frank Oz,1997,10806,In & Out,6.1255106925964355
Frank Oz,1995,11359,The Indian in the Cupboard,6.069606781005859
Frank Oz,1986,10776,Little Shop of Horrors,6.23818302154541
Robert Townsend,1987,34101,Hollywood Shuffle,6.085664749145508
David Lam,2014,277519,Z Storm,6.0917840003967285
Kresten Vestbjerg Andersen,2008,16016,Journey to Saturn,6.080990791320801
Martin Lawrence,2002,20337,Martin Lawrence Live: Runteldat,6.092166900634766
Martin Lawrence,1996,28121,A Thin Line Between Love and Hate,6.0872483253479
Jim Issa,2010,34417,Good Intentions,6.086507797241211
Michael J. Bassett,2012,61012,Silent Hill: Revelation 3D,5.753759860992432
David McNally,2003,10628,Kangaroo Jack,5.780017375946045
David McNally,2000,6282,Coyote Ugly,5.983363628387451
Michael Polish,2015,343795,90 Minutes in Heaven,6.065545558929443
Michael Polish,2015,351043,Amnesiac,5.990781307220459
Michael Polish,2006,5172,The Astronaut Farmer,6.105434417724609
Michael Polish,2003,32235,Northfork,6.108118057250977
Michael Polish,1999,33430,Twin Falls Idaho,6.103587627410889
Ed Gass-Donnelly,2013,146203,The Last Exorcism Part II,5.797487258911133
Herbert Ross,1984,1788,Footloose,6.199098587036133
Steve Rash,1999,19489,Held Up,6.079773426055908
Steve Rash,1981,47941,Under the Rainbow,6.084658622741699
Geoffrey Sax,2006,9978,Stormbreaker,5.912781715393066
Geoffrey Sax,2005,11804,White Noise,5.9877705574035645
Werner Herzog,2009,11699,The Bad Lieutenant: Port of Call - New Orleans,6.069634437561035
Werner Herzog,2006,9952,Rescue Dawn,6.302609920501709
Doug Block,2006,79161,51 Birch Street,6.0976996421813965
Ash Brannon,2007,9408,Surf's Up,6.018833160400391
Chris Shadley,2010,34335,Nine Dead,6.021361351013184
Tomm Moore,2009,26963,The Secret of Kells,6.284894943237305
Jason Bateman,2013,209403,Bad Words,6.172529220581055
Liliana Cavani,2002,10955,Ripley's Game,6.127315044403076
Andrew Morahan,1994,8011,Highlander: The Final Dimension,5.929354667663574
Christopher Smith,2009,26466,Triangle,6.407562255859375
Christopher Smith,2006,5072,Severance,6.139255523681641
Steve James,1997,26306,Prefontaine,6.106306076049805
Steve James,1994,14275,Hoop Dreams,6.226940631866455
Bradley Rust Gray,2009,44770,The Exploding Girl,6.098028659820557
Tony Bancroft,1998,10674,Mulan,7.113003253936768
Mike Mitchell,2011,55301,Alvin and the Chipmunks: Chipwrecked,5.860762119293213
Mike Mitchell,2010,10192,Shrek Forever After,6.030664920806885
Mike Mitchell,2005,11459,Sky High,5.986401557922363
Mike Mitchell,1999,10402,Deuce Bigalow: Male Gigolo,5.9490766525268555
Michael Martin,1998,40505,I Got the Hook Up,6.087569713592529
Lance Mungia,1998,24746,Six-String Samurai,6.082693576812744
Rachel Perkins,2009,38415,Bran Nue Dae,6.087751388549805
David O. Russell,2015,274479,Joy,6.284204959869385
David O. Russell,2015,316002,Accidental Love,5.89561653137207
David O. Russell,2013,168672,American Hustle,6.620042324066162
David O. Russell,2012,82693,Silver Linings Playbook,6.76430082321167
David O. Russell,2010,45317,The Fighter,6.7659220695495605
David O. Russell,2004,1599,I Heart Huckabees,6.114591121673584
David O. Russell,1999,6415,Three Kings,6.305681228637695
David O. Russell,1996,2074,Flirting with Disaster,6.106614589691162
Gil Junger,2001,11469,Black Knight,5.864510536193848
Gil Junger,1999,4951,10 Things I Hate About You,6.864954948425293
Joe Carnahan,2012,75174,The Grey,6.277958393096924
Joe Carnahan,2006,7516,Smokin' Aces,6.203000545501709
Joe Carnahan,2002,11022,Narc,6.184450626373291
Reginald Hudlin,2002,12771,Serving Sara,6.00429105758667
Reginald Hudlin,2000,16888,The Ladies Man,6.079838752746582
Reginald Hudlin,1992,11066,Boomerang,6.008307456970215
Johnny Remo,2012,112456,Hardflip,6.086078643798828
Stefan Schwartz,1997,25719,Shooting Fish,6.114541530609131
Shane Acker,2009,12244,9,6.381215572357178
Michael Hoffman Jr.,2012,117942,Girls Gone Dead,6.0559916496276855
Rand Ravich,1999,2900,The Astronaut's Wife,5.948128700256348
Andrew Hyatt,2012,150211,The Frozen,6.06606388092041
Bille Woodruff,2016,378200,The Perfect Match,6.055824279785156
Bille Woodruff,2014,235271,Addicted,6.050567626953125
Bille Woodruff,2005,14177,Beauty Shop,6.019068717956543
Bille Woodruff,2003,10028,Honey,6.070903301239014
Mike van Diem,1997,17139,Character,6.13412618637085
Michael Dowse,2011,50725,Take Me Home Tonight,6.1123223304748535
Michael Dowse,2004,12109,It's All Gone Pete Tong,6.145083904266357
Jon Hess,1993,24227,Excessive Force,6.076862812042236
Tommy Wirkola,2013,60304,Hansel & Gretel: Witch Hunters,5.789847373962402
Tommy Wirkola,2009,14451,Dead Snow,6.094944953918457
Patrick Lussier,2011,47327,Drive Angry,5.787992477416992
Patrick Lussier,2009,14435,My Bloody Valentine,5.904753684997559
Patrick Lussier,2007,7006,White Noise 2: The Light,6.055322647094727
Patrick Lussier,2000,10577,Dracula 2000,5.893658638000488
Marcus Raboy,2009,25186,Janky Promoters,6.098008155822754
Marcus Raboy,2002,10426,Friday After Next,6.084494590759277
Peter Cousens,2014,288980,Freedom,6.090578556060791
Matt Jackson,2014,189711,Love in the Time of Monsters,6.091030120849609
Edgar Wright,2013,107985,The World's End,6.487424373626709
Edgar Wright,2010,22538,Scott Pilgrim vs. the World,6.855974197387695
Edgar Wright,2007,4638,Hot Fuzz,7.003191947937012
Edgar Wright,2004,747,Shaun of the Dead,7.100763320922852
Andy Muschietti,2013,132232,Mama,6.037915229797363
David Kellogg,1999,332,Inspector Gadget,5.646734714508057
Joseph Ruben,1995,11517,Money Train,5.9629807472229
Anna Mastro,2015,323967,Walter,6.0723652839660645
Gurinder Chadha,2010,42057,It's a Wonderful Afterlife,6.076632022857666
Gurinder Chadha,2004,57825,Bride & Prejudice,6.1351542472839355
Gurinder Chadha,2002,455,Bend It Like Beckham,6.133428573608398
Roger Spottiswoode,2008,13405,The Children of Huang Shi,6.114223480224609
Roger Spottiswoode,2000,8452,The 6th Day,5.942715644836426
Roger Spottiswoode,1997,714,Tomorrow Never Dies,6.047494888305664
Roger Spottiswoode,1981,45226,The Pursuit of D.B. Cooper,6.096240997314453
Ralph Zondag,2000,10567,Dinosaur,6.131832122802734
RZA,2012,97430,The Man with the Iron Fists,5.850478172302246
John Stockwell,2016,308529,Kickboxer: Vengeance,5.944215297698975
John Stockwell,2005,11968,Into the Blue,5.998503684997559
John Stockwell,2002,9266,Blue Crush,6.023148536682129
John Stockwell,2001,10691,Crazy/Beautiful,6.1394124031066895
Dean Israelite,2015,227719,Project Almanac,6.2445454597473145
Zak Penn,2004,48463,Incident at Loch Ness,6.0897440910339355
Pierre Morel,2015,266396,The Gunman,5.921154499053955
Pierre Morel,2010,26389,From Paris with Love,6.096070766448975
Pierre Morel,2008,8681,Taken,7.000803470611572
Pierre Morel,2004,10045,District B13,6.244081497192383
Ralph Nelson,1968,29146,Charly,6.107679843902588
Warren Beatty,1998,9452,Bulworth,6.106614589691162
Warren Beatty,1990,8592,Dick Tracy,6.053206443786621
Warren Beatty,1981,18254,Reds,6.1590447425842285
Dennis Dugan,2013,109418,Grown Ups 2,5.933055877685547
Dennis Dugan,2011,50546,Just Go with It,6.220775604248047
Dennis Dugan,2011,71880,Jack and Jill,5.323019981384277
Dennis Dugan,2010,38365,Grown Ups,6.033588409423828
Dennis Dugan,2008,10661,You Don't Mess with the Zohan,5.7834978103637695
Dennis Dugan,2006,9957,The Benchwarmers,5.913305759429932
Dennis Dugan,2001,10878,Saving Silverman,5.997376441955566
Dennis Dugan,1999,9032,Big Daddy,6.096499443054199
Dennis Dugan,1996,9614,Happy Gilmore,6.2724504470825195
Morgan J. Freeman,1999,41730,Desert Blue,6.087789058685303
Morgan J. Freeman,1997,125052,Hurricane Streets,6.087933540344238
Mitch Davis,2015,340816,Christmas Eve,6.093469142913818
Mitch Davis,2001,16651,The Other Side of Heaven,6.102035045623779
Tom Putnam,2012,139948,Burn,6.098321437835693
Ralph Fiennes,2011,101173,Coriolanus,6.07007360458374
Clark Johnson,2006,5820,The Sentinel,6.037567615509033
Clark Johnson,2003,9257,S.W.A.T.,5.96268367767334
Peter Sohn,2015,105864,The Good Dinosaur,6.419695854187012
Myles Berkowitz,1998,111794,20 Dates,6.085842132568359
Louis C.K.,2001,10615,Pootie Tang,6.0635528564453125
Quentin Dupieux,2010,45649,Rubber,6.011719226837158
Joseph Mazzella,2015,366967,Dutch Kills,6.093305587768555
Seth MacFarlane,2015,214756,Ted 2,6.170099258422852
Seth MacFarlane,2014,188161,A Million Ways to Die in the West,5.915895938873291
Seth MacFarlane,2012,72105,Ted,6.264954090118408
Christian Robinson,2006,13960,ATL,6.090292453765869
Michael Cristofer,2001,2057,Original Sin,6.043111324310303
Peter Flinth,2007,13491,Arn: The Knight Templar,6.11582612991333
Zackary Adler,2015,356216,The Rise of the Krays,6.062351703643799
Billy Kent,2006,14474,The Oh in Ohio,6.085273742675781
Brian Trenchard-Smith,2014,256092,Drive Hard,5.936185836791992
Brian Trenchard-Smith,2006,56491,In Her Line of Fire,6.0673346519470215
Brian Trenchard-Smith,2001,30379,Megiddo: The Omega Code 2,6.072678565979004
Sharon Maguire,2001,634,Bridget Jones's Diary,6.331524848937988
Stephen Langford,2014,272726,Dude Where's My Dog?,6.093305587768555
Lynn Shelton,2011,84355,Your Sister's Sister,6.144142150878906
Lori Silverbush,2004,78307,On the Outs,6.092103481292725
William Wyler,1946,887,The Best Years of Our Lives,6.288820266723633
Andrew Leman,2005,20981,The Call of Cthulhu,6.12637996673584
John Pasquin,2005,10040,Miss Congeniality 2: Armed and Fabulous,5.849696636199951
John Pasquin,2001,12312,Joe Somebody,6.069549560546875
John Pasquin,1994,11395,The Santa Clause,6.163107872009277
Julian Schnabel,2007,2013,The Diving Bell and the Butterfly,6.391046524047852
Julian Schnabel,1996,549,Basquiat,6.138537406921387
Joe Wright,2015,266647,Pan,5.996905326843262
Joe Wright,2012,96724,Anna Karenina,6.255932331085205
Joe Wright,2011,50456,Hanna,6.3244733810424805
Joe Wright,2009,17332,The Soloist,6.192690849304199
Joe Wright,2007,4347,Atonement,6.775936126708984
Joe Wright,2005,4348,Pride & Prejudice,7.034993648529053
Demian Lichtenstein,2001,12138,3000 Miles to Graceland,6.047388076782227
Michael Crichton,1979,11583,The First Great Train Robbery,6.129602909088135
Roman Polanski,2011,72113,Carnage,6.487613201141357
Roman Polanski,2010,11439,The Ghost Writer,6.342835903167725
Roman Polanski,2005,257,Oliver Twist,6.228126525878906
Roman Polanski,2002,423,The Pianist,7.352277755737305
Roman Polanski,1999,622,The Ninth Gate,6.184419631958008
Roman Polanski,1968,805,Rosemary's Baby,6.759593963623047
Deborah Kaplan,2001,19366,Josie and the Pussycats,6.037904739379883
Deborah Kaplan,1998,15037,Can't Hardly Wait,6.094060897827148
Marc Levin,1998,37532,Slam,6.0977020263671875
Paul Fierlinger,2009,52032,My Dog Tulip,6.107314109802246
Juan Carlos Fresnadillo,2007,1562,28 Weeks Later,6.319100379943848
Bonnie Hunt,2000,2621,Return to Me,6.093742847442627
Miguel Arteta,2014,218778,"Alexander and the Terrible, Horrible, No Good, Very Bad Day",6.095578670501709
Miguel Arteta,2011,52067,Cedar Rapids,6.069451332092285
Miguel Arteta,2009,22327,Youth in Revolt,6.045054912567139
Miguel Arteta,2002,9962,The Good Girl,6.0943684577941895
Miguel Arteta,2000,44490,Chuck & Buck,6.086851119995117
Duncan Tucker,2005,546,Transamerica,6.19862174987793
Andy Cadiff,2004,14844,Chasing Liberty,6.094221591949463
Howard Zieff,1991,4032,My Girl,6.373093128204346
Howard Zieff,1980,10765,Private Benjamin,6.0843353271484375
Patricia Riggen,2016,339984,Miracles from Heaven,6.191860198974609
Patricia Riggen,2015,293646,The 33,6.066926002502441
Patricia Riggen,2008,32579,Under the Same Moon,6.119027137756348
Robert Eggers,2016,310131,The Witch,6.217166900634766
Yuefeng Song,2014,257932,Dragon Nest: Warriors' Dawn,6.107034683227539
Craig Bolotin,1999,19052,Light It Up,6.096977233886719
Jason Friedberg,2010,40264,Vampires Suck,5.625180721282959
Jason Friedberg,2008,7278,Meet the Spartans,5.441411018371582
Jason Friedberg,2008,13805,Disaster Movie,5.474128246307373
Jason Friedberg,2007,9760,Epic Movie,5.359283924102783
Jason Friedberg,2006,10073,Date Movie,5.6246232986450195
Ning Hao,2009,33106,Silver Medalist,6.110781669616699
Ning Hao,2006,45380,Crazy Stone,6.111396312713623
Richard Benjamin,2003,32316,Marci X,6.0587849617004395
Richard Benjamin,1996,40001,Mrs. Winterbourne,6.073150634765625
Richard Benjamin,1988,12120,My Stepmother is an Alien,5.9979634284973145
Henry Joost,2016,328387,Nerve,6.79254150390625
Henry Joost,2012,82990,Paranormal Activity 4,5.762864589691162
Henry Joost,2011,72571,Paranormal Activity 3,6.013869762420654
Irvin Kershner,1983,36670,Never Say Never Again,6.01686954498291
Irvin Kershner,1980,1891,The Empire Strikes Back,7.904545307159424
Jon Matthews,2000,77332,Urbania,6.084086894989014
Richard Donner,2006,2207,16 Blocks,6.136839389801025
Richard Donner,2003,9562,Timeline,5.920657634735107
Richard Donner,1998,944,Lethal Weapon 4,6.185156345367432
Richard Donner,1997,8834,Conspiracy Theory,6.219409942626953
Richard Donner,1995,9691,Assassins,6.066478252410889
Richard Donner,1992,943,Lethal Weapon 3,6.233830451965332
Richard Donner,1992,20763,Radio Flyer,6.119842052459717
Richard Donner,1988,9647,Scrooged,6.268702507019043
Richard Donner,1985,526,Ladyhawke,6.2440361976623535
Richard Donner,1978,1924,Superman,6.509479999542236
Richard Donner,1976,794,The Omen,6.460404396057129
Hank Braxtan,2015,356483,Unnatural,6.07114315032959
Léa Pool,2011,89750,"Pink Ribbons, Inc.",6.0976996421813965
Léa Pool,2004,25379,The Blue Butterfly,6.0976996421813965
Gary Chapman,2005,14175,Valiant,5.917487621307373
Clark Gregg,2008,13973,Choke,6.082394123077393
Steve Martino,2015,227973,The Peanuts Movie,6.250466823577881
Steve Martino,2012,57800,Ice Age: Continental Drift,6.171820640563965
Leigh Whannell,2015,280092,Insidious: Chapter 3,6.147312164306641
Jon Wright,2012,84204,Grabbers,6.081419467926025
Vivek Agnihotri,2005,20296,Chocolate: Deep Dark Secrets,6.076559543609619
Christopher Spencer,2014,235260,Son of God,6.077908039093018
Michael Patrick Jann,1999,10490,Drop Dead Gorgeous,6.1185455322265625
Patrick Creadon,2006,35199,Wordplay,6.1057586669921875
Spencer Susser,2010,44835,Hesher,6.2031426429748535
Stanley Donen,1952,872,Singin' in the Rain,6.82922887802124
Mel Brooks,1987,957,Spaceballs,6.387361526489258
Mel Brooks,1981,10156,History of the World: Part I,6.164643287658691
Mel Brooks,1977,12535,High Anxiety,6.126059532165527
Mel Brooks,1976,10970,Silent Movie,6.138939380645752
Mel Brooks,1974,3034,Young Frankenstein,6.85012674331665
Mel Brooks,1974,11072,Blazing Saddles,6.52313756942749
Britt Allcroft,2000,16110,Thomas and the Magic Railroad,6.08095121383667
William A. Graham,1991,13888,Return to the Blue Lagoon,5.956636905670166
Troy Duffy,2009,22821,The Boondock Saints II: All Saints Day,6.051950931549072
Troy Duffy,1999,8374,The Boondock Saints,6.60906457901001
Richard Linklater,2014,85350,Boyhood,7.039583683013916
Richard Linklater,2013,132344,Before Midnight,6.579358100891113
Richard Linklater,2012,92591,Bernie,6.195058822631836
Richard Linklater,2009,12404,Me and Orson Welles,6.117936611175537
Richard Linklater,2006,3509,A Scanner Darkly,6.345459461212158
Richard Linklater,2004,80,Before Sunset,6.73838996887207
Richard Linklater,2003,1584,School of Rock,6.454816818237305
Richard Linklater,1998,42807,The Newton Boys,6.08482551574707
Richard Linklater,1995,76,Before Sunrise,6.896652698516846
Richard Linklater,1993,9571,Dazed and Confused,6.58734130859375
Richard Linklater,1990,14022,Slacker,6.116100311279297
Elia Kazan,1954,654,On the Waterfront,6.610547065734863
Elia Kazan,1951,702,A Streetcar Named Desire,6.434741973876953
Elia Kazan,1947,33667,Gentleman's Agreement,6.126322269439697
Marcia Bennett,2012,113406,Should've Been Romeo,6.093305587768555
John Schultz,2009,20856,Aliens in the Attic,5.93240213394165
John Schultz,2002,21972,Like Mike,6.056166172027588
John Schultz,1999,14429,Drive Me Crazy,6.075494766235352
Michael O. Sajbel,2006,14624,The Ultimate Gift,6.146461009979248
Michael O. Sajbel,2006,15005,One Night with the King,6.093388080596924
Marcus Nispel,2015,226458,Backmask,5.987264156341553
David Fincher,2014,210577,Gone Girl,7.645987510681152
David Fincher,2011,65754,The Girl with the Dragon Tattoo,6.887203216552734
David Fincher,2010,37799,The Social Network,6.878064155578613
David Fincher,2008,4922,The Curious Case of Benjamin Button,7.027777194976807
David Fincher,2007,1949,Zodiac,6.91193151473999
David Fincher,2002,4547,Panic Room,6.324789047241211
David Fincher,1999,550,Fight Club,8.095968246459961
David Fincher,1997,2649,The Game,6.952730178833008
David Fincher,1995,807,Se7en,7.813798427581787
David Fincher,1992,8077,Alien³,6.160524845123291
Stephen Kijak,2006,30867,Scott Walker: 30 Century Man,6.100806713104248
Sylvester Stallone,2010,27578,The Expendables,6.023032188415527
Sylvester Stallone,2006,1246,Rocky Balboa,6.282597541809082
Yash Chopra,2012,132316,Jab Tak Hai Jaan,6.171004772186279
Yash Chopra,2004,4251,Veer-Zaara,6.175053596496582
Hironobu Sakaguchi,2001,2114,Final Fantasy: The Spirits Within,6.033175468444824
Bruce Paltrow,2000,18074,Duets,6.072990894317627
Étienne Faure,2015,318040,Bizarre,6.094515323638916
Peter Chelsom,2009,18126,Hannah Montana: The Movie,6.06355094909668
Peter Chelsom,2004,4380,Shall We Dance?,6.047595500946045
Peter Chelsom,2001,9778,Serendipity,6.2716755867004395
Peter Chelsom,2001,24113,Town & Country,6.054030895233154
Peter Chelsom,1998,9821,The Mighty,6.144138813018799
Stephen Daldry,2014,206563,Trash,6.2961530685424805
Stephen Daldry,2011,64685,Extremely Loud & Incredibly Close,6.435920715332031
Stephen Daldry,2008,8055,The Reader,6.60106086730957
Stephen Daldry,2002,590,The Hours,6.38331937789917
Stephen Daldry,2000,71,Billy Elliot,6.666752338409424
Cameron Crowe,2015,222936,Aloha,5.71888542175293
Cameron Crowe,2011,74465,We Bought a Zoo,6.291209697723389
Cameron Crowe,2005,9621,Elizabethtown,6.09500789642334
Cameron Crowe,2001,1903,Vanilla Sky,6.308532238006592
Cameron Crowe,2000,786,Almost Famous,6.686378002166748
Cameron Crowe,1996,9390,Jerry Maguire,6.3891987800598145
Jim Gillespie,2002,10375,D-Tox,6.003123760223389
Jim Gillespie,1997,3597,I Know What You Did Last Summer,5.887412071228027
Joshua Marston,2004,436,Maria Full of Grace,6.170169830322266
Benni Diez,2015,254472,Stung,6.019745826721191
Sean Anders,2015,274167,Daddy's Home,5.955146312713623
Sean Anders,2014,227159,Horrible Bosses 2,6.097426891326904
Sean Anders,2012,87428,That's My Boy,5.902960300445557
Sean Anders,2008,13523,Sex Drive,6.068778038024902
Guy Hamilton,1978,17339,Force 10 from Navarone,6.1198859214782715
Guy Hamilton,1974,682,The Man with the Golden Gun,6.1663384437561035
Guy Hamilton,1973,253,Live and Let Die,6.202868461608887
Guy Hamilton,1971,681,Diamonds Are Forever,6.1689019203186035
Guy Hamilton,1965,41830,The Party's Over,6.093347072601318
Guy Hamilton,1964,658,Goldfinger,6.654614448547363
Frederik Du Chau,2005,6439,Racing Stripes,5.980388164520264
Frederik Du Chau,1998,18937,Quest for Camelot,6.226701259613037
Bobcat Goldthwait,2009,20178,World's Greatest Dad,6.156672477722168
Joel Anderson,2008,27374,Lake Mungo,6.093879699707031
Melvin Van Peebles,1971,5822,Sweet Sweetback's Baadasssss Song,6.065793037414551
Nick Gomez,2000,25166,Drowning Mona,6.0635528564453125
John Boorman,2001,2575,The Tailor of Panama,6.102644920349121
John Boorman,1977,11586,Exorcist II: The Heretic,5.899249076843262
John Boorman,1967,26039,Point Blank,6.184041976928711
Carlos Carrera,2002,542,The Crime of Padre Amaro,6.097166061401367
Serdar Akar,2006,11818,Valley of the Wolves: Iraq,6.080310344696045
Malcolm Goodwin,2013,222250,A True Story,6.094776153564453
J.B. Rogers,2001,2770,American Pie 2,6.038853645324707
J.B. Rogers,2001,20309,Say It Isn't So,6.0328826904296875
Fenton Bailey,2005,12228,Inside Deep Throat,6.115434169769287
Fenton Bailey,2003,1415,Party Monster,6.082281112670898
Bob Giraldi,2000,22617,Dinner Rush,6.112863063812256
Jerry Belson,1982,3028,Jekyll and Hyde ... Together Again,6.085560321807861
Lauren Lazin,2003,21525,Tupac: Resurrection,6.14363431930542
Lee Tamahori,2011,62630,The Devil's Double,6.165792465209961
Lee Tamahori,2005,11679,xXx: State of the Union,5.586061000823975
Lee Tamahori,2002,36669,Die Another Day,5.937142848968506
Lee Tamahori,2001,2043,Along Came a Spider,6.09527587890625
Lee Tamahori,1997,9433,The Edge,6.255183696746826
Meiert Avis,2005,17926,Undiscovered,6.073614597320557
Ben Lewin,2012,113947,The Sessions,6.173005104064941
Stephen Gaghan,2005,231,Syriana,6.15941858291626
Stephen Gaghan,2002,15992,Abandon,6.026374340057373
John Simpson,2004,12612,Freeze Frame,6.10816764831543
Luke Greenfield,2014,193893,Let's Be Cops,6.26495885848999
Luke Greenfield,2011,49022,Something Borrowed,6.047713279724121
Luke Greenfield,2004,10591,The Girl Next Door,6.188827991485596
Luke Greenfield,2001,11090,The Animal,5.733871936798096
Dominique Othenin-Girard,1989,11361,Halloween 5: The Revenge of Michael Myers,5.950157642364502
Tom Walsh,2014,239897,Dwegons,6.087479114532471
Siddharth Anand,2007,14165,Ta Ra Rum Pum,6.092057704925537
Christopher Hutson,2008,22530,Bled,6.083779811859131
Michael McCullers,2008,8780,Baby Mama,6.041649341583252
Mike Barker,2007,13250,Butterfly on a Wheel,6.117980003356934
Gabriele Muccino,2012,77875,Playing for Keeps,5.95452880859375
Gabriele Muccino,2008,11321,Seven Pounds,7.050026893615723
Gabriele Muccino,2006,1402,The Pursuit of Happyness,7.257743835449219
Gabriele Muccino,2003,38970,"Remember Me, My Love",6.080438613891602
Leslie Small,2013,181330,Kevin Hart: Let Me Explain,6.184041976928711
Kenneth Branagh,2015,150689,Cinderella,6.5254364013671875
Kenneth Branagh,2014,137094,Jack Ryan: Shadow Recruit,5.9869513511657715
Kenneth Branagh,2011,10195,Thor,6.535072326660156
Kenneth Branagh,2006,37028,The Magic Flute,6.098321437835693
Kenneth Branagh,1996,10549,Hamlet,6.224516868591309
Kenneth Branagh,1993,11971,Much Ado About Nothing,6.275505065917969
Kenneth Branagh,1989,10705,Henry V,6.18337869644165
Bob Saget,2006,12486,Farce of the Penguins,6.0546088218688965
Bob Saget,1998,14577,Dirty Work,6.119492530822754
Bruce Campbell,2007,1961,My Name Is Bruce,6.073902606964111
Sean Penn,2007,5915,Into the Wild,7.391228675842285
Sean Penn,2001,5955,The Pledge,6.167785167694092
Chris Williams,2014,177572,Big Hero 6,7.569281101226807
Chris Williams,2008,13053,Bolt,6.2268290519714355
Jason Reitman,2013,130150,Labor Day,6.237504005432129
Jason Reitman,2011,57157,Young Adult,5.957581043243408
Jason Reitman,2009,22947,Up in the Air,6.431136608123779
Jason Reitman,2007,7326,Juno,6.728529453277588
Jason Reitman,2005,9388,Thank You for Smoking,6.505163192749023
Tom Green,2001,13166,Freddy Got Fingered,5.933407783508301
Ben Younger,2000,14181,Boiler Room,6.16377592086792
Majid Majidi,1997,21334,Children of Heaven,6.271783351898193
Gary Hardwick,2001,20322,The Brothers,6.097502708435059
Mark Illsley,1999,24066,"Happy, Texas",6.070120334625244
Norman Jewison,2003,41488,The Statement,6.088778018951416
Norman Jewison,1999,10400,The Hurricane,6.416738033294678
Norman Jewison,1996,3587,Bogus,6.062891483306885
Norman Jewison,1978,28932,F.I.S.T.,6.1023077964782715
Norman Jewison,1971,14811,Fiddler on the Roof,6.253504276275635
Francis Lawrence,2015,131634,The Hunger Games: Mockingjay - Part 2,6.501695156097412
Francis Lawrence,2014,131631,The Hunger Games: Mockingjay - Part 1,6.5257344245910645
Francis Lawrence,2013,101299,The Hunger Games: Catching Fire,7.231886386871338
Francis Lawrence,2011,55787,Water for Elephants,6.3783745765686035
Francis Lawrence,2007,6479,I Am Legend,6.766892433166504
David Hand,1942,3170,Bambi,6.513316631317139
David Hand,1940,756,Fantasia,6.599366188049316
David Hand,1937,408,Snow White and the Seven Dwarfs,6.630727291107178
Mona Lerche,2014,244776,The Sleepwalker,6.078861236572266
Scott Derrickson,2014,184346,Deliver Us from Evil,6.012419700622559
Scott Derrickson,2012,82507,Sinister,6.470213413238525
Scott Derrickson,2008,10200,The Day the Earth Stood Still,5.6279120445251465
Scott Derrickson,2005,8643,The Exorcism of Emily Rose,6.177490711212158
Andy García,2005,9700,The Lost City,6.09102725982666
Craig Johnson,2014,244772,The Skeleton Twins,6.2349162101745605
Robert Cary,2006,38007,Ira & Abby,6.090578556060791
John Turturro,2005,13994,Romance & Cigarettes,6.090201377868652
John Turturro,1998,91076,Illuminata,6.094803333282471
Marco Kreuzpaintner,2007,4170,Trade,6.139454364776611
Marco Kreuzpaintner,2004,342,Summer Storm,6.128467559814453
Will Gluck,2014,196867,Annie,6.062792778015137
Will Gluck,2011,50544,Friends with Benefits,6.377966403961182
Will Gluck,2010,37735,Easy A,6.516402721405029
Daniel Schechter,2012,139998,Supporting Characters,6.099566459655762
Anne Fletcher,2015,268920,Hot Pursuit,5.813997745513916
Anne Fletcher,2012,82687,The Guilt Trip,5.93489933013916
Anne Fletcher,2009,18240,The Proposal,6.489424705505371
Anne Fletcher,2008,6557,27 Dresses,6.096685409545898
Anne Fletcher,2006,9762,Step Up,6.411827564239502
Doug Atchison,2006,13751,Akeelah and the Bee,6.140557765960693
James McTeigue,2015,334074,Survivor,5.887806415557861
James McTeigue,2012,70436,The Raven,6.095364570617676
James McTeigue,2009,22832,Ninja Assassin,6.123067855834961
James McTeigue,2006,752,V for Vendetta,7.414715766906738
Perry Andelin Blake,2002,13908,The Master of Disguise,5.913288116455078
Tim Story,2016,323675,Ride Along 2,6.095759391784668
Tim Story,2014,168530,Ride Along,6.096457004547119
Tim Story,2014,184098,Think Like a Man Too,6.151587963104248
Tim Story,2012,67660,Think Like a Man,6.276113033294678
Tim Story,2011,74510,Kevin Hart: Laugh at My Pain,6.16225528717041
Tim Story,2007,1979,Fantastic 4: Rise of the Silver Surfer,5.587395668029785
Tim Story,2002,10611,Barbershop,6.106642246246338
Robert Marcarelli,1999,29064,The Omega Code,6.063811302185059
James Mangold,2013,76170,The Wolverine,6.260450839996338
James Mangold,2010,37834,Knight and Day,5.973974227905273
James Mangold,2007,5176,3:10 to Yuma,6.539673805236816
James Mangold,2005,69,Walk the Line,6.609946250915527
James Mangold,2003,2832,Identity,6.622069358825684
James Mangold,2001,11232,Kate & Leopold,6.064981937408447
James Mangold,1999,3558,"Girl, Interrupted",6.739928722381592
James Mangold,1997,2142,Cop Land,6.237643718719482
Karen Moncrieff,2006,13551,The Dead Girl,6.113053798675537
Karen Moncrieff,2002,46989,Blue Car,6.101419925689697
Michael Cimino,1980,10935,Heaven's Gate,6.109941005706787
Michael Cimino,1978,11778,The Deer Hunter,6.929404258728027
Asger Leth,2012,49527,Man on a Ledge,6.145689964294434
Miranda July,2005,1382,Me and You and Everyone We Know,6.184315204620361
Ron Fricke,2011,89708,Samsara,6.376092433929443
Cyrus Nowrasteh,2016,318850,The Young Messiah,6.102608680725098
James Gartner,2006,9918,Glory Road,6.23778772354126
Dennis Gansel,2008,7735,The Wave,6.750544548034668
Kevin Jordan,1999,125537,Smiling Fish & Goat On Fire,6.094250202178955
Fred Zinnemann,1977,42222,Julia,6.099575519561768
Fred Zinnemann,1966,874,A Man for All Seasons,6.212767124176025
Fred Zinnemann,1959,27029,The Nun's Story,6.153114318847656
Fred Zinnemann,1953,11426,From Here to Eternity,6.228095054626465
Fred Zinnemann,1952,288,High Noon,6.482505798339844
Mike Hodges,1980,3604,Flash Gordon,6.094614028930664
Ritesh Batra,2013,191714,The Lunchbox,6.319304943084717
Michael Burke,2003,26899,The Mudge Boy,6.121568202972412
Mark Rosman,2005,15648,The Perfect Man,5.9896559715271
Mark Rosman,2004,11247,A Cinderella Story,6.096160411834717
David Zucker,2008,13948,An American Carol,6.052584171295166
David Zucker,2006,4257,Scary Movie 4,5.745161056518555
David Zucker,2003,2830,My Boss's Daughter,5.825706958770752
David Zucker,2003,4256,Scary Movie 3,5.950336933135986
David Zucker,1991,37137,The Naked Gun 2½: The Smell of Fear,6.277129650115967
Zoran Lisinac,2013,173224,Along the Roadside,6.098316192626953
Steven E. de Souza,1994,11667,Street Fighter,5.588769435882568
Bille August,2007,1874,Goodbye Bafana,6.12786340713501
Bille August,1997,9311,Smilla's Sense of Snow,6.123140335083008
Johnnie To,2006,13807,Exiled,6.134806156158447
Rian Johnson,2012,59967,Looper,6.514087677001953
Rian Johnson,2008,21755,The Brothers Bloom,6.216763973236084
Rodman Flender,1999,6552,Idle Hands,6.0943732261657715
Nelson McCormick,2009,19904,The Stepfather,5.990479469299316
Nelson McCormick,2008,8617,Prom Night,5.901492118835449
Gnana Rajasekaran,2014,280871,Ramanujan,6.089896202087402
Frank Sebastiano,2006,14137,Beer League,6.075514793395996
Dan Harris,2004,25350,Imaginary Heroes,6.099372386932373
Salvador Carrasco,1999,89540,The Other Conquest,6.090425968170166
Frank Coraci,2015,347969,The Ridiculous 6,5.749577045440674
Frank Coraci,2014,232672,Blended,6.352712631225586
Frank Coraci,2012,87826,Here Comes the Boom,6.057654857635498
Frank Coraci,2011,38317,Zookeeper,5.822154998779297
Frank Coraci,2006,9339,Click,6.029212951660156
Frank Coraci,2004,10204,Around the World in 80 Days,5.9312567710876465
Frank Coraci,1998,10663,The Waterboy,6.026022911071777
Julie Anne Robinson,2012,54054,One for the Money,5.864795684814453
Julie Anne Robinson,2010,35690,The Last Song,6.4889373779296875
Mark Griffiths,2012,158150,How to Fall in Love,6.075056076049805
Scott Cooper,2015,261023,Black Mass,6.2099409103393555
Scott Cooper,2013,164457,Out of the Furnace,6.267706871032715
Scott Cooper,2009,25196,Crazy Heart,6.2503485679626465
Ronny Yu,2003,6466,Freddy vs. Jason,5.981120586395264
Ronny Yu,2001,1613,The 51st State,6.06376314163208
Ronny Yu,1998,11932,Bride of Chucky,5.934667587280273
Ronny Yu,1997,49478,Warriors of Virtue,6.08035135269165
Scott Kalvert,2002,13201,Deuces Wild,6.072990894317627
Barbet Schroeder,2002,11892,Murder by Numbers,6.072926044464111
Barbet Schroeder,1995,6071,Kiss of Death,6.062673091888428
Larry Clark,2001,9517,Bully,6.163265705108643
Larry Clark,1995,9344,Kids,6.25256872177124
King Vidor,1959,29996,Solomon and Sheba,6.087569713592529
King Vidor,1946,32275,Duel in the Sun,6.097269058227539
King Vidor,1925,3060,The Big Parade,6.112734794616699
Stephen Frears,2016,315664,Florence Foster Jenkins,6.240325450897217
Stephen Frears,2013,205220,Philomena,6.5852274894714355
Stephen Frears,2009,22215,Cheri,6.082640171051025
Stephen Frears,2006,1165,The Queen,6.27747106552124
Stephen Frears,2005,10773,Mrs Henderson Presents,6.111929416656494
Stephen Frears,2002,3472,Dirty Pretty Things,6.178238391876221
Stephen Frears,2000,243,High Fidelity,6.452098369598389
Stephen Frears,1996,9095,Mary Reilly,6.065130710601807
Stephen Frears,1988,859,Dangerous Liaisons,6.284934043884277
Stephen Frears,1985,11240,My Beautiful Laundrette,6.11889123916626
Norton Virgien,2003,20694,Rugrats Go Wild,6.0638041496276855
Norton Virgien,1998,14444,The Rugrats Movie,6.0410308837890625
Jonathan Liebesman,2014,98566,Teenage Mutant Ninja Turtles,5.878242015838623
Jonathan Liebesman,2012,57165,Wrath of the Titans,5.738067150115967
Jonathan Liebesman,2011,44943,Battle: Los Angeles,5.736385345458984
Jonathan Liebesman,2006,10781,The Texas Chainsaw Massacre: The Beginning,6.036208629608154
Jonathan Liebesman,2003,10727,Darkness Falls,5.921767711639404
William H. Macy,2014,244403,Rudderless,6.222255706787109
Mark Romanek,2010,42188,Never Let Me Go,6.4004011154174805
Mark Romanek,2002,9357,One Hour Photo,6.251420497894287
Edward Zwick,2010,43347,Love & Other Drugs,6.378321170806885
Edward Zwick,2006,1372,Blood Diamond,6.942833423614502
Edward Zwick,2003,616,The Last Samurai,6.894526958465576
Edward Zwick,1998,9882,The Siege,6.068253040313721
Edward Zwick,1996,10684,Courage Under Fire,6.114089012145996
Edward Zwick,1994,4476,Legends of the Fall,6.5274271965026855
Edward Zwick,1989,9665,Glory,6.466229438781738
Matthew R. Anderson,2010,53502,The Dead Undead,6.0746941566467285
Dominic Sena,2009,22787,Whiteout,5.945275783538818
Dominic Sena,2001,9705,Swordfish,6.096604824066162
Dominic Sena,2000,9679,Gone in Sixty Seconds,6.097373008728027
Carlos Saura,1998,65749,Tango,6.0976996421813965
Melville Shavelson,1968,27983,"Yours, Mine and Ours",6.096121788024902
Paul Michael Glaser,1987,865,The Running Man,6.223032474517822
Robert Greenwald,2006,40862,Iraq for Sale: The War Profiteers,6.105160713195801
Robert Greenwald,2005,29595,Wal-Mart: The High Cost of Low Price,6.113000869750977
Tony Giglio,2007,8875,Timber Falls,6.059257984161377
David Rodriguez,2013,294600,Last I Heard,6.093208312988281
Ossie Davis,1970,59917,Cotton Comes to Harlem,6.101419925689697
Jake Paltrow,2007,13501,The Good Night,6.077179908752441
Jean-Marc Barr,2006,12838,One to Another,6.0896806716918945
Brian Caunter,2009,43213,Chicago Overcoat,6.0933403968811035
Jodie Foster,2016,303858,Money Monster,6.307587623596191
Jodie Foster,2011,50780,The Beaver,6.139497756958008
Jodie Foster,1995,9089,Home for the Holidays,6.101382732391357
Rob Hedden,1989,10283,Friday the 13th Part VIII: Jason Takes Manhattan,5.878504276275635
Monte Hellman,1988,191229,Iguana,6.093208312988281
Joe Nussbaum,2011,51588,Prom,6.045086860656738
Joe Nussbaum,2007,10760,Sydney White,6.074878692626953
Joe Nussbaum,2004,9893,Sleepover,6.017716884613037
Jonathan Jakubowicz,2016,184341,Hands of Stone,6.09398889541626
Kimberly Peirce,2013,133805,Carrie,5.916135311126709
Kimberly Peirce,2008,8988,Stop-Loss,6.093832969665527
Kimberly Peirce,1999,226,Boys Don't Cry,6.391067028045654
Eugène Lourié,1953,35073,"The Beast from 20,000 Fathoms",6.118179798126221
Bronwen Hughes,1996,38223,Harriet the Spy,6.075303554534912
Rusty Cundieff,1995,25066,Tales from the Hood,6.070918083190918
Neill Dela Llana,2005,67238,Cavite,6.096232891082764
Jack Conway,1940,55604,Boom Town,6.096670150756836
Karey Kirkpatrick,2009,19724,Imagine That,6.045086860656738
Karey Kirkpatrick,2006,7518,Over the Hedge,6.202498912811279
John Sayles,2010,72913,Amigo,6.093111515045166
John Sayles,2002,57022,Sunshine State,6.092342853546143
John Sayles,1999,62676,Limbo,6.109098434448242
John Sayles,1996,26748,Lone Star,6.153262615203857
Gavin O'Connor,2016,174751,Jane Got a Gun,5.934469223022461
Gavin O'Connor,2011,59440,Warrior,7.009358882904053
Gavin O'Connor,2008,13150,Pride and Glory,6.134678840637207
Gavin O'Connor,2004,14292,Miracle,6.222253799438477
Gavin O'Connor,1999,55123,Tumbleweeds,6.094515323638916
Joseph L. Mankiewicz,1963,8095,Cleopatra,6.173466205596924
Tobe Hooper,1986,16337,The Texas Chainsaw Massacre 2,6.06883430480957
Tobe Hooper,1986,31909,Invaders from Mars,6.060019493103027
Tobe Hooper,1985,11954,Lifeforce,6.106471538543701
Tobe Hooper,1982,609,Poltergeist,6.503981590270996
Tobe Hooper,1974,30497,The Texas Chain Saw Massacre,6.514835357666016
Matt Bettinelli-Olpin,2014,79316,Devil's Due,5.782025337219238
Steve Boyum,2005,17186,Supercross,6.07295560836792
Steve Boyum,1998,40688,Meet the Deedles,6.0545806884765625
John Francis Daley,2015,296099,Vacation,6.1524977684021
Becky Smith,2009,91122,16 to Life,6.084522724151611
Robert M. Young,1983,218500,The Ballad of Gregorio Cortez,6.093305587768555
Betty Thomas,2009,23398,Alvin and the Chipmunks: The Squeakquel,5.809156894683838
Betty Thomas,2002,8427,I Spy,5.897622108459473
Betty Thomas,2000,10468,28 Days,6.0766754150390625
Betty Thomas,1998,3050,Doctor Dolittle,5.804182529449463
Peter Stebbings,2009,34769,Defendor,6.162027835845947
Christopher Nolan,2014,157336,Interstellar,7.937272071838379
Christopher Nolan,2012,49026,The Dark Knight Rises,7.4564409255981445
Christopher Nolan,2010,27205,Inception,7.969184875488281
Christopher Nolan,2008,155,The Dark Knight,8.044122695922852
Christopher Nolan,2006,1124,The Prestige,7.6582207679748535
Christopher Nolan,2005,272,Batman Begins,7.3378190994262695
Christopher Nolan,2002,320,Insomnia,6.478348255157471
Christopher Nolan,2000,77,Memento,7.714112758636475
John Bonito,2006,8975,The Marine,5.934473991394043
Hans Petter Moland,2000,26665,Aberdeen,6.09894323348999
Jun Falkenstein,2000,15655,The Tigger Movie,6.120127201080322
Gábor Csupó,2007,1265,Bridge to Terabithia,6.580347537994385
Tarsem Singh,2015,238615,Self/less,6.203307151794434
Tarsem Singh,2012,62764,Mirror Mirror,5.774471759796143
Tarsem Singh,2011,37958,Immortals,5.9051008224487305
Tarsem Singh,2000,8843,The Cell,6.064143180847168
Rod Lurie,2011,64639,Straw Dogs,6.015847682952881
Rod Lurie,2007,13074,Resurrecting the Champ,6.081923484802246
Rod Lurie,2001,2100,The Last Castle,6.301028728485107
Rod Lurie,2000,6521,The Contender,6.1290283203125
Rod Lurie,2000,25212,Deterrence,6.093354225158691
Dan Rush,2010,45658,Everything Must Go,6.0766754150390625
Jem Cohen,2015,322745,Counting,6.100187301635742
Katja von Garnier,2007,10075,Blood and Chocolate,6.035640716552734
Patricia Cardoso,2010,69640,Lies in Plain Sight,6.0866875648498535
Patricia Cardoso,2002,30309,Real Women Have Curves,6.087607383728027
Michel Hazanavicius,2011,74643,The Artist,6.723695278167725
Bill Benenson,2014,296943,The Hadza:  Last of the First,6.093305587768555
Russell Holt,2004,36046,The Work and the Glory,6.093354225158691
Ole Bornedal,2012,77883,The Possession,5.993054389953613
Rob Letterman,2015,257445,Goosebumps,6.147635459899902
Rob Letterman,2010,38745,Gulliver's Travels,5.624290943145752
Jerry Rees,1987,19933,The Brave Little Toaster,6.146939277648926
Brian Koppelman,2009,36691,Solitary Man,6.06968355178833
Brian Koppelman,2001,7501,Knockaround Guys,6.075549125671387
Oleg Stepchenko,2014,208763,Forbidden Kingdom,6.011048316955566
Bob Rafelson,1996,31640,Blood and Wine,6.072990894317627
Bob Rafelson,1981,11027,The Postman Always Rings Twice,6.12486457824707
James Cox,2013,153795,Straight A's,6.052417755126953
James Cox,2003,4997,Wonderland,6.1008524894714355
James Cox,2002,18808,Highway,6.074979782104492
Frank Perry,1981,15660,Mommie Dearest,6.11498498916626
DJ Pooh,2001,13408,The Wash,6.0723652839660645
DJ Pooh,2000,47816,3 Strikes,6.090328693389893
Jon Gunn,2015,309425,Do You Believe?,6.117457866668701
Jon Gunn,2000,26916,Mercy Streets,6.092070579528809
Caroline Link,2001,1591,Nowhere in Africa,6.122583389282227
James Wan,2016,259693,The Conjuring 2,6.700990200042725
James Wan,2015,168259,Furious 7,7.07464075088501
James Wan,2013,91586,Insidious: Chapter 2,6.320267200469971
James Wan,2013,138843,The Conjuring,7.090663909912109
James Wan,2010,49018,Insidious,6.548620223999023
James Wan,2007,11835,Death Sentence,6.189474582672119
James Wan,2004,176,Saw,6.862322807312012
Sergei Bodrov,2014,68737,Seventh Son,5.647119045257568
Sergei Bodrov,2007,12246,Mongol: The Rise of Genghis Khan,6.150832653045654
Fernando Meirelles,2008,8338,Blindness,6.181485652923584
Fernando Meirelles,2005,1985,The Constant Gardener,6.307470798492432
Fernando Meirelles,2002,598,City of God,7.406014919281006
Reinhard Klooss,2010,50135,Animals United,6.042402267456055
Jason Stone,2014,283384,The Calling,6.051843166351318
James Melkonian,1995,18713,The Jerky Boys,6.079958915710449
Mark Rydell,1979,16323,The Rose,6.113353729248047
Tamra Davis,2002,17130,Crossroads,5.896222114562988
Tamra Davis,1998,9490,Half Baked,6.141091346740723
Rich Moore,2012,82690,Wreck-It Ralph,6.925389766693115
Tony Kaye,2009,310706,Black Water Transit,6.093305587768555
Tony Kaye,2006,44260,Lake of Fire,6.112982273101807
Tony Kaye,1998,73,American History X,7.69174337387085
Saul Dibb,2008,12783,The Duchess,6.270612716674805
Davis Guggenheim,2007,15568,Gracie,6.091680526733398
Davis Guggenheim,2006,1781,An Inconvenient Truth,6.2191572189331055
Davis Guggenheim,2000,18041,Gossip,6.05402135848999
Mark Piznarski,2000,13539,Here On Earth,6.060258388519287
Tim Fywell,2005,13374,Ice Princess,6.062045574188232
Justin Paul Miller,2014,362765,The Sound and the Shadow,6.093305587768555
Steven Spielberg,2016,267935,The BFG,6.045676231384277
Steven Spielberg,2015,296098,Bridge of Spies,6.90036153793335
Steven Spielberg,2012,72976,Lincoln,6.456357002258301
Steven Spielberg,2011,17578,The Adventures of Tintin,6.5073442459106445
Steven Spielberg,2011,57212,War Horse,6.554320812225342
Steven Spielberg,2008,217,Indiana Jones and the Kingdom of the Crystal Skull,5.809200763702393
Steven Spielberg,2005,74,War of the Worlds,6.168814182281494
Steven Spielberg,2005,612,Munich,6.432555675506592
Steven Spielberg,2004,594,The Terminal,6.696925640106201
Steven Spielberg,2002,180,Minority Report,6.829346656799316
Steven Spielberg,2002,640,Catch Me If You Can,7.375889778137207
Steven Spielberg,2001,644,A.I. Artificial Intelligence,6.568933010101318
Steven Spielberg,1998,857,Saving Private Ryan,7.611566543579102
Steven Spielberg,1997,330,The Lost World: Jurassic Park,6.170307636260986
Steven Spielberg,1997,11831,Amistad,6.2684550285339355
Steven Spielberg,1993,329,Jurassic Park,7.351518630981445
Steven Spielberg,1993,424,Schindler's List,7.899806976318359
Steven Spielberg,1991,879,Hook,6.4049296379089355
Steven Spielberg,1989,89,Indiana Jones and the Last Crusade,7.248523235321045
Steven Spielberg,1985,873,The Color Purple,6.512012481689453
Steven Spielberg,1984,87,Indiana Jones and the Temple of Doom,6.841866493225098
Steven Spielberg,1983,15301,Twilight Zone: The Movie,6.108643054962158
Steven Spielberg,1982,601,E.T. the Extra-Terrestrial,7.026296138763428
Steven Spielberg,1981,85,Raiders of the Lost Ark,7.3798627853393555
Steven Spielberg,1979,11519,1941,6.029292106628418
Steven Spielberg,1977,840,Close Encounters of the Third Kind,6.68404483795166
Steven Spielberg,1975,578,Jaws,7.114675998687744
Eric Nicholas,2006,18206,Alone With Her,6.095485210418701
Steve Trenbirth,2003,14873,The Jungle Book 2,5.985244274139404
Greg Coolidge,2006,9794,Employee of the Month,5.98415470123291
Miguel Sapochnik,2010,31867,Repo Men,6.135199546813965
Richard Schenkman,2007,13363,The Man from Earth,6.763900279998779
Richard Schenkman,2007,29731,And Then Came Love,6.092166900634766
Malcolm D. Lee,2013,4258,Scary Movie 5,5.4173970222473145
Malcolm D. Lee,2013,146304,The Best Man Holiday,6.155734539031982
Malcolm D. Lee,2008,13490,Welcome Home Roscoe Jenkins,6.071239948272705
Malcolm D. Lee,2008,14655,Soul Men,6.102962017059326
Malcolm D. Lee,2005,14544,Roll Bounce,6.093488693237305
Malcolm D. Lee,2002,12277,Undercover Brother,6.0312604904174805
Malcolm D. Lee,1999,16162,The Best Man,6.120240688323975
Sam Miller,2014,136835,No Good Deed,6.014982223510742
Sam Miller,1998,125123,Among Giants,6.08998966217041
Alejandro Monteverde,2015,256962,Little Boy,6.239930152893066
Alejandro Monteverde,2006,12586,Bella,6.115843296051025
Agnieszka Holland,2006,1590,Copying Beethoven,6.097782135009766
Tom McGrath,2010,38055,Megamind,6.497768402099609
David Hayter,2014,290555,Wolves,6.062324523925781
Pascal Chaumeil,2012,133698,Fly Me to the Moon,6.010303497314453
Henry Hathaway,1953,19997,Niagara,6.139479637145996
J.C. Chandor,2014,241239,A Most Violent Year,6.240850448608398
J.C. Chandor,2013,152747,All Is Lost,6.301889419555664
J.C. Chandor,2011,50839,Margin Call,6.307673454284668
Leon Ichaso,1994,39349,Sugar Hill,6.081357955932617
Don Bluth,1988,12144,The Land Before Time,6.456210136413574
William Phillips,2010,43090,Gunless,6.10991907119751
Dennis Iliadis,2009,18405,The Last House on the Left,6.126862049102783
Agustín Díaz Yanes,2006,13495,Alatriste,6.0638041496276855
James Algar,1999,49948,Fantasia 2000,6.304940223693848
Katherine Dieckmann,2009,22805,Motherhood,6.032183647155762
Jean-Marc Vallée,2014,228970,Wild,6.5447540283203125
Jean-Marc Vallée,2013,152532,Dallas Buyers Club,7.449383735656738
Jean-Marc Vallée,2009,18320,The Young Victoria,6.321218013763428
Jorma Taccone,2010,37931,MacGruber,5.937065124511719
Nicholas Ray,1963,27759,55 Days at Peking,6.100783824920654
Robert Wise,1979,152,Star Trek: The Motion Picture,6.131282806396484
Robert Wise,1971,10514,The Andromeda Strain,6.243237495422363
Robert Wise,1965,15121,The Sound of Music,6.7404632568359375
Robert Wise,1961,1725,West Side Story,6.354955673217773
Nicholas Stoller,2016,325133,Neighbors 2: Sorority Rising,5.795406818389893
Nicholas Stoller,2014,195589,Neighbors,6.172134876251221
Nicholas Stoller,2012,72207,The Five-Year Engagement,5.966370105743408
Nicholas Stoller,2010,32823,Get Him to the Greek,6.018001079559326
Nicholas Stoller,2008,9870,Forgetting Sarah Marshall,6.261980056762695
Thomas Bezucha,2011,59860,Monte Carlo,6.057654857635498
Thomas Bezucha,2005,9043,The Family Stone,6.115297794342041
Lucile Hadzihalilovic,2015,330770,Evolution,6.1076340675354
Jane Campion,2009,29963,Bright Star,6.16424036026001
Jane Campion,2003,10944,In the Cut,5.966488361358643
Jane Campion,1993,713,The Piano,6.321435451507568
Ole Christian Madsen,2008,8883,Flame & Citron,6.140097141265869
Clare Kilner,2005,6961,The Wedding Date,6.1139445304870605
Clare Kilner,2003,17403,How to Deal,6.076803207397461
Aaron Schneider,2010,44718,Get Low,6.131709098815918
Steven Brill,2008,8457,Drillbit Taylor,5.961085796356201
Steven Brill,2004,10762,Without a Paddle,5.9485764503479
Steven Brill,2002,2022,Mr. Deeds,5.8951215744018555
Steven Brill,2000,9678,Little Nicky,5.813228130340576
Lynne Ramsay,2011,71859,We Need to Talk About Kevin,6.634034156799316
Lynne Ramsay,2002,18602,Morvern Callar,6.131198406219482
Jeff Garlin,2006,13066,I Want Someone to Eat Cheese With,6.088444709777832
Charles T. Kanganis,1994,18885,3 Ninjas Kick Back,6.017358303070068
Gérard Krawczyk,2001,2110,Wasabi,6.117616653442383
Chris Nahon,2001,2140,Kiss of the Dragon,6.166014194488525
David Evans ,2011,54897,The Grace Card,6.097502708435059
Steve Bendelack,2007,1268,Mr. Bean's Holiday,6.096042156219482
Brian Henson,1992,10437,The Muppet Christmas Carol,6.293663501739502
David Robert Mitchell,2015,270303,It Follows,6.425897598266602
Phil Joanou,2016,257087,The Veil,5.918737411499023
Phil Joanou,2006,9766,Gridiron Gang,6.165218830108643
Wade Gasque,2014,294086,Tiger Orange,6.094579219818115
Tony Bill,2006,9664,Flyboys,6.138845443725586
Todd Haynes,2007,3902,I'm Not There.,6.178925514221191
Todd Haynes,2002,10712,Far from Heaven,6.19862174987793
Todd Haynes,1998,1808,Velvet Goldmine,6.18035364151001
John Carney,2013,198277,Begin Again,6.77708101272583
John Carney,2007,5723,Once,6.480439186096191
Anand Tucker,2010,25195,Leap Year,6.193455219268799
Anand Tucker,2007,45791,When Did You Last See Your Father?,6.104094505310059
Anand Tucker,2005,2610,Shopgirl,6.064777374267578
Tim Hill,2011,50359,Hop,5.941069602966309
Tim Hill,2007,6477,Alvin and the Chipmunks,5.766376495361328
Tim Hill,2006,9513,Garfield: A Tail of Two Kitties,5.769416809082031
Tim Hill,2001,34549,Max Keeble's Big Move,6.070241928100586
Tim Hill,1999,10208,Muppets from Space,6.067630767822266
Joel Edgerton,2015,328425,The Gift,6.41024923324585
Paul Weiland,2008,10761,Made of Honor,6.066134452819824
Billy Wilder,1974,987,The Front Page,6.146718502044678
Billy Wilder,1960,284,The Apartment,6.765450954437256
Billy Wilder,1959,239,Some Like It Hot,6.965183734893799
Billy Wilder,1945,28580,The Lost Weekend,6.229953289031982
Mark Neveldine,2015,157544,The Vatican Tapes,5.791414260864258
Nicholas Meyer,1991,174,Star Trek VI: The Undiscovered Country,6.275932788848877
Nicholas Meyer,1982,154,Star Trek II: The Wrath of Khan,6.591786861419678
John Sturges,1963,5925,The Great Escape,6.823436737060547
Nicholas Fackler,2008,51384,"Lovely, Still",6.094732284545898
Darren Lynn Bousman,2016,285743,Alleluia! The Devil's Carnival,6.093111515045166
Darren Lynn Bousman,2008,14353,Repo! The Genetic Opera,6.150594711303711
Darren Lynn Bousman,2007,663,Saw IV,5.99955940246582
Darren Lynn Bousman,2006,214,Saw III,6.096837520599365
Darren Lynn Bousman,2005,215,Saw II,6.210307598114014
Steven Seagal,1994,9624,On Deadly Ground,5.937422275543213
Keith Gordon,2003,30141,The Singing Detective,6.0853800773620605
Michael Radford,2014,268171,Elsa & Fred,6.096646308898926
Michael Radford,2004,11162,The Merchant of Venice,6.172511100769043
Jay Alaimo,2015,157422,The Wicked Within,6.04332971572876
Ice Cube,1998,19848,The Players Club,6.097718238830566
Pete Docter,2015,150540,Inside Out,7.7568135261535645
Pete Docter,2009,14160,Up,7.503190517425537
Pete Docter,2001,585,"Monsters, Inc.",7.306035995483398
Ol Parker,2012,90369,Now Is Good,6.429909706115723
Ol Parker,2005,1544,Imagine Me & You,6.234577655792236
Jean-François Richet,2005,8978,Assault on Precinct 13,6.070456504821777
Jonathan Meyers,2014,248402,A Fine Step,6.078861236572266
Clint Eastwood,2014,190859,American Sniper,7.169137954711914
Clint Eastwood,2014,209451,Jersey Boys,6.241746425628662
Clint Eastwood,2011,88794,J. Edgar,6.052635192871094
Clint Eastwood,2010,44603,Hereafter,5.991477012634277
Clint Eastwood,2009,22954,Invictus,6.582764148712158
Clint Eastwood,2008,3580,Changeling,6.746306419372559
Clint Eastwood,2008,13223,Gran Torino,7.395371913909912
Clint Eastwood,2006,1251,Letters from Iwo Jima,6.492453098297119
Clint Eastwood,2006,3683,Flags of Our Fathers,6.308201789855957
Clint Eastwood,2004,70,Million Dollar Baby,7.246551036834717
Clint Eastwood,2003,322,Mystic River,6.993145942687988
Clint Eastwood,2002,9573,Blood Work,6.094489097595215
Clint Eastwood,2000,5551,Space Cowboys,6.154464244842529
Clint Eastwood,1997,66,Absolute Power,6.151167392730713
Clint Eastwood,1997,8197,Midnight in the Garden of Good and Evil,6.1223835945129395
Clint Eastwood,1995,688,The Bridges of Madison County,6.438973426818848
Clint Eastwood,1992,33,Unforgiven,6.956360816955566
Clint Eastwood,1985,8879,Pale Rider,6.281388282775879
Clint Eastwood,1982,10724,Firefox,6.0181965827941895
Clint Eastwood,1973,11901,High Plains Drifter,6.386968612670898
Pete Travis,2012,49049,Dredd,6.4323835372924805
Pete Travis,2008,7461,Vantage Point,6.138913631439209
James Fargo,1978,41317,Caravans,6.0929999351501465
Andrew Niccol,2015,253626,Good Kill,6.058851718902588
Andrew Niccol,2013,72710,The Host,6.032233238220215
Andrew Niccol,2011,49530,In Time,6.567042827606201
Andrew Niccol,2005,1830,Lord of War,6.6209588050842285
Andrew Niccol,1997,782,Gattaca,7.012461185455322
Lucky McKee,2002,10894,May,6.121583938598633
Liz Friedlander,2006,12763,Take the Lead,6.166529655456543
John Lee Hancock,2013,140823,Saving Mr. Banks,6.770380020141602
John Lee Hancock,2009,22881,The Blind Side,6.784772872924805
John Lee Hancock,2004,10733,The Alamo,6.064112663269043
John Lee Hancock,2002,14635,The Rookie,6.1351542472839355
Jennifer Flackett,2008,10488,Nim's Island,5.967013359069824
Lilly Wachowski,2015,76757,Jupiter Ascending,5.4298577308654785
Lilly Wachowski,2008,7459,Speed Racer,5.987265586853027
Lilly Wachowski,2003,604,The Matrix Reloaded,6.567828178405762
Lilly Wachowski,2003,605,The Matrix Revolutions,6.327467441558838
Lilly Wachowski,1999,603,The Matrix,7.724384784698486
Lilly Wachowski,1996,9303,Bound,6.231357097625732
David Ray,2005,46729,Fetching Cody,6.0976996421813965
Kevin King,2013,206213,Zombie Hunter,6.00451135635376
Martin Scorsese,2013,106646,The Wolf of Wall Street,7.6699042320251465
Martin Scorsese,2011,44826,Hugo,6.719509601593018
Martin Scorsese,2010,11324,Shutter Island,7.575638294219971
Martin Scorsese,2008,7944,Shine a Light,6.141854286193848
Martin Scorsese,2006,1422,The Departed,7.572967052459717
Martin Scorsese,2004,2567,The Aviator,6.644804000854492
Martin Scorsese,2002,3131,Gangs of New York,6.7634992599487305
Martin Scorsese,1999,8649,Bringing Out the Dead,6.189594745635986
Martin Scorsese,1997,9746,Kundun,6.154552459716797
Martin Scorsese,1995,524,Casino,7.077705383300781
Martin Scorsese,1993,10436,The Age of Innocence,6.229148864746094
Martin Scorsese,1991,1598,Cape Fear,6.467857837677002
Martin Scorsese,1990,769,GoodFellas,7.705671787261963
Martin Scorsese,1988,11051,The Last Temptation of Christ,6.25041389465332
Martin Scorsese,1986,11873,The Color of Money,6.234543800354004
Martin Scorsese,1980,1578,Raging Bull,6.887759685516357
Martin Scorsese,1978,13963,The Last Waltz,6.206334114074707
Martin Scorsese,1977,12637,"New York, New York",6.093742847442627
Martin Scorsese,1976,103,Taxi Driver,7.476668357849121
Martin Scorsese,1973,203,Mean Streets,6.386104106903076
Andrea Arnold,2009,24469,Fish Tank,6.260115623474121
Kari Skogland,2008,17622,Fifty Dead Men Walking,6.093541145324707
Brett Ratner,2014,184315,Hercules,5.7792649269104
Brett Ratner,2011,59108,Tower Heist,5.948746681213379
Brett Ratner,2007,5174,Rush Hour 3,6.096314430236816
Brett Ratner,2006,36668,X-Men: The Last Stand,6.255794048309326
Brett Ratner,2004,10589,After the Sunset,6.075510501861572
Brett Ratner,2002,9533,Red Dragon,6.419469833374023
Brett Ratner,2001,5175,Rush Hour 2,6.253889560699463
Brett Ratner,2000,5994,The Family Man,6.236473083496094
Brett Ratner,1997,9416,Money Talks,6.077227592468262
John Cornell,1988,9396,Crocodile Dundee II,5.950855731964111
Gregor Jordan,2008,17436,The Informers,5.9936017990112305
Gregor Jordan,2001,9104,Buffalo Soldiers,6.129258632659912
Lee Daniels,2013,132363,The Butler,6.684796333312988
Lee Daniels,2009,25793,Precious,6.337776184082031
Gore Verbinski,2013,57201,The Lone Ranger,5.956691265106201
Gore Verbinski,2011,44896,Rango,6.438564777374268
Gore Verbinski,2007,285,Pirates of the Caribbean: At World's End,6.7582855224609375
Gore Verbinski,2006,58,Pirates of the Caribbean: Dead Man's Chest,6.859868049621582
Gore Verbinski,2005,6963,The Weather Man,6.0716986656188965
Gore Verbinski,2003,22,Pirates of the Caribbean: The Curse of the Black Pearl,7.330183982849121
Gore Verbinski,2001,6073,The Mexican,6.000914096832275
Jon Hurwitz,2012,71552,American Reunion,6.097501754760742
Jon Hurwitz,2008,13335,Harold & Kumar Escape from Guantanamo Bay,6.129725456237793
Peter Kosminsky,2002,10994,White Oleander,6.205323219299316
Blaž Završnik,2015,385636,Juliet and Alfa Romeo,6.093208312988281
Frank Marshall,2006,9036,Eight Below,6.312378406524658
Frank Marshall,1995,10329,Congo,5.8946075439453125
Frank Marshall,1993,7305,Alive,6.26352596282959
Frank Marshall,1990,6488,Arachnophobia,6.126494407653809
Anthony Silverston,2013,172391,Khumba,6.072822570800781
Mark L. Lester,1991,13154,Showdown in Little Tokyo,6.057855606079102
Mark L. Lester,1985,10999,Commando,6.227089881896973
Mark L. Lester,1984,11495,Firestarter,6.06376314163208
Mark L. Lester,1982,11564,Class of 1984,6.100175380706787
Peter Care,2002,16857,The Dangerous Lives of Altar Boys,6.109367370605469
Stephen Milburn Anderson,2010,27004,Ca$h,6.086705207824707
Kat Coiro,2011,91070,L!fe Happens,6.042224407196045
Vic Sarin,2009,37206,A Shine of Rainbows,6.096279621124268
Vic Sarin,2007,14608,Partition,6.095212459564209
Ben Stiller,2016,329833,Zoolander 2,5.460922718048096
Ben Stiller,2013,116745,The Secret Life of Walter Mitty,6.788076877593994
Ben Stiller,2008,7446,Tropic Thunder,6.35147762298584
Ben Stiller,2001,9398,Zoolander,6.097203731536865
Ben Stiller,1996,9894,The Cable Guy,5.942872047424316
Richard Eyre,2006,1259,Notes on a Scandal,6.252077102661133
Richard Eyre,2001,11889,Iris,6.09829044342041
Rick Friedberg,1996,10535,Spy Hard,5.934701442718506
Nicole Holofcener,2013,209263,Enough Said,6.228217124938965
Nicole Holofcener,2010,40247,Please Give,6.088070869445801
Nicole Holofcener,2006,8998,Friends with Money,5.9763383865356445
Nicole Holofcener,2001,50035,Lovely & Amazing,6.098146438598633
Nicole Holofcener,1996,49963,Walking and Talking,6.096977233886719
Ben Gluck,2010,12819,Alpha and Omega,6.002474784851074
Danny DeVito,2003,7288,Duplex,6.028646945953369
Danny DeVito,2002,9275,Death to Smoochy,6.069917678833008
Danny DeVito,1992,10410,Hoffa,6.093826770782471
Lisa Cholodenko,2010,39781,The Kids Are All Right,6.233774662017822
George Roy Hill,1973,9277,The Sting,6.804098606109619
George Roy Hill,1969,642,Butch Cassidy and the Sundance Kid,6.621181011199951
Kevin Donovan,2002,10771,The Tuxedo,5.827586650848389
Jonathan Teplitzky,2013,127560,The Railway Man,6.227743625640869
James Gunn,2014,118340,Guardians of the Galaxy,7.738088130950928
James Gunn,2010,45132,Super,6.2529144287109375
James Gunn,2006,9035,Slither,6.144655227661133
Angelo Pizzo,2015,334531,My All American,6.118874549865723
Hal Needham,1982,27380,Megaforce,6.053367614746094
Marcus Dunstan,2012,134597,The Collection,6.04854154586792
