release_year,popularity,movie_id,title
1940,46.007991790771484,10895,Pinocchio
1940,32.87546920776367,756,Fantasia
1940,18.42682456970215,223,Rebecca
1940,1.8670040369033813,55604,Boom Town
1940,1.2807329893112183,60400,The Blue Bird
1937,80.17127990722656,408,Snow White and the Seven Dwarfs
1937,4.021389007568359,43867,The Prisoner of Zenda
1942,47.651878356933594,3170,Bambi
1942,43.729122161865234,289,Casablanca
1944,0.6280509829521179,43546,Bathing Beauty
1944,0.5314440131187439,43306,A Guy Named Joe
1992,92.98200988769531,812,Aladdin
1992,81.48768615722656,772,Home Alone 2: Lost in New York
1992,66.92586517333984,500,Reservoir Dogs
1992,59.11317443847656,364,Batman Returns
1992,45.856407165527344,8077,Alien³
1992,45.02296447753906,6114,Dracula
1992,40.379966735839844,881,A Few Good Men
1992,37.77656555175781,9361,The Last of the Mohicans
1992,37.380435943603516,33,Unforgiven
1992,36.17218017578125,943,Lethal Weapon 3
1992,33.75828170776367,766,Army of Darkness
1992,29.49830436706543,9374,Death Becomes Her
1992,26.576385498046875,619,The Bodyguard
1992,21.815122604370117,8872,Wayne's World
1992,21.661027908325195,11287,A League of Their Own
1992,19.822790145874023,1883,Malcolm X
1992,19.637704849243164,9869,Patriot Games
1992,19.23150634765625,10377,My Cousin Vinny
1992,15.085981369018555,10437,The Muppet Christmas Carol
1992,14.269791603088379,9367,El Mariachi
1992,13.939053535461426,9504,Glengarry Glen Ross
1992,10.125028610229492,10163,The Lawnmower Man
1992,8.932836532592773,10414,The Mighty Ducks
1992,8.839651107788086,11386,The Crying Game
1992,8.708229064941406,12088,Fortress
1992,7.558959007263184,13937,Raising Cain
1992,7.222984790802002,2687,Memoirs of an Invisible Man
1992,7.021871089935303,9096,Medicine Man
1992,6.42043399810791,11066,Boomerang
1992,6.063868045806885,36351,Light Sleeper
1992,5.926966190338135,10410,Hoffa
1992,5.897390842437744,8293,Howards End
1992,4.857028007507324,13006,Split Second
1992,3.5034079551696777,20763,Radio Flyer
1933,1.9333659410476685,3062,42nd Street
1933,0.6227520108222961,43595,She Done Him Wrong
1999,146.75738525390625,550,Fight Club
1999,104.30998992919922,603,The Matrix
1999,103.6980209350586,497,The Green Mile
1999,80.87860870361328,14,American Beauty
1999,73.57511901855469,863,Toy Story 2
1999,73.08557891845703,745,The Sixth Sense
1999,61.24595642089844,10386,The Iron Giant
1999,60.76716613769531,2105,American Pie
1999,54.55027389526367,4951,10 Things I Hate About You
1999,54.0352668762207,1893,Star Wars: Episode I - The Phantom Menace
1999,41.69057846069336,2667,The Blair Witch Project
1999,40.74891662597656,8487,Wild Wild West
1999,39.60436248779297,36643,The World Is Not Enough
1999,34.973087310791016,6415,Three Kings
1999,34.91744613647461,8374,The Boondock Saints
1999,34.86859130859375,9032,Big Daddy
1999,33.88446044921875,9481,The Bone Collector
1999,31.385257720947266,1213,The Talented Mr. Ripley
1999,30.993736267089844,334,Magnolia
1999,30.816341400146484,926,Galaxy Quest
1999,30.475297927856445,10137,Stuart Little
1999,30.359163284301758,622,The Ninth Gate
1999,29.41522979736328,9535,Analyze This
1999,28.96915054321289,509,Notting Hill
1999,27.870311737060547,345,Eyes Wide Shut
1999,27.546913146972656,492,Being John Malkovich
1999,27.220157623291016,1911,The 13th Warrior
1999,27.197799682617188,9473,"South Park: Bigger, Longer & Uncut"
1999,26.21891212463379,1443,The Virgin Suicides
1999,26.153669357299805,9008,The Insider
1999,25.87779426574707,1844,Entrapment
1999,25.580272674560547,8224,8MM
1999,24.939294815063477,2277,Bicentennial Man
1999,24.444185256958008,1850,Man on the Moon
1999,23.449703216552734,796,Cruel Intentions
1999,23.127561569213867,9563,Any Given Sunday
1999,22.991268157958984,8914,Deep Blue Sea
1999,21.928024291992188,1946,eXistenZ
1999,21.08454132080078,10047,The Messenger: The Story of Joan of Arc
1999,20.825780868530273,10400,The Hurricane
1999,20.697555541992188,2900,The Astronaut's Wife
1999,20.652942657470703,9946,End of Days
1999,20.23053550720215,4806,Runaway Bride
1999,19.89042854309082,1090,The Thirteenth Floor
1999,19.43938636779785,10398,Double Jeopardy
1999,19.375768661499023,11618,The Haunting
1999,18.366361618041992,1542,Office Space
1999,18.345613479614258,2275,The General's Daughter
1999,18.316150665283203,817,Austin Powers: The Spy Who Shagged Me
1999,18.2231388092041,4816,Ghost Dog: The Way of the Samurai
1999,18.102571487426758,913,The Thomas Crown Affair
1999,17.561954498291016,332,Inspector Gadget
1999,17.45794677734375,2112,Payback
1999,16.865781784057617,11001,Blue Streak
1999,15.560917854309082,8649,Bringing Out the Dead
1999,15.557144165039062,226,Boys Don't Cry
1999,15.280261039733887,404,The Straight Story
1999,14.993168830871582,10307,Stigmata
1999,14.56666374206543,10366,Universal Soldier: The Return
1999,14.543435096740723,1832,Dogma
1999,14.530945777893066,49948,Fantasia 2000
1999,14.298296928405762,11374,Edtv
1999,13.664613723754883,11377,House on Haunted Hill
1999,13.476595878601074,9451,Election
1999,13.327371597290039,1439,Anna and the King
1999,13.191828727722168,11353,Bowfinger
1999,12.948627471923828,9824,Mystery Men
1999,12.819446563720703,1073,Arlington Road
1999,11.678561210632324,9825,Lake Placid
1999,11.142389297485352,9430,Go
1999,10.81050968170166,10207,Message in a Bottle
1999,10.713521003723145,3558,"Girl, Interrupted"
1999,9.83232593536377,10402,Deuce Bigalow: Male Gigolo
1999,9.622344970703125,10390,For Love of the Game
1999,9.229998588562012,14709,Varsity Blues
1999,9.164385795593262,10212,Ravenous
1999,9.06064224243164,12596,Pushing Tin
1999,8.987600326538086,10314,She's All That
1999,8.976737976074219,21349,Anywhere But Here
1999,8.962244987487793,2290,Jakob the Liar
1999,8.90210247039795,10388,The Limey
1999,8.792054176330566,17709,Dudley Do-Right
1999,8.73705768585205,11622,Blast from the Past
1999,8.628519058227539,46435,Topsy-Turvy
1999,8.583216667175293,6552,Idle Hands
1999,7.553772926330566,10563,Three to Tango
1999,7.386394023895264,12117,Instinct
1999,7.296459197998047,17707,Brokedown Palace
1999,6.921263217926025,20024,The End of the Affair
1999,6.806920051574707,9849,My Favorite Martian
1999,6.786117076873779,10154,Mickey Blue Eyes
1999,6.736273765563965,10490,Drop Dead Gorgeous
1999,6.589192867279053,10208,Muppets from Space
1999,6.370266914367676,28029,A Walk on the Moon
1999,6.225769996643066,12220,The Story of Us
1999,6.044160842895508,11601,Stir of Echoes
1999,5.778724193572998,15556,At First Sight
1999,5.7702460289001465,31306,Crazy in Alabama
1999,5.700333118438721,9781,Detroit Rock City
1999,5.69649076461792,16172,Simply Irresistible
1999,5.581742763519287,25636,Jesus' Son
1999,5.5662031173706055,20761,Play It to the Bone
1999,5.5376458168029785,16158,The Wood
1999,5.516207218170166,22267,Ride with the Devil
1999,5.27155876159668,31582,Flawless
1999,5.259584903717041,10350,Wing Commander
1999,4.901553153991699,32274,Cradle Will Rock
1999,4.887939929962158,10397,Angela's Ashes
1999,4.859872817993164,11129,Human Traffic
1999,4.842626094818115,8970,The Out-of-Towners
1999,4.826908111572266,20770,But I'm a Cheerleader
1999,4.781538009643555,7341,The Rage: Carrie 2
1999,4.746085166931152,30943,The Deep End of the Ocean
1999,4.742537021636963,16406,Dick
1999,4.580080986022949,22345,Baby Geniuses
1999,4.5195231437683105,24137,An Ideal Husband
1999,4.4827141761779785,14429,Drive Me Crazy
1999,4.436791896820068,15198,"Mystery, Alaska"
1999,4.3376851081848145,18892,Jawbreaker
1999,4.3101677894592285,24071,Mumford
1999,4.302940845489502,18681,Eye of the Beholder
1999,4.137237071990967,12618,Random Hearts
1999,4.0681071281433105,9455,The Corruptor
1999,4.0470099449157715,13824,Superstar
1999,3.9510409832000732,16162,The Best Man
1999,3.707890033721924,10279,Summer of Sam
1999,3.667371988296509,10557,East Is East
1999,3.5611979961395264,15256,200 Cigarettes
1999,3.3478848934173584,15122,Love Stinks
1999,3.322721004486084,10643,Godzilla 2000
1999,3.276911973953247,2162,Chill Factor
1999,3.226243019104004,28902,In Dreams
1999,3.09158992767334,16112,The Adventures of Elmo in Grouchland
1999,2.866934061050415,15059,The Loss of Sexual Innocence
1999,2.857935905456543,37718,The Muse
1999,2.832628011703491,2211,Aimee & Jaguar
1999,2.794830083847046,10219,Snow Falling on Cedars
1999,2.7786331176757812,14271,Beyond the Mat
1999,2.7721779346466064,22314,In Too Deep
1999,2.6958959102630615,12479,Breakfast of Champions
1999,2.636193037033081,44857,Molly
1999,2.627232074737549,14578,Outside Providence
1999,2.2386460304260254,10368,Tea with Mussolini
1999,2.079124927520752,24066,"Happy, Texas"
1999,1.8848400115966797,16508,Doug's 1st Movie
1999,1.5694489479064941,19489,Held Up
1999,1.5378589630126953,10496,Bats
1999,1.5057029724121094,55123,Tumbleweeds
1999,1.3919579982757568,22908,A Room for Romeo Brass
1999,1.288172960281372,29064,The Omega Code
1999,1.2129559516906738,19052,Light It Up
1999,1.1162060499191284,41730,Desert Blue
1999,0.9648020267486572,224569,Taxman
1999,0.9105290174484253,69848,One Man's Hero
1999,0.8389379978179932,104896,A Dog Of Flanders
1999,0.7960090041160583,27455,Foolish
1999,0.6199790239334106,28666,The Woman Chaser
1999,0.6191359758377075,33430,Twin Falls Idaho
1999,0.5787979960441589,302579,Naturally Native
1999,0.5476539731025696,219716,Sparkler
1999,0.5023959875106812,20468,The Big Tease
1999,0.470645010471344,47692,Felicia's Journey
1999,0.431331992149353,100975,Just Looking
1999,0.40908899903297424,133575,The Velocity of Gary
1999,0.37542301416397095,142132,Sugar Town
1999,0.34001898765563965,46727,Speedway Junky
1999,0.185372993350029,53862,Trippin'
1999,0.11614999920129776,108346,Dreaming of Joseph Lees
1999,0.034258998930454254,62676,Limbo
1999,0.015596999786794186,89540,The Other Conquest
1999,0.007340000011026859,125537,Smiling Fish & Goat On Fire
1971,34.63418197631836,681,Diamonds Are Forever
1971,23.98160171508789,252,Willy Wonka & the Chocolate Factory
1971,18.30961036682129,1687,Escape from the Planet of the Apes
1971,15.97813606262207,1051,The French Connection
1971,12.52495288848877,10514,The Andromeda Strain
1971,7.623979091644287,14811,Fiddler on the Roof
1971,5.94185209274292,11302,Bananas
1971,0.13287800550460815,5822,Sweet Sweetback's Baadasssss Song
1971,0.07400500029325485,72086,The Night Visitor
1971,0.027811000123620033,42497,Pink Narcissus
1953,9.90399169921875,19997,Niagara
1953,6.915201187133789,11426,From Here to Eternity
1953,4.02887487411499,29912,The Robe
1953,2.043661117553711,35073,"The Beast from 20,000 Fathoms"
1976,72.19808197021484,1366,Rocky
1976,58.84502410888672,103,Taxi Driver
1976,25.93938446044922,794,The Omen
1976,17.234745025634766,10774,Network
1976,12.268142700195312,10803,Logan's Run
1976,7.315935134887695,10970,Silent Movie
1976,6.8896331787109375,23479,The Bad News Bears
1976,3.832858085632324,5854,Family Plot
1976,3.199903964996338,10786,Robin and Marian
1982,94.0561294555664,78,Blade Runner
1982,63.071044921875,1368,First Blood
1982,56.105796813964844,601,E.T. the Extra-Terrestrial
1982,52.731380462646484,1091,The Thing
1982,36.23020553588867,609,Poltergeist
1982,35.227210998535156,783,Gandhi
1982,31.802806854248047,9387,Conan the Barbarian
1982,22.434101104736328,154,Star Trek II: The Wrath of Khan
1982,20.818567276000977,9576,Tootsie
1982,20.403343200683594,13342,Fast Times at Ridgemont High
1982,14.206524848937988,9728,Friday the 13th Part III
1982,13.66128921508789,16281,Creepshow
1982,12.030455589294434,10676,Halloween III: Season of the Witch
1982,8.700565338134766,10724,Firefox
1982,7.9806318283081055,24226,The Verdict
1982,6.377522945404053,16441,The Beastmaster
1982,5.871930122375488,13776,Diner
1982,5.6987199783325195,6217,Cat People
1982,5.6430230140686035,11564,Class of 1984
1982,4.189377784729004,16363,The Best Little Whorehouse in Texas
1982,3.6564910411834717,24266,The Man from Snowy River
1982,1.1101789474487305,27380,Megaforce
1982,1.0636149644851685,34697,Butterfly
1982,0.8053119778633118,3028,Jekyll and Hyde ... Together Again
1981,68.15959930419922,85,Raiders of the Lost Ark
1981,37.11736297607422,8810,Mad Max 2: The Road Warrior
1981,35.03762435913086,764,The Evil Dead
1981,26.967493057250977,387,Das Boot
1981,26.09074592590332,699,For Your Eyes Only
1981,24.35130500793457,1103,Escape from New York
1981,16.517776489257812,9725,Friday the 13th Part 2
1981,14.779537200927734,36819,Time Bandits
1981,14.28231430053711,10156,History of the World: Part I
1981,13.62860107421875,11644,Blow Out
1981,12.928269386291504,11827,Heavy Metal
1981,12.891276359558105,10246,Porky's
1981,11.725805282592773,38665,The Legend of the Lone Ranger
1981,10.8923978805542,10890,Stripes
1981,10.439970970153809,9443,Chariots of Fire
1981,8.067702293395996,25113,The Four Seasons
1981,8.022122383117676,19204,The Beyond
1981,7.058867931365967,21610,Nighthawks
1981,6.803762912750244,11027,The Postman Always Rings Twice
1981,6.537985801696777,62204,Quest for Fire
1981,6.532855033874512,11298,The Howling
1981,4.602184772491455,18254,Reds
1981,4.293705940246582,16471,Modern Problems
1981,3.2584218978881836,848,Dragonslayer
1981,3.1028618812561035,15660,Mommie Dearest
1981,2.8649790287017822,26843,Lion of the Desert
1981,1.4521989822387695,27420,Graduation Day
1981,1.3796429634094238,45226,The Pursuit of D.B. Cooper
1981,1.1564099788665771,2989,Roar
1981,0.5180559754371643,73247,Heartbeeps
1981,0.3105129897594452,47890,Sphinx
1981,0.1739639937877655,47941,Under the Rainbow
1981,0.1467829942703247,113464,Inchon
1954,39.75674819946289,346,Seven Samurai
1954,16.01559829711914,654,On the Waterfront
1954,9.358197212219238,173,"20,000 Leagues Under the Sea"
1954,4.079111099243164,24973,The Egyptian
2014,724.247802734375,157336,Interstellar
2014,481.0986328125,118340,Guardians of the Galaxy
2014,243.791748046875,119450,Dawn of the Planet of the Apes
2014,206.22715759277344,131631,The Hunger Games: Mockingjay - Part 1
2014,203.73458862304688,177572,Big Hero 6
2014,192.52883911132812,244786,Whiplash
2014,145.36459350585938,205596,The Imitation Game
2014,143.35037231445312,98566,Teenage Mutant Ninja Turtles
2014,143.0415496826172,210577,Gone Girl
2014,139.57508850097656,228150,Fury
2014,131.81558227539062,198663,The Maze Runner
2014,120.96574401855469,122917,The Hobbit: The Battle of the Five Armies
2014,118.07868957519531,127585,X-Men: Days of Future Past
2014,116.84029388427734,91314,Transformers: Age of Extinction
2014,115.5977554321289,181533,Night at the Museum: Secret of the Tomb
2014,115.24199676513672,240832,Lucy
2014,110.62064361572266,102651,Maleficent
2014,101.59942626953125,147441,Exodus: Gods and Kings
2014,100.21391296386719,82702,How to Train Your Dragon 2
2014,89.8111572265625,194662,Birdman
2014,89.27021789550781,102382,The Amazing Spider-Man 2
2014,89.09553527832031,242582,Nightcrawler
2014,88.84477996826172,260346,Taken 3
2014,87.53437042236328,190859,American Sniper
2014,85.42839813232422,189,Sin City: A Dame to Kill For
2014,84.36698150634766,270946,Penguins of Madagascar
2014,83.2957992553711,225574,Non-Stop
2014,82.97583770751953,238636,The Purge: Anarchy
2014,82.1852798461914,227159,Horrible Bosses 2
2014,80.31645965576172,157350,Divergent
2014,79.92205810546875,156022,The Equalizer
2014,79.45648193359375,137113,Edge of Tomorrow
2014,76.84224700927734,184315,Hercules
2014,74.4174575805664,120467,The Grand Budapest Hotel
2014,74.35897064208984,222935,The Fault in Our Stars
2014,74.16801452636719,228967,The Interview
2014,72.64129638671875,225886,Sex Tape
2014,72.22526550292969,100402,Captain America: The Winter Soldier
2014,71.5105972290039,53182,300: Rise of an Empire
2014,70.6689224243164,193893,Let's Be Cops
2014,67.76778411865234,100042,Dumb and Dumber To
2014,66.75786590576172,97020,RoboCop
2014,65.901611328125,224141,Into the Woods
2014,64.45794677734375,49017,Dracula Untold
2014,63.62845993041992,68737,Seventh Son
2014,61.30961990356445,169917,A Walk Among the Tombstones
2014,61.18233108520508,266856,The Theory of Everything
2014,61.025638580322266,138103,The Expendables 3
2014,60.2252197265625,250546,Annabelle
2014,59.54792785644531,137106,The Lego Movie
2014,58.99138641357422,157353,Transcendence
2014,56.30466079711914,242512,Ouija
2014,54.81489181518555,136797,Need for Speed
2014,53.81146240234375,227156,The Giver
2014,52.3809814453125,187017,22 Jump Street
2014,50.56184768676758,76649,Pompeii
2014,49.80850601196289,262543,Automata
2014,48.784732818603516,204922,Before I Go to Sleep
2014,46.11575698852539,86834,Noah
2014,45.742218017578125,171274,Inherent Vice
2014,45.31727981567383,254904,The November Man
2014,44.12032699584961,232672,Blended
2014,43.87326431274414,152760,The Monuments Men
2014,43.791744232177734,239563,St. Vincent
2014,43.40351867675781,85350,Boyhood
2014,43.05525207519531,227306,Unbroken
2014,42.95294189453125,228970,Wild
2014,42.53825759887695,137094,Jack Ryan: Shadow Recruit
2014,42.47232437133789,205587,The Judge
2014,42.40024185180664,172385,Rio 2
2014,41.63896179199219,192102,3 Days to Kill
2014,39.88227462768555,116149,Paddington
2014,38.73493957519531,82703,Mr. Peabody & Sherman
2014,37.82110595703125,225565,That Awkward Moment
2014,37.629310607910156,241239,A Most Violent Year
2014,37.555397033691406,244267,I Origins
2014,36.471229553222656,195589,Neighbors
2014,35.30757522583008,284293,Still Alice
2014,34.89099884033203,228326,The Book of Life
2014,34.51963424682617,193610,The Other Woman
2014,33.93914031982422,239571,The Best of Me
2014,33.45246887207031,218043,Left Behind
2014,33.439186096191406,196867,Annie
2014,32.80867385864258,188161,A Million Ways to Die in the West
2014,31.32473373413086,100241,"I, Frankenstein"
2014,31.162837982177734,249164,If I Stay
2014,30.65634536743164,170687,The Boxtrolls
2014,29.782161712646484,97370,Under the Skin
2014,29.359201431274414,184346,Deliver Us from Evil
2014,29.023183822631836,273895,Selma
2014,28.570173263549805,87093,Big Eyes
2014,28.468000411987305,168530,Ride Along
2014,27.90399932861328,144336,Sabotage
2014,27.8984375,228194,The Hundred-Foot Journey
2014,27.662696838378906,242095,The Signal
2014,27.25684928894043,226857,Endless Love
2014,26.708192825317383,157849,A Most Wanted Man
2014,26.510557174682617,256274,"As Above, So Below"
2014,25.52097511291504,254473,Brick Mansions
2014,25.34975814819336,188166,Blue Ruin
2014,25.302978515625,304410,The Bélier Family
2014,25.112567901611328,255343,Escobar: Paradise Lost
2014,25.020427703857422,188207,The Legend of Hercules
2014,24.656068801879883,136835,No Good Deed
2014,22.987897872924805,157847,Joe
2014,22.736038208007812,137321,Winter's Tale
2014,22.622453689575195,284536,The Gambler
2014,22.145950317382812,218778,"Alexander and the Terrible, Horrible, No Good, Very Bad Day"
2014,22.09628677368164,256917,The Water Diviner
2014,21.657562255859375,226486,Tammy
2014,21.638673782348633,241254,The Prince
2014,21.343093872070312,245916,Kill the Messenger
2014,20.591480255126953,264656,The Homesman
2014,20.566553115844727,216282,Into the Storm
2014,20.311683654785156,239678,This Is Where I Leave You
2014,19.98447608947754,227348,Paranormal Activity: The Marked Ones
2014,18.568021774291992,227783,The Nut Job
2014,18.428909301757812,184345,A Haunted House 2
2014,17.84516143798828,171424,The Green Inferno
2014,17.371326446533203,238603,Earth to Echo
2014,17.31243324279785,198185,Million Dollar Arm
2014,16.570707321166992,192132,Palo Alto
2014,15.89631175994873,284296,Top Five
2014,15.754613876342773,246403,Tusk
2014,15.699362754821777,244772,The Skeleton Twins
2014,15.237141609191895,184098,Think Like a Man Too
2014,15.015271186828613,231576,Wish I Was Here
2014,14.808303833007812,145220,Muppets Most Wanted
2014,14.741588592529297,79316,Devil's Due
2014,14.637356758117676,206563,Trash
2014,14.199933052062988,209451,Jersey Boys
2014,14.170089721679688,200505,Draft Day
2014,13.064264297485352,239566,Get on Up
2014,12.172130584716797,253331,Black or White
2014,12.036888122558594,180296,They Came Together
2014,11.828067779541016,222899,About Last Night
2014,11.43143367767334,250066,American Heist
2014,11.150260925292969,236751,Heaven is for Real
2014,10.958697319030762,215211,Grace of Monaco
2014,10.619573593139648,244403,Rudderless
2014,10.480090141296387,297596,Dying of the Light
2014,10.322857856750488,253306,Housebound
2014,10.274541854858398,252680,Moms' Night Out
2014,10.128950119018555,248774,Obvious Child
2014,9.702759742736816,208869,Plastic
2014,9.633710861206055,253235,And So It Goes
2014,9.2425537109375,245700,Mr. Turner
2014,9.175762176513672,235260,Son of God
2014,8.976127624511719,271185,Ask Me Anything
2014,8.496363639831543,300706,Let's Kill Ward's Wife
2014,8.079046249389648,241771,Beyond the Lights
2014,8.039222717285156,312791,GirlHouse
2014,7.922638893127441,290555,Wolves
2014,7.544515132904053,235271,Addicted
2014,7.33625602722168,254024,The Face of an Angel
2014,7.297757148742676,232679,When the Game Stands Tall
2014,7.182761192321777,208763,Forbidden Kingdom
2014,7.052422046661377,244534,Happy Christmas
2014,6.988357067108154,270938,Falcon Rising
2014,6.9678568840026855,227735,Dolphin Tale 2
2014,6.8958659172058105,290864,Kung Fu Jungle
2014,6.677926063537598,327833,Skin Trade
2014,6.500834941864014,251321,Aloft
2014,6.349217891693115,244783,Song One
2014,6.036684036254883,271331,United Passions
2014,6.01727294921875,259943,Coming Home
2014,5.759492874145508,283384,The Calling
2014,5.755549907684326,222649,Rosewater
2014,5.56306791305542,206296,The Last Five Years
2014,5.119593143463135,250349,Barbecue
2014,5.057694911956787,257932,Dragon Nest: Warriors' Dawn
2014,5.033064842224121,230266,Miss Julie
2014,4.480578899383545,278316,Da Sweet Blood of Jesus
2014,4.389362812042236,288980,Freedom
2014,4.118611812591553,251979,The Perfect Wave
2014,3.9448699951171875,256092,Drive Hard
2014,3.638411045074463,242083,Hits
2014,3.3639729022979736,283708,Far from Men
2014,3.3441579341888428,242166,Red Sky
2014,3.2154650688171387,283686,Out of the Dark
2014,3.1580560207366943,256740,Wicked Blood
2014,2.964785099029541,301748,The Opposite Sex
2014,2.8498950004577637,268171,Elsa & Fred
2014,2.6113638877868652,227975,Futuro Beach
2014,2.4869918823242188,266034,The Blue Room
2014,2.2149250507354736,256687,Swelter
2014,2.0257010459899902,297621,There's Always Woodstock
2014,1.9726680517196655,266102,Desert Dancer
2014,1.9686789512634277,260947,Something Wicked
2014,1.913301944732666,241766,Lords of London
2014,1.905197024345398,250184,Locker 13
2014,1.8936970233917236,290370,Mutant World
2014,1.8747830390930176,294512,Alpha and Omega: The Legend of the Saw Tooth Cave
2014,1.8599649667739868,287524,Fear Clinic
2014,1.7310349941253662,199933,Atlas Shrugged Part III: Who is John Galt?
2014,1.5845999717712402,253253,Animals
2014,1.501688003540039,278348,The Maid's Room
2014,1.4139339923858643,283671,Jungle Shuffle
2014,1.2336879968643188,258755,Hidden Away
2014,1.1869709491729736,292483,Not Cool
2014,1.0456229448318481,289180,H.
2014,0.99965500831604,292481,Henry & Me
2014,0.9733229875564575,269057,Bang Bang Baby
2014,0.9260839819908142,244776,The Sleepwalker
2014,0.7956979870796204,292539,Food Chains
2014,0.6543400287628174,248402,A Fine Step
2014,0.5428140163421631,277519,Z Storm
2014,0.5231220126152039,331745,Top Spin
2014,0.48540499806404114,239897,Dwegons
2014,0.4593999981880188,272724,Doc Holliday's Revenge
2014,0.43048998713493347,280381,House at the End of the Drive
2014,0.41617900133132935,280871,Ramanujan
2014,0.39457499980926514,268917,The Past Is a Grotesque Animal
2014,0.3844960033893585,281230,Fort McCoy
2014,0.37133699655532837,281730,Fugly
2014,0.35055699944496155,263503,Water & Power
2014,0.32779398560523987,287625,Stories of Our Lives
2014,0.2839699983596802,272726,Dude Where's My Dog?
2014,0.2789810001850128,274758,Give Me Shelter
2014,0.2546589970588684,288927,Archaeology of a Woman
2014,0.17637699842453003,294086,Tiger Orange
2014,0.13672100007534027,198370,Mutual Friends
2014,0.13361899554729462,189711,Love in the Time of Monsters
2014,0.07787299901247025,295914,Queen of the Mountains
2014,0.07307899743318558,297100,The Little Ponderosa Zoo
2014,0.07235900312662125,362765,The Sound and the Shadow
2014,0.06924399733543396,253261,Born to Fly: Elizabeth Streb vs. Gravity
2014,0.052942000329494476,328307,Rise of the Entrepreneur: The Search for a Better Way
2014,0.050978001207113266,408429,Perfect Cowboy
2014,0.0494690015912056,326576,Dawn of the Crescent Moon
2014,0.0456480011343956,296943,The Hadza:  Last of the First
2014,0.021418999880552292,294550,The Outrageous Sophie Tucker
2014,0.018716000020503998,402515,American Beast
2014,0.018086999654769897,378237,Amidst the Devil's Wings
2014,0.015697000548243523,282128,An American in Hollywood
2014,0.015294999815523624,433715,8 Days
2014,0.015189000405371189,253290,Butterfly Girl
2014,0.012942000292241573,331493,Light from the Darkroom
1965,37.960289001464844,15121,The Sound of Music
1965,31.035999298095703,660,Thunderball
1965,12.854852676391602,907,Doctor Zhivago
1965,8.701183319091797,13187,A Charlie Brown Christmas
1965,7.791897773742676,2786,Pierrot le Fou
1965,3.4902150630950928,29715,Major Dundee
1965,3.011204957962036,2428,The Greatest Story Ever Told
1965,0.11832399666309357,41830,The Party's Over
1983,70.1059799194336,111,Scarface
1983,46.509071350097656,1892,Return of the Jedi
1983,34.02220916748047,1621,Trading Places
1983,25.633663177490234,700,Octopussy
1983,23.380756378173828,36670,Never Say Never Again
1983,23.161754608154297,860,WarGames
1983,22.838834762573242,11153,National Lampoon's Vacation
1983,22.164201736450195,9531,Superman III
1983,18.42232322692871,535,Flashdance
1983,18.119264602661133,837,Videodrome
1983,17.567331314086914,9549,The Right Stuff
1983,16.785120010375977,11336,The Dead Zone
1983,15.128315925598145,850,A Christmas Story
1983,13.45537281036377,227,The Outsiders
1983,12.902975082397461,15301,Twilight Zone: The Movie
1983,9.90488052368164,849,Krull
1983,8.452666282653809,14854,Lone Wolf McQuade
1983,3.389249086380005,10269,Yentl
1983,2.5500450134277344,33676,Losin' It
1983,0.5928210020065308,218500,The Ballad of Gregorio Cortez
1983,0.5576019883155823,42109,Gabriela
1983,0.28943300247192383,110683,The Wicked Lady
1983,0.001585999969393015,75986,Love Letters
2003,271.972900390625,22,Pirates of the Caribbean: The Curse of the Black Pearl
2003,123.63033294677734,122,The Lord of the Rings: The Return of the King
2003,109.6847915649414,310,Bruce Almighty
2003,85.68878936767578,12,Finding Nemo
2003,81.82923889160156,277,Underworld
2003,79.75496673583984,24,Kill Bill: Vol. 1
2003,73.31391906738281,605,The Matrix Revolutions
2003,70.7859115600586,604,The Matrix Reloaded
2003,69.40518951416016,296,Terminator 3: Rise of the Machines
2003,62.76685333251953,9654,The Italian Job
2003,56.81105422973633,1996,Lara Croft Tomb Raider: The Cradle of Life
2003,56.76348876953125,670,Oldboy
2003,52.341224670410156,616,The Last Samurai
2003,47.436676025390625,8698,The League of Extraordinary Gentlemen
2003,46.19948196411133,587,Big Fish
2003,45.915164947509766,2832,Identity
2003,45.66661834716797,153,Lost in Translation
2003,43.05732345581055,1584,School of Rock
2003,38.0687370300293,8961,Bad Boys II
2003,37.35582733154297,9358,Final Destination 2
2003,37.07312774658203,508,Love Actually
2003,36.97303009033203,8619,Master and Commander: The Far Side of the World
2003,36.58551025390625,4256,Scary Movie 3
2003,36.194801330566406,8273,American Wedding
2003,34.98169708251953,1927,Hulk
2003,34.05225372314453,9257,S.W.A.T.
2003,33.61611557006836,9471,Charlie's Angels: Full Throttle
2003,33.555763244628906,9902,Wrong Turn
2003,32.24335861206055,470,21 Grams
2003,31.242998123168945,322,Mystic River
2003,29.211254119873047,9341,The Core
2003,29.01882553100586,9620,Paycheck
2003,28.029014587402344,9486,Johnny English
2003,27.555646896362305,1428,Once Upon a Time in Mexico
2003,27.303607940673828,4970,Gothika
2003,27.055084228515625,9567,Tears of the Sun
2003,26.79279327392578,6171,Dreamcatcher
2003,26.695920944213867,6466,Freddy vs. Jason
2003,26.588729858398438,10147,Bad Santa
2003,26.516624450683594,11007,Cheaper by the Dozen
2003,24.70166015625,11635,Old School
2003,24.598478317260742,2289,Cold Mountain
2003,24.345651626586914,10330,Freaky Friday
2003,24.10783576965332,10159,The Rundown
2003,23.854700088500977,9919,How to Lose a Guy in 10 Days
2003,22.62012481689453,11775,Intolerable Cruelty
2003,22.442241668701172,11615,The Life of David Gale
2003,22.001407623291016,8326,Holes
2003,21.998733520507812,12279,Spy Kids 3-D: Game Over
2003,20.331592559814453,11023,Thirteen
2003,19.94447898864746,3635,Girl with a Pearl Earring
2003,19.85493278503418,8409,A Man Apart
2003,19.81989288330078,14873,The Jungle Book 2
2003,19.718544006347656,11820,Mona Lisa Smile
2003,19.68318748474121,504,Monster
2003,19.30143165588379,2662,House of 1000 Corpses
2003,19.226762771606445,10782,Basic
2003,19.068174362182617,2055,Open Range
2003,19.045146942138672,11351,Jeepers Creepers 2
2003,18.815441131591797,14411,Sinbad: Legend of the Seven Seas
2003,18.49265480041504,10028,Honey
2003,18.47517967224121,12090,Just Married
2003,18.251129150390625,10588,The Cat in the Hat
2003,18.106021881103516,10708,Daddy Day Care
2003,16.939441680908203,6964,Something's Gotta Give
2003,16.901954650878906,10719,Elf
2003,16.71563148498535,10715,Looney Tunes: Back in Action
2003,16.302377700805664,10756,The Haunted Mansion
2003,16.251203536987305,6038,Shanghai Knights
2003,15.677470207214355,10152,Dumb and Dumberer: When Harry Met Lloyd
2003,15.590001106262207,7288,Duplex
2003,15.207070350646973,11817,Bulletproof Monk
2003,15.048067092895508,9282,11:14
2003,15.011624336242676,13156,Secondhand Lions
2003,14.99345874786377,2116,Out of Time
2003,14.824166297912598,4464,Seabiscuit
2003,14.813613891601562,2830,My Boss's Daughter
2003,14.653717994689941,10610,The Medallion
2003,14.045886993408203,11194,Touching the Void
2003,13.944644927978516,9662,The Triplets of Belleville
2003,12.837116241455078,10623,Cradle 2 the Grave
2003,12.439495086669922,1088,Whale Rider
2003,12.309718132019043,10934,Under the Tuscan Sun
2003,12.1027250289917,11093,House of Sand and Fog
2003,11.927666664123535,18736,The Lizzie McGuire Movie
2003,11.859395980834961,10923,Agent Cody Banks
2003,11.578544616699219,2056,The Station Agent
2003,11.22268009185791,9562,Timeline
2003,11.199543952941895,10727,Darkness Falls
2003,11.0860013961792,338,"Good bye, Lenin!"
2003,11.000654220581055,302,Swimming Pool
2003,10.605084419250488,11375,Hollywood Homicide
2003,10.536091804504395,10944,In the Cut
2003,10.520960807800293,584,2 Fast 2 Furious
2003,10.292863845825195,10628,Kangaroo Jack
2003,10.149568557739258,13778,Dickie Roberts: Former Child Star
2003,9.976428031921387,10744,The Cooler
2003,9.874190330505371,10743,Confidence
2003,9.583578109741211,10629,Veronica Guerin
2003,9.254647254943848,13920,Radio
2003,9.05345630645752,8046,Gigli
2003,8.945080757141113,10739,Anything Else
2003,8.859657287597656,2577,Code 46
2003,8.80252456665039,1792,Stuck on You
2003,8.634954452514648,10632,The Hunted
2003,8.351385116577148,10678,Bringing Down the House
2003,8.255707740783691,20694,Rugrats Go Wild
2003,8.045488357543945,15394,Owning Mahowny
2003,7.958830833435059,20,My Life Without Me
2003,7.792850971221924,2771,American Splendor
2003,7.790679931640625,4997,Wonderland
2003,7.744165897369385,11190,The Return
2003,7.314795970916748,13411,Malibu's Most Wanted
2003,7.057765007019043,10735,What a Girl Wants
2003,6.523471832275391,9839,Beyond Borders
2003,6.335881233215332,30141,The Singing Detective
2003,6.2725701332092285,13537,Shattered Glass
2003,6.00341796875,10105,Saints and Soldiers
2003,5.6532697677612305,32316,Marci X
2003,5.596835136413574,9582,A Guy Thing
2003,5.424915790557861,15708,Latter Days
2003,5.292535781860352,26899,The Mudge Boy
2003,5.202089786529541,21413,The Battle of Shaker Heights
2003,4.9529829025268555,10226,High Tension
2003,4.665308952331543,14576,Shade
2003,4.362534999847412,16072,Gods and Generals
2003,4.35242223739624,17813,Alex & Emma
2003,4.340616226196289,10327,"Legally Blonde 2: Red, White & Blonde"
2003,4.270596027374268,1550,Pieces of April
2003,4.240495204925537,38970,"Remember Me, My Love"
2003,4.129165172576904,1415,Party Monster
2003,4.0530171394348145,13370,A Mighty Wind
2003,3.7468059062957764,9616,The Order
2003,3.6592400074005127,13132,All the Real Girls
2003,3.5603299140930176,21765,Good Boy!
2003,3.4571940898895264,9776,Head of State
2003,3.4089550971984863,10981,Nothing
2003,3.3133389949798584,25428,I Love Your Work
2003,3.208172082901001,30973,The Visual Bible: The Gospel of John
2003,3.19978404045105,17403,How to Deal
2003,3.030910015106201,11042,The Barbarian Invasions
2003,2.871738910675049,36658,X2
2003,2.774811029434204,6016,The Good Thief
2003,2.6539878845214844,41488,The Statement
2003,2.6063199043273926,19644,Silmido
2003,2.0807409286499023,321,Mambo Italiano
2003,1.9985569715499878,16433,Grand Theft Parsons
2003,1.9802650213241577,32235,Northfork
2003,1.7172900438308716,24356,Masked and Anonymous
2003,1.623337984085083,31246,From Justin to Kelly
2003,1.6007970571517944,19187,The Hebrew Hammer
2003,1.5800269842147827,17995,DysFunktional Family
2003,1.447733998298645,14757,Osama
2003,1.3225280046463013,10929,Willard
2003,1.3145760297775269,21525,Tupac: Resurrection
2003,1.2296669483184814,10930,The Flower of Evil
2003,1.1185109615325928,24621,Chasing Papi
2003,1.0634390115737915,1435,Tarnation
2003,1.048524022102356,17345,Flywheel
2003,0.7496989965438843,37232,Travellers and Magicians
2003,0.6655120253562927,30246,Civil Brand
2003,0.49445998668670654,14652,Bon voyage
2003,0.45648500323295593,19153,The Real Cancun
2003,0.20503400266170502,50538,Evil Words
2003,0.08297800272703171,36825,The R.M.
2003,0.033883001655340195,281189,Gory Gory Hallelujah
2003,0.031947001814842224,48382,"The Book of Mormon Movie, Volume 1: The Journey"
2003,0.0023880000226199627,266857,The Work and The Story
2003,0.002386000007390976,114065,Down & Out With The Dolls
1952,36.55695343017578,872,Singin' in the Rain
1952,18.644023895263672,288,High Noon
1952,8.988454818725586,27191,The Greatest Show on Earth
1952,0.22562700510025024,36334,Deadline - U.S.A.
1945,11.145915031433105,4174,Spellbound
1945,6.903314113616943,28580,The Lost Weekend
1945,1.8478219509124756,27686,State Fair
1945,0.18129999935626984,43610,The Valley of Decision
1972,143.65969848632812,238,The Godfather
1972,24.13227081298828,593,Solaris
1972,18.828683853149414,1688,Conquest of the Planet of the Apes
1972,13.223111152648926,11624,Everything You Always Wanted to Know About Sex *But Were Afraid to Ask
1972,11.347854614257812,10238,Cries and Whispers
1972,11.095414161682129,811,Silent Running
1972,10.219942092895508,573,Frenzy
1972,4.553644180297852,692,Pink Flamingos
1972,1.8075710535049438,14902,1776
1988,66.16962432861328,562,Die Hard
1988,58.5532112121582,4011,Beetlejuice
1988,49.510658264160156,380,Rain Man
1988,39.338096618652344,149,Akira
1988,31.29471778869629,1370,Rambo III
1988,29.85260772705078,8337,They Live
1988,28.67019271850586,12144,The Land Before Time
1988,27.60084342956543,10585,Child's Play
1988,21.620317459106445,9647,Scrooged
1988,20.716022491455078,2280,Big
1988,17.638286590576172,9493,Twins
1988,17.496990203857422,11690,Bloodsport
1988,17.113407135009766,10131,A Nightmare on Elm Street 4: The Dream Master
1988,15.474830627441406,9396,Crocodile Dundee II
1988,14.672150611877441,11051,The Last Temptation of Christ
1988,14.48062801361084,859,Dangerous Liaisons
1988,12.821329116821289,9013,Midnight Run
1988,11.225044250488281,10306,Poltergeist III
1988,9.499324798583984,11967,Young Guns
1988,9.455595970153809,12120,My Stepmother is an Alien
1988,9.302349090576172,11357,Halloween 4: The Return of Michael Myers
1988,9.070841789245605,10281,Friday the 13th Part VII: The New Blood
1988,7.60529088973999,48309,Prison
1988,6.87278413772583,10117,Action Jackson
1988,6.379932880401611,11191,Mystic Pizza
1988,5.003614902496338,15158,Phantasm II
1988,4.541907787322998,10132,Talk Radio
1988,3.159574031829834,36739,School Daze
1988,2.7535009384155273,17170,"Bright Lights, Big City"
1988,1.4357420206069946,49365,Lady in White
1988,0.2147040069103241,191229,Iguana
1978,67.60803985595703,621,Grease
1978,48.507080078125,1924,Superman
1978,30.301307678222656,948,Halloween
1978,19.786392211914062,11778,The Deer Hunter
1978,19.636043548583984,579,Jaws 2
1978,17.332584381103516,8469,Animal House
1978,13.857193946838379,16642,Days of Heaven
1978,5.348445892333984,17339,Force 10 from Navarone
1978,5.315213203430176,16241,The Boys from Brazil
1978,3.3752079010009766,28932,F.I.S.T.
1978,3.277287006378174,13963,The Last Waltz
1978,2.7533130645751953,24961,The Wiz
1978,0.6330040097236633,41317,Caravans
1978,0.00037200000951997936,77156,Alien Zone
2009,150.4375762939453,19995,Avatar
2009,98.88563537597656,767,Harry Potter and the Half-Blood Prince
2009,94.81586456298828,18239,The Twilight Saga: New Moon
2009,92.20196533203125,14160,Up
2009,82.21166229248047,18785,The Hangover
2009,81.7815933227539,18360,Night at the Museum: Battle of the Smithsonian
2009,73.61680603027344,13475,Star Trek
2009,72.59596252441406,16869,Inglourious Basterds
2009,71.8628921508789,534,Terminator Salvation
2009,69.45790100097656,8355,Ice Age: Dawn of the Dinosaurs
2009,67.44763946533203,13448,Angels & Demons
2009,64.79887390136719,13183,Watchmen
2009,63.13677978515625,17654,District 9
2009,62.47957229614258,10198,The Princess and the Frog
2009,57.83478546142578,10528,Sherlock Holmes
2009,57.30067443847656,19908,Zombieland
2009,55.806400299072266,12244,9
2009,52.57167434692383,16996,17 Again
2009,51.92747116088867,12437,Underworld: Rise of the Lycans
2009,51.14604568481445,14836,Coraline
2009,49.59397888183594,22803,Law Abiding Citizen
2009,46.78118133544922,22794,Cloudy with a Chance of Meatballs
2009,46.11418533325195,17431,Moon
2009,45.610992431640625,19913,(500) Days of Summer
2009,45.27422332763672,14161,2012
2009,45.0835075378418,16871,Drag Me to Hell
2009,43.21709060668945,28178,Hachi: A Dog's Tale
2009,41.25895690917969,10315,Fantastic Mr. Fox
2009,41.075531005859375,20766,The Road
2009,40.59785461425781,18487,The Taking of Pelham 1 2 3
2009,39.74424362182617,17979,A Christmas Carol
2009,37.49292755126953,24420,The Time Traveler's Wife
2009,37.1810188293457,8054,The Imaginarium of Doctor Parnassus
2009,36.66498947143555,19959,Surrogates
2009,36.23896789550781,18240,The Proposal
2009,36.167579650878906,15512,Monsters vs Aliens
2009,35.542808532714844,15092,Crank: High Voltage
2009,33.70418167114258,22947,Up in the Air
2009,33.69169235229492,11322,Public Enemies
2009,33.38542938232422,10521,Bride Wars
2009,32.85244369506836,14869,G.I. Joe: The Rise of Cobra
2009,32.693092346191406,13811,Knowing
2009,32.47807693481445,19912,The Final Destination
2009,32.257415771484375,19994,Jennifer's Body
2009,31.90089988708496,22804,Saw VI
2009,31.586214065551758,16523,Where the Wild Things Are
2009,31.250383377075195,14560,Paul Blart: Mall Cop
2009,31.022329330444336,18947,The Boat That Rocked
2009,29.412261962890625,23398,Alvin and the Chipmunks: The Squeakquel
2009,29.295801162719727,21208,Orphan
2009,29.257137298583984,7980,The Lovely Bones
2009,28.858238220214844,38810,Dogtooth
2009,28.353517532348633,19898,Pandorum
2009,28.01922607421875,19901,Daybreakers
2009,27.631261825561523,18501,Gamer
2009,26.710397720336914,19585,G-Force
2009,26.67648696899414,19899,Couples Retreat
2009,26.373863220214844,28211,Chloe
2009,26.25335693359375,10184,He's Just Not That Into You
2009,25.894065856933594,25376,The Secret in Their Eyes
2009,25.76739501953125,22881,The Blind Side
2009,25.496925354003906,26466,Triangle
2009,25.39189910888672,16538,"I Love You, Man"
2009,25.293537139892578,17610,Year One
2009,24.857078552246094,16577,Astro Boy
2009,24.091520309448242,10024,My Sister's Keeper
2009,23.9350528717041,13836,Race to Witch Mountain
2009,23.91798210144043,28355,Case 39
2009,23.8511905670166,22954,Invictus
2009,23.66107177734375,16866,Planet 51
2009,23.612409591674805,12573,A Serious Man
2009,23.227876663208008,37707,Splice
2009,22.888172149658203,22824,The Fourth Kind
2009,22.85300636291504,24803,Julie & Julia
2009,22.341461181640625,10664,[REC]²
2009,22.332927703857422,20943,The Ugly Truth
2009,22.076379776000977,7445,Brothers
2009,21.93966293334961,8373,Transformers: Revenge of the Fallen
2009,21.85738754272461,19265,Whatever Works
2009,21.685718536376953,16995,State of Play
2009,21.677732467651367,14164,Dragonball Evolution
2009,21.62628746032715,34653,A Single Man
2009,21.606000900268555,22825,The Box
2009,20.7926025390625,12403,A Perfect Getaway
2009,20.692190170288086,10313,The Men Who Stare at Goats
2009,20.39954948425293,34647,Enter the Void
2009,20.362024307250977,31203,Little Nicholas
2009,20.265518188476562,29917,Exam
2009,20.19905662536621,20829,Funny People
2009,20.059019088745117,22798,Whip It
2009,19.9780216217041,16614,Adventureland
2009,19.76038360595703,18405,The Last House on the Left
2009,19.66469955444336,8952,I Love You Phillip Morris
2009,19.388410568237305,18162,Land of the Lost
2009,19.085403442382812,22832,Ninja Assassin
2009,18.888805389404297,26428,Agora
2009,18.790102005004883,26390,Brooklyn's Finest
2009,18.664623260498047,25793,Precious
2009,17.947389602661133,37903,The White Ribbon
2009,17.772518157958984,11323,The Informant!
2009,17.69704246520996,25196,Crazy Heart
2009,17.33985137939453,11699,The Bad Lieutenant: Port of Call - New Orleans
2009,17.299333572387695,17332,The Soloist
2009,16.99030876159668,24684,An Education
2009,16.829837799072266,25941,Harry Brown
2009,16.66584014892578,23082,The Invention of Lying
2009,16.47985076904297,22897,It's Complicated
2009,16.424806594848633,24418,Cirque du Freak: The Vampire's Assistant
2009,16.34331703186035,18320,The Young Victoria
2009,16.122167587280273,18480,Brüno
2009,15.798622131347656,13576,This Is It
2009,15.78878402709961,13788,The Unborn
2009,15.66135025024414,17134,12 Rounds
2009,15.440464973449707,26171,Everybody's Fine
2009,15.212289810180664,4597,Armored
2009,14.979374885559082,41479,The Joneses
2009,14.818717956542969,22787,Whiteout
2009,14.652341842651367,12569,Extract
2009,14.403696060180664,24438,Did You Hear About the Morgans?
2009,14.151920318603516,19840,"I Love You, Beth Cooper"
2009,13.987771987915039,14536,New in Town
2009,13.788421630859375,18126,Hannah Montana: The Movie
2009,13.707842826843262,22949,Old Dogs
2009,13.707182884216309,20856,Aliens in the Attic
2009,13.7063570022583,14435,My Bloody Valentine
2009,13.630048751831055,16558,Duplicity
2009,13.517017364501953,22821,The Boondock Saints II: All Saints Day
2009,13.472365379333496,25643,Love Happens
2009,13.462544441223145,22327,Youth in Revolt
2009,13.409125328063965,21641,The Damned United
2009,13.391833305358887,4959,The International
2009,13.257530212402344,15189,Hotel for Dogs
2009,13.237834930419922,23706,All About Steve
2009,12.929525375366211,24150,Halloween II
2009,12.708963394165039,25769,Carriers
2009,12.68671989440918,24469,Fish Tank
2009,12.340383529663086,19724,Imagine That
2009,12.099486351013184,37206,A Shine of Rainbows
2009,11.870161056518555,26320,Taking Woodstock
2009,11.20572566986084,14451,Dead Snow
2009,10.955567359924316,22805,Motherhood
2009,10.706612586975098,36970,Oceans
2009,10.621353149414062,26963,The Secret of Kells
2009,10.529143333435059,16991,Observe and Report
2009,10.500980377197266,22074,Capitalism: A Love Story
2009,10.142217636108398,34069,Cargo
2009,10.135589599609375,19255,Away We Go
2009,9.983003616333008,45650,The Hole
2009,9.805550575256348,20178,World's Greatest Dad
2009,9.37153434753418,19556,Miss March
2009,9.357733726501465,10197,Nine
2009,9.3424654006958,39563,The Eclipse
2009,9.230072975158691,29963,Bright Star
2009,8.780511856079102,26688,Sorority Row
2009,8.628484725952148,25983,The House of the Devil
2009,8.45341968536377,34769,Defendor
2009,8.432400703430176,28089,The Messenger
2009,8.426589012145996,11156,Coco Before Chanel
2009,8.308442115783691,22051,Adam
2009,8.26612377166748,31166,I Come with the Rain
2009,8.139676094055176,15268,Street Fighter: The Legend of Chun-Li
2009,7.9244279861450195,19904,The Stepfather
2009,7.876883029937744,30596,Bodyguards and Assassins
2009,7.864904880523682,14849,Dead Like Me: Life After Death
2009,7.716606140136719,23367,Bandslam
2009,7.668063163757324,28665,Fame
2009,7.663515090942383,27936,Micmacs
2009,7.497305870056152,36691,Solitary Man
2009,7.44606876373291,25704,Post Grad
2009,7.410522937774658,23988,Stan Helsing
2009,7.326034069061279,21724,Dance Flick
2009,7.247023105621338,291081,Red Riding: In the Year of Our Lord 1974
2009,7.155519008636475,30128,I Hope They Serve Beer in Hell
2009,7.101196765899658,38780,Rampage
2009,6.903185844421387,32395,The Greatest
2009,6.6328911781311035,18238,Lesbian Vampire Killers
2009,6.497284889221191,28053,City Island
2009,5.954333782196045,2080,X-Men Origins: Wolverine
2009,5.841285228729248,38448,Ondine
2009,5.787890911102295,23049,My Life in Ruins
2009,5.517597198486328,37080,Mother and Child
2009,5.494047164916992,22215,Cheri
2009,5.46148681640625,31175,Soul Kitchen
2009,5.355762958526611,41110,I Am Love
2009,5.294319152832031,20083,Shinjuku Incident
2009,5.217001914978027,24869,Ink
2009,5.129899978637695,14834,Not Easily Broken
2009,5.0994720458984375,17577,The Devil's Tomb
2009,5.065752029418945,27588,Forget Me Not
2009,4.98998498916626,46420,The Loved Ones
2009,4.799022197723389,25968,Veronika Decides to Die
2009,4.7933478355407715,21345,City of Life and Death
2009,4.759190082550049,18530,The Cry of the Owl
2009,4.680205821990967,23963,Pontypool
2009,4.6285247802734375,33196,Tidal Wave
2009,4.4092631340026855,36597,Wuthering Heights
2009,4.100942134857178,25132,Shorts
2009,3.8109428882598877,41009,Perrier’s Bounty
2009,3.659291982650757,36811,The Last Station
2009,3.5931649208068848,12404,Me and Orson Welles
2009,3.3527019023895264,19905,"The Goods: Live Hard, Sell Hard"
2009,3.193777084350586,22820,Gentlemen Broncos
2009,3.1088809967041016,39800,Life During Wartime
2009,3.1073710918426514,15670,Madea Goes to Jail
2009,3.0004351139068604,26815,Rocket Singh: Salesman of the Year
2009,2.932784080505371,48620,The Mighty Macs
2009,2.7474019527435303,18065,Next Day Air
2009,2.631688117980957,39037,The Good Guy
2009,2.5598061084747314,27023,Saint John of Las Vegas
2009,2.351706027984619,41248,The Girl on the Train
2009,2.2428090572357178,26367,I Can Do Bad All By Myself
2009,2.2016780376434326,5178,The Good Heart
2009,2.1356890201568604,183894,Emma
2009,2.126138925552368,26379,Paa
2009,2.0155251026153564,71866,Tanner Hall
2009,1.9509589672088623,33511,Nowhere Boy
2009,1.8768110275268555,33870,Mao's Last Dancer
2009,1.8664430379867554,37842,Wild Grass
2009,1.728816032409668,25186,Janky Promoters
2009,1.6849479675292969,25353,The True Story of Puss 'n Boots
2009,1.5637110471725464,34592,ZMD: Zombies of Mass Destruction
2009,1.5461690425872803,19615,Flying By
2009,1.4964540004730225,35689,Don McKay
2009,1.4167959690093994,44555,"A Woman, a Gun and a Noodle Shop"
2009,1.3881360292434692,24663,The Open Road
2009,1.353971004486084,42819,The City of Your Final Destination
2009,1.3303790092468262,42151,Down Terrace
2009,1.2716209888458252,39303,2:13
2009,1.1702569723129272,52032,My Dog Tulip
2009,1.1610339879989624,35219,The Missing Person
2009,1.0885009765625,40914,Royal Kill
2009,1.0348440408706665,43213,Chicago Overcoat
2009,0.7838420271873474,26673,Frat Party
2009,0.6745700240135193,44990,Breaking Upwards
2009,0.6315709948539734,26837,B-Girl
2009,0.6110810041427612,44770,The Exploding Girl
2009,0.517989993095398,24424,Ajami
2009,0.4654040038585663,30979,The Horse Boy
2009,0.429082989692688,40658,Starsuckers
2009,0.4066449999809265,33106,Silver Medalist
2009,0.3284980058670044,21283,Steppin: The Movie
2009,0.12673799693584442,310706,Black Water Transit
2009,0.10846800357103348,91122,16 to Life
2009,0.05045599862933159,38415,Bran Nue Dae
2009,0.050209999084472656,41144,To Save A Life
2009,0.008263000287115574,79587,Four Single Fathers
1995,79.57952880859375,807,Se7en
1995,73.64044189453125,862,Toy Story
1995,68.14021301269531,568,Apollo 13
1995,64.02503204345703,629,The Usual Suspects
1995,60.72216033935547,197,Braveheart
1995,59.82456588745117,710,GoldenEye
1995,51.88107681274414,1572,Die Hard: With a Vengeance
1995,48.205604553222656,414,Batman Forever
1995,47.84558868408203,10530,Pocahontas
1995,44.64029312133789,9804,Waterworld
1995,40.06687927246094,524,Casino
1995,34.39179229736328,9273,Ace Ventura: When Nature Calls
1995,34.366451263427734,9598,Babe
1995,33.8721809387207,9737,Bad Boys
1995,30.39749526977539,6950,Outbreak
1995,25.574800491333008,10634,Friday
1995,25.51121711730957,8068,Desperado
1995,23.672571182250977,76,Before Sunrise
1995,23.607070922851562,9348,Species
1995,23.218143463134766,1642,The Net
1995,23.073932647705078,9691,Assassins
1995,22.876230239868164,5,Four Rooms
1995,22.030517578125,451,Leaving Las Vegas
1995,20.898710250854492,4584,Sense and Sensibility
1995,20.33462905883789,8963,Crimson Tide
1995,19.83013153076172,8839,Casper
1995,19.143320083618164,6520,First Knight
1995,17.84224510192871,10428,Hackers
1995,17.60608673095703,688,The Bridges of Madison County
1995,17.318838119506836,33542,Rumble in the Bronx
1995,16.47335433959961,12106,The Quick and the Dead
1995,16.470895767211914,9312,Mortal Kombat
1995,16.1397705078125,2293,Mallrats
1995,16.051328659057617,9603,Clueless
1995,15.864928245544434,687,Dead Man Walking
1995,15.585138320922852,8012,Get Shorty
1995,14.513304710388184,10802,Showgirls
1995,14.211698532104492,1710,Copycat
1995,13.291991233825684,9344,Kids
1995,13.080724716186523,3512,Under Siege 2: Dark Territory
1995,12.309715270996094,577,To Die For
1995,11.81833267211914,11980,The Prophecy
1995,11.095913887023926,11359,The Indian in the Cupboard
1995,11.0567626953125,9087,The American President
1995,10.755846977233887,10329,Congo
1995,10.703455924987793,11780,Rob Roy
1995,10.00456428527832,11517,Money Train
1995,9.48371696472168,10987,Halloween: The Curse of Michael Myers
1995,8.189406394958496,11863,Jade
1995,8.186936378479004,9067,Tank Girl
1995,7.71079683303833,9059,Tales from the Crypt: Demon Knight
1995,7.4426798820495605,10533,The Scarlet Letter
1995,7.029307842254639,1408,Cutthroat Island
1995,6.932220935821533,400,Things to Do in Denver When You're Dead
1995,6.908939838409424,6071,Kiss of Death
1995,6.775293827056885,2054,Mr. Holland's Opus
1995,6.7726149559021,12158,Vampire in Brooklyn
1995,5.87031888961792,11446,Welcome to the Dollhouse
1995,5.301589012145996,9271,Virtuosity
1995,5.107234954833984,31174,Richard III
1995,4.031585216522217,9089,Home for the Holidays
1995,3.8920400142669678,25066,Tales from the Hood
1995,3.7701609134674072,10858,Nixon
1995,2.877487897872925,11876,The Horseman on the Roof
1995,1.735461950302124,18713,The Jerky Boys
1995,1.7081899642944336,29371,The Incredibly True Adventure of Two Girls In Love
1995,1.5789029598236084,16388,The Brothers McMullen
1995,1.1876709461212158,63020,The Perez Family
1995,0.9181159734725952,124606,Bang
1995,0.9004420042037964,87729,Jefferson in Paris
1934,11.871423721313477,3078,It Happened One Night
2010,167.58370971679688,27205,Inception
2010,113.8582763671875,20352,Despicable Me
2010,107.06976318359375,24021,The Twilight Saga: Eclipse
2010,91.28568267822266,44214,Black Swan
2010,81.9146957397461,11324,Shutter Island
2010,78.53010559082031,12155,Alice in Wonderland
2010,77.58065795898438,27578,The Expendables
2010,77.3001937866211,10138,Iron Man 2
2010,73.79505157470703,20526,TRON: Legacy
2010,69.2782211303711,37799,The Social Network
2010,68.75724029541016,38055,Megamind
2010,67.26326751708984,10191,How to Train Your Dragon
2010,62.16987991333008,9543,Prince of Persia: The Sands of Time
2010,61.1217155456543,32657,Percy Jackson & the Olympians: The Lightning Thief
2010,59.995418548583984,10193,Toy Story 3
2010,58.594852447509766,49018,Insidious
2010,54.0535774230957,45269,The King's Speech
2010,52.46487808227539,44115,127 Hours
2010,49.661983489990234,10140,The Chronicles of Narnia: The Voyage of the Dawn Treader
2010,49.29238510131836,44264,True Grit
2010,48.829437255859375,27576,Salt
2010,48.681968688964844,38757,Tangled
2010,47.68644332885742,18823,Clash of the Titans
2010,47.64955520629883,34851,Predators
2010,45.39583969116211,37735,Easy A
2010,45.054935455322266,23483,Kick-Ass
2010,44.906917572021484,37834,Knight and Day
2010,44.04118728637695,10192,Shrek Forever After
2010,43.86529541015625,41733,Due Date
2010,41.43024444580078,39514,RED
2010,41.42667770385742,37710,The Tourist
2010,38.885196685791016,22538,Scott Pilgrim vs. the World
2010,38.8640251159668,38365,Grown Ups
2010,38.06167984008789,35056,Date Night
2010,37.698463439941406,44048,Unstoppable
2010,37.66830062866211,20662,Robin Hood
2010,37.32184982299805,41216,Legend of the Guardians: The Owls of Ga'Hoole
2010,36.76466751098633,23169,Remember Me
2010,36.13353729248047,41439,Saw: The Final Chapter
2010,35.580814361572266,27022,The Sorcerer's Apprentice
2010,34.421695709228516,43539,The Next Three Days
2010,33.92647171020508,23048,Hot Tub Time Machine
2010,33.76933670043945,10196,The Last Airbender
2010,33.747825622558594,27573,The Bounty Hunter
2010,32.84122848510742,26388,Buried
2010,32.38935470581055,39451,Little Fockers
2010,32.3635368347168,20504,The Book of Eli
2010,31.019380569458008,45317,The Fighter
2010,30.983396530151367,42188,Never Let Me Go
2010,30.981603622436523,22894,Legion
2010,30.934688568115234,44040,Devil
2010,30.25402069091797,22972,Green Zone
2010,28.86756706237793,29427,The Crazies
2010,28.800111770629883,38167,Eat Pray Love
2010,27.916284561157227,26389,From Paris with Love
2010,27.494037628173828,41210,The Switch
2010,26.881610870361328,46705,Blue Valentine
2010,26.4060001373291,43933,Monsters
2010,26.396190643310547,23631,Machete
2010,26.324874877929688,41283,Faster
2010,26.28183937072754,43947,I Spit on Your Grave
2010,26.26820945739746,42684,Skyline
2010,25.82577133178711,23742,Cop Out
2010,25.799697875976562,31867,Repo Men
2010,25.41929054260254,32856,Valentine's Day
2010,25.06034278869629,41233,Step Up 3D
2010,24.903417587280273,34813,The Losers
2010,24.657930374145508,12201,Edge of Darkness
2010,24.399642944335938,27581,The Other Guys
2010,24.21835708618164,23168,The Town
2010,24.210697174072266,43949,Flipped
2010,23.835054397583008,35019,Nanny McPhee and the Big Bang
2010,23.343839645385742,43593,Piranha 3D
2010,23.256450653076172,33909,Wall Street: Money Never Sleeps
2010,23.139970779418945,35690,The Last Song
2010,23.004606246948242,37821,Killers
2010,22.863515853881836,42297,Burlesque
2010,22.845142364501953,38745,Gulliver's Travels
2010,22.789648056030273,41436,Paranormal Activity 2
2010,22.708646774291992,23759,Centurion
2010,22.58131217956543,20533,Jonah Hex
2010,22.49138832092285,38357,Morning Glory
2010,21.959741592407227,25195,Leap Year
2010,21.754329681396484,37950,Charlie St. Cloud
2010,21.285205841064453,46738,Incendies
2010,21.230737686157227,44945,Trust
2010,21.214570999145508,7978,The Wolfman
2010,21.118196487426758,11439,The Ghost Writer
2010,21.095489501953125,33217,Diary of a Wimpy Kid
2010,20.99173927307129,16290,Jackass 3D
2010,20.834882736206055,39013,Winter's Bone
2010,20.544998168945312,37495,Four Lions
2010,20.23695182800293,43347,Love & Other Drugs
2010,20.086645126342773,46503,All Good Things
2010,19.96271324157715,38303,You Again
2010,19.940244674682617,46838,Tucker and Dale vs Evil
2010,19.705310821533203,41402,Let Me In
2010,19.402816772460938,22971,Dear John
2010,18.632156372070312,27579,The American
2010,18.47241973876953,22907,Takers
2010,18.382919311523438,34806,The Back-Up Plan
2010,18.325897216796875,37786,Sex and the City 2
2010,17.869443893432617,32823,Get Him to the Greek
2010,17.611970901489258,27586,The Runaways
2010,17.1650390625,40264,Vampires Suck
2010,16.9309139251709,44639,Inside Job
2010,16.520830154418945,37056,Letters to Juliet
2010,16.17697525024414,34016,She's Out of My League
2010,15.805448532104492,49953,A Turtle's Tale: Sammy's Adventures
2010,15.338211059570312,39781,The Kids Are All Right
2010,15.279021263122559,48034,Little White Lies
2010,15.212569236755371,39053,Cyrus
2010,14.857884407043457,48289,The Debt
2010,14.83898639678955,38358,The Last Exorcism
2010,14.71988582611084,26022,My Name Is Khan
2010,14.639324188232422,23172,The Spy Next Door
2010,14.570359230041504,36419,After.Life
2010,14.562196731567383,46261,Don't Be Afraid of the Dark
2010,14.038512229919434,37931,MacGruber
2010,13.930763244628906,45958,Biutiful
2010,13.668633460998535,35169,Furry Vengeance
2010,13.635828018188477,44835,Hesher
2010,13.611543655395508,38073,Going the Distance
2010,13.365715026855469,44603,Hereafter
2010,13.143045425415039,43923,It's Kind of a Funny Story
2010,12.982318878173828,46146,Troll Hunter
2010,12.549489974975586,38363,Fair Game
2010,12.496260643005371,52015,Stake Land
2010,12.465399742126465,38031,You Will Meet a Tall Dark Stranger
2010,12.445176124572754,44113,Stone
2010,12.300788879394531,12819,Alpha and Omega
2010,12.256219863891602,38579,Marmaduke
2010,12.204568862915039,45132,Super
2010,11.933448791503906,55347,Beginners
2010,11.89261531829834,37414,The Killer Inside Me
2010,11.773980140686035,39691,Cats & Dogs 2 : The Revenge of Kitty Galore
2010,11.18769645690918,41515,Yogi Bear
2010,11.137655258178711,42888,How Do You Know
2010,11.023691177368164,38778,Dinner for Schmucks
2010,10.791954040527344,44147,Wild Target
2010,10.789912223815918,29426,Survival of the Dead
2010,10.409253120422363,38093,Just Wright
2010,10.095184326171875,27585,Rabbit Hole
2010,10.072198867797852,53457,Sarah's Key
2010,9.6879301071167,34335,Nine Dead
2010,9.681146621704102,38843,Ramona and Beezus
2010,9.590373039245605,39210,Somewhere
2010,9.525036811828613,39486,Secretariat
2010,9.169410705566406,45658,Everything Must Go
2010,9.169271469116211,60309,The Conspirator
2010,9.108948707580566,45649,Rubber
2010,9.054802894592285,41382,Lottery Ticket
2010,8.207425117492676,27004,Ca$h
2010,8.010046005249023,50135,Animals United
2010,7.809700965881348,45272,Country Strong
2010,7.720692157745361,40794,Loose Cannons
2010,7.7172369956970215,50037,Beyond the Black Rainbow
2010,7.453347206115723,59457,Womb
2010,7.349496841430664,46528,The Warrior's Way
2010,7.245108127593994,49787,The Reef
2010,7.2357940673828125,44009,Another Year
2010,7.217328071594238,29920,Easy Money
2010,7.001175880432129,43931,My Soul to Take
2010,6.733485221862793,34563,Our Family Wedding
2010,6.557642936706543,44718,Get Low
2010,6.546037197113037,45324,Casino Jack
2010,6.507093906402588,66195,The Perfect Host
2010,6.487343788146973,27569,Extraordinary Measures
2010,6.368933200836182,50848,The Names of Love
2010,6.1388020515441895,46138,Made in Dagenham
2010,6.085878849029541,31007,Welcome to the Rileys
2010,5.9376020431518555,53256,Three
2010,5.75356388092041,36696,Space Dogs
2010,5.628398895263672,38570,The 41–Year–Old Virgin Who Knocked Up Sarah Marshall and Felt Superbad About It
2010,5.325156211853027,40247,Please Give
2010,5.158067226409912,61984,Space Battleship Yamato
2010,5.000125885009766,39845,Love Ranch
2010,4.9924750328063965,46332,Of Gods and Men
2010,4.95273494720459,46829,Barney's Version
2010,4.930129051208496,44092,Reign of Assassins
2010,4.807548999786377,37737,Kites
2010,4.749885082244873,57120,Meek's Cutoff
2010,4.498367786407471,78394,Sea Rex 3D: Journey to a Prehistoric World
2010,4.009378910064697,69270,Super Hybrid
2010,3.949795961380005,43418,Beneath Hill 60
2010,3.891185998916626,52010,"Ultramarines: A Warhammer 40,000 Movie"
2010,3.7537031173706055,43090,Gunless
2010,3.644871950149536,35691,Letters to God
2010,3.620537042617798,44638,The Tempest
2010,3.593348979949951,49852,The Nutcracker: The Untold Story
2010,3.1253819465637207,42889,The Virginity Hit
2010,3.122152090072632,62728,Brighton Rock
2010,2.986285924911499,35688,Why Did I Get Married Too?
2010,2.5041561126708984,38033,Chain Letter
2010,2.3803319931030273,47607,Tiny Furniture
2010,2.267780065536499,47088,The Extra Man
2010,2.143764019012451,35791,Resident Evil: Afterlife
2010,2.0742950439453125,62255,Tracker
2010,1.9759409427642822,44594,Barry Munday
2010,1.9345240592956543,44944,For Colored Girls
2010,1.7814619541168213,43942,Freakonomics
2010,1.2599680423736572,42057,It's a Wonderful Afterlife
2010,1.1383830308914185,43434,Carlos
2010,0.9035289883613586,56601,The Perfect Game
2010,0.7744420170783997,62116,Mozart's Sister
2010,0.7178109884262085,39806,Princess Kaiulani
2010,0.6807529926300049,70829,The Last Godfather
2010,0.6302260160446167,76706,Christmas Mail
2010,0.5458250045776367,72914,"Fat, Sick & Nearly Dead"
2010,0.47909000515937805,69640,Lies in Plain Sight
2010,0.4249570071697235,40428,8: The Mormon Proposition
2010,0.39949101209640503,46252,Rust
2010,0.3973410129547119,41894,Blood Done Sign My Name
2010,0.3059220016002655,55567,Standing Ovation
2010,0.30456599593162537,34417,Good Intentions
2010,0.2494570016860962,53502,The Dead Undead
2010,0.19484800100326538,170480,The Deported
2010,0.19317199289798737,72913,Amigo
2010,0.17816999554634094,68412,3 Backyards
2010,0.1345600038766861,66468,N-Secure
2010,0.12082000076770782,58051,Housefull
2010,0.08434399962425232,47546,I Want Your Money
2010,0.06510300189256668,77934,The Christmas Bunny
2010,0.0063229999504983425,324352,Anderson's Cross
2010,0.005882999859750271,300327,Death Calls
2005,115.04002380371094,272,Batman Begins
2005,101.25041961669922,674,Harry Potter and the Goblet of Fire
2005,67.39132690429688,411,"The Chronicles of Narnia: The Lion, the Witch and the Wardrobe"
2005,66.00343322753906,187,Sin City
2005,61.226009368896484,254,King Kong
2005,53.90559387207031,118,Charlie and the Chocolate Factory
2005,51.7420654296875,7453,The Hitchhiker's Guide to the Galaxy
2005,48.57272720336914,74,War of the Worlds
2005,48.11090850830078,953,Madagascar
2005,47.973995208740234,9982,Chicken Little
2005,47.56119918823242,9335,Transporter 2
2005,45.388938903808594,16320,Serenity
2005,44.63545227050781,787,Mr. & Mrs. Smith
2005,44.49045181274414,1495,Kingdom of Heaven
2005,44.13556671142578,142,Brokeback Mountain
2005,44.10842514038086,1895,Star Wars: Episode III - Revenge of the Sith
2005,43.57161331176758,3933,Corpse Bride
2005,42.187984466552734,215,Saw II
2005,40.13800811767578,4442,The Brothers Grimm
2005,38.8319206237793,1690,Hostel
2005,38.473731994628906,6957,The 40 Year Old Virgin
2005,37.68056106567383,1635,The Island
2005,36.68922424316406,11679,xXx: State of the Union
2005,36.583831787109375,4348,Pride & Prejudice
2005,35.58003234863281,69,Walk the Line
2005,35.47629928588867,10022,The Pacifier
2005,34.82823944091797,1830,Lord of War
2005,34.62873840332031,59,A History of Violence
2005,34.57691192626953,8488,Hitch
2005,32.69003677368164,5236,Kiss Kiss Bang Bang
2005,32.602867126464844,8643,The Exorcism of Emily Rose
2005,32.23371124267578,10320,The Ring Two
2005,32.22722244262695,25,Jarhead
2005,32.051448822021484,9315,Flightplan
2005,31.05433464050293,1656,The Legend of Zorro
2005,30.669912338256836,116,Match Point
2005,30.380746841430664,533,The Curse of the Were-Rabbit
2005,30.205942153930664,10065,The Amityville Horror
2005,29.954301834106445,8202,Æon Flux
2005,29.558156967163086,9928,Robots
2005,29.261348724365234,8814,Doom
2005,29.10540771484375,9913,The Skeleton Key
2005,29.035221099853516,612,Munich
2005,29.01152992248535,9388,Thank You for Smoking
2005,28.6138916015625,9947,Elektra
2005,26.06573486328125,9291,The Longest Yard
2005,25.999887466430664,10027,Unleashed
2005,25.918006896972656,2652,Hard Candy
2005,25.159168243408203,7552,Fun with Dick and Jane
2005,24.694551467895508,8292,Four Brothers
2005,24.356483459472656,11283,Nanny McPhee
2005,24.240360260009766,9667,The Jacket
2005,24.100862503051758,921,Cinderella Man
2005,23.980329513549805,10982,Hoodwinked!
2005,23.663713455200195,2026,Hostage
2005,23.413188934326172,9392,The Descent
2005,23.234651565551758,7214,Coach Carter
2005,22.8948974609375,9621,Elizabethtown
2005,21.605567932128906,7364,Sahara
2005,20.679651260375977,1985,The Constant Gardener
2005,20.415571212768555,257,Oliver Twist
2005,19.998580932617188,10040,Miss Congeniality 2: Armed and Fabulous
2005,19.21255111694336,8976,A Lot Like Love
2005,19.10615348815918,11400,The New World
2005,18.831022262573242,9641,Cheaper by the Dozen 2
2005,18.706504821777344,8978,Assault on Precinct 13
2005,18.699840545654297,179,The Interpreter
2005,18.61471939086914,4551,Be Cool
2005,18.39457130432129,9923,Domino
2005,18.228538513183594,11096,Hide and Seek
2005,17.889530181884766,10048,Stealth
2005,17.815595626831055,10214,Son of the Mask
2005,17.717681884765625,3291,"Good Night, and Good Luck."
2005,17.7091007232666,8999,Derailed
2005,17.537153244018555,1667,March of the Penguins
2005,17.43486213684082,398,Capote
2005,17.17371940612793,9779,The Sisterhood of the Traveling Pants
2005,17.157737731933594,10066,House of Wax
2005,17.07484245300293,4550,Sympathy for Lady Vengeance
2005,16.87119483947754,231,Syriana
2005,16.754451751708984,1696,The Devil's Rejects
2005,16.595874786376953,1904,Memoirs of a Geisha
2005,16.541791915893555,9763,Goal!: The Dream Begins
2005,15.9821195602417,6519,The Dukes of Hazzard
2005,15.262492179870605,11683,Land of the Dead
2005,15.194238662719727,6795,Zathura: A Space Adventure
2005,14.723466873168945,11968,Into the Blue
2005,14.61794376373291,16608,The Proposition
2005,14.447723388671875,11804,White Noise
2005,14.376462936401367,9009,Dark Water
2005,14.190836906433105,9043,The Family Stone
2005,14.051852226257324,14175,Valiant
2005,14.031376838684082,6963,The Weather Man
2005,13.960945129394531,11661,Joyeux Noël
2005,13.788054466247559,10707,The Squid and the Whale
2005,13.590677261352539,11637,Are We There Yet?
2005,13.43572998046875,9007,Just Like Heaven
2005,13.288176536560059,13374,Ice Princess
2005,12.9990234375,7873,Harsh Times
2005,12.885985374450684,10060,Get Rich or Die Tryin'
2005,12.779200553894043,9701,North Country
2005,12.311010360717773,14199,The Adventures of Sharkboy and Lavagirl
2005,12.16383171081543,8053,The Three Burials of Melquiades Estrada
2005,12.05075454711914,11451,Herbie Fully Loaded
2005,11.818320274353027,8982,The Protector
2005,11.62423038482666,8968,Boogeyman
2005,11.195592880249023,10012,Cursed
2005,11.158905982971191,15648,The Perfect Man
2005,11.120166778564453,11648,Must Love Dogs
2005,11.041659355163574,11459,Sky High
2005,10.756265640258789,9042,The Cave
2005,10.433667182922363,1833,Rent
2005,10.411995887756348,4379,Monster-in-Law
2005,10.259461402893066,11453,Deuce Bigalow: European Gigolo
2005,10.230583190917969,7553,Waiting...
2005,10.194096565246582,6961,The Wedding Date
2005,9.965072631835938,11431,Fever Pitch
2005,9.773398399353027,546,Transamerica
2005,9.719094276428223,1382,Me and You and Everyone We Know
2005,9.292986869812012,12142,Alone in the Dark
2005,9.10035228729248,1544,Imagine Me & You
2005,9.031539916992188,13682,Pooh's Heffalump Movie
2005,8.992690086364746,9981,Kicking & Screaming
2005,8.92321491241455,13922,The Great Raid
2005,8.825113296508789,10070,Feast
2005,8.80262565612793,11460,Red Eye
2005,8.450512886047363,9912,The World's Fastest Indian
2005,8.212018013000488,19495,Nomad: The Warrior
2005,8.127728462219238,9787,Lords of Dogtown
2005,8.058109283447266,6439,Racing Stripes
2005,7.758187770843506,14517,Mirrormask
2005,7.53851318359375,15487,The Greatest Game Ever Played
2005,7.436315059661865,10008,An American Haunting
2005,7.433574199676514,7870,Down in the Valley
2005,7.342892169952393,10077,A Sound of Thunder
2005,7.051449775695801,1951,Manderlay
2005,7.00821590423584,168705,BloodRayne
2005,6.926926136016846,10092,Cry_Wolf
2005,6.925644874572754,9074,The Man
2005,6.803965091705322,9899,The Producers
2005,6.630856037139893,18777,Slow Burn
2005,6.3950300216674805,10476,Hustle & Flow
2005,6.353971004486084,1947,An Unfinished Life
2005,6.337735176086426,24363,House of D
2005,6.246399879455566,11354,The Upside of Anger
2005,6.048742771148682,12920,Dreamer: Inspired By a True Story
2005,6.004422187805176,13498,Man of the House
2005,5.647538185119629,9515,The Matador
2005,5.625631809234619,14177,Beauty Shop
2005,5.3504228591918945,7515,London
2005,5.254499912261963,14057,Trust the Man
2005,5.079017162322998,27360,King's Ransom
2005,4.901936054229736,9288,Dungeons & Dragons: Wrath of the Dragon God
2005,4.820166110992432,2610,Shopgirl
2005,4.795244216918945,15907,Duma
2005,4.757625102996826,1546,Thumbsucker
2005,4.488546848297119,18840,The White Countess
2005,4.097099781036377,9813,The Quiet
2005,4.056774139404297,13994,Romance & Cigarettes
2005,4.051220893859863,9729,Where the Truth Lies
2005,3.980072021484375,12228,Inside Deep Throat
2005,3.866025924682617,2008,The Promise
2005,3.7845349311828613,16186,Diary of a Mad Black Woman
2005,3.7426300048828125,11638,Guess Who
2005,3.71304988861084,17186,Supercross
2005,3.677830934524536,25312,Yes
2005,3.6186459064483643,17113,The Ballad of Jack and Rose
2005,3.588529109954834,9700,The Lost City
2005,3.5286428928375244,13919,The Chumscrubber
2005,3.5007410049438477,8435,A Cock and Bull Story
2005,3.4336249828338623,7301,Lonesome Jim
2005,3.334804058074951,17880,Because of Winn-Dixie
2005,2.8941540718078613,10773,Mrs Henderson Presents
2005,2.8036420345306396,18191,Edmond
2005,2.787374973297119,7509,Water
2005,2.639106035232544,14631,The Work and the Glory II: American Zion
2005,2.5976650714874268,10913,Dear Wendy
2005,2.5963380336761475,14544,Roll Bounce
2005,2.50416898727417,868,Tsotsi
2005,2.3562440872192383,15013,Wah-Wah
2005,2.0838561058044434,19803,Underclassman
2005,2.028170108795166,51820,The Salon
2005,2.0134050846099854,29078,The Game of Their Lives
2005,2.009597063064575,17926,Undiscovered
2005,1.9298830032348633,25975,My Date with Drew
2005,1.9068069458007812,41508,Fateless
2005,1.881466031074524,333355,Star Wars: Clone Wars: Volume 1
2005,1.834280014038086,14120,End of the Spear
2005,1.7771480083465576,20981,The Call of Cthulhu
2005,1.6978460550308228,292,Dave Chappelle's Block Party
2005,1.6237690448760986,2287,Rize
2005,1.428483009338379,18045,The Dark Hours
2005,1.404175043106079,29595,Wal-Mart: The High Cost of Low Price
2005,1.2656830549240112,12183,The Wendell Baker Story
2005,1.2439550161361694,24055,The Puffy Chair
2005,1.0859090089797974,14278,Murderball
2005,0.9834840297698975,49081,The Rocket: The Legend of Rocket Richard
2005,0.8878210186958313,20296,Chocolate: Deep Dark Secrets
2005,0.7726680040359497,14358,Mad Hot Ballroom
2005,0.6882200241088867,27404,My Big Fat Independent Movie
2005,0.38947099447250366,29262,The House of Sand
2005,0.2851310074329376,46415,Neal 'n' Nikki
2005,0.2584129869937897,31163,Chicken Tikka Masala
2005,0.21873599290847778,73511,The Californians
2005,0.20322999358177185,40185,Camping Sauvage
2005,0.18886999785900116,55831,Boynton Beach Club
2005,0.12306799739599228,40769,Mutual Appreciation
2005,0.12050499767065048,20520,The Motel
2005,0.0778760015964508,46729,Fetching Cody
2005,0.07137700170278549,30082,Forty Shades of Blue
2005,0.04686800017952919,67373,This Thing of Ours
2005,0.04542899876832962,47534,Fighting Tommy Riley
2005,0.025211000815033913,87943,Sisters in Law
2005,0.022173000499606133,67238,Cavite
2005,0.02016800083220005,64973,"Peace, Propaganda & the Promised Land"
2005,0.0052559999749064445,38786,The Blood of My Brother: A Story of Death in Iraq
2006,145.84738159179688,58,Pirates of the Caribbean: Dead Man's Chest
2006,90.80941009521484,1417,Pan's Labyrinth
2006,88.93516540527344,36557,Casino Royale
2006,85.11505889892578,950,Ice Age: The Meltdown
2006,84.63096618652344,752,V for Vendetta
2006,83.89325714111328,350,The Devil Wears Prada
2006,82.64303588867188,920,Cars
2006,80.58136749267578,1402,The Pursuit of Happyness
2006,74.44070434570312,1124,The Prestige
2006,65.19796752929688,1271,300
2006,63.42915725708008,1422,The Departed
2006,63.079002380371094,956,Mission: Impossible III
2006,57.92562484741211,1452,Superman Returns
2006,52.79267883300781,1372,Blood Diamond
2006,49.02004623413086,834,Underworld: Evolution
2006,48.7800407409668,1593,Night at the Museum
2006,47.99281692504883,1948,Crank
2006,45.47780227661133,9762,Step Up
2006,45.31319808959961,591,The Da Vinci Code
2006,45.22038650512695,388,Inside Man
2006,44.96745300292969,1581,The Holiday
2006,42.551902770996094,1427,Perfume: The Story of a Murderer
2006,41.570045471191406,1579,Apocalypto
2006,41.176631927490234,9339,Click
2006,37.27238464355469,9836,Happy Feet
2006,36.96095275878906,1491,The Illusionist
2006,36.921443939208984,186,Lucky Number Slevin
2006,36.368839263916016,9297,Monster House
2006,36.327049255371094,7518,Over the Hedge
2006,35.387874603271484,9693,Children of Men
2006,35.10785675048828,9792,The Hills Have Eyes
2006,34.938175201416016,582,The Lives of Others
2006,33.12487030029297,214,Saw III
2006,32.92799377441406,588,Silent Hill
2006,32.54928207397461,4257,Scary Movie 4
2006,32.310218811035156,2207,16 Blocks
2006,32.26789093017578,1262,Stranger Than Fiction
2006,31.643409729003906,9286,Final Destination 3
2006,30.863433837890625,2486,Eragon
2006,30.44525718688965,1246,Rocky Balboa
2006,29.887359619140625,2044,The Lake House
2006,29.487783432006836,496,Borat: Cultural Learnings of America for Make Benefit Glorious Nation of Kazakhstan
2006,27.940092086791992,7512,Idiocracy
2006,27.655269622802734,1255,The Host
2006,27.097932815551758,9992,Arthur and the Invisibles
2006,26.619510650634766,7484,Open Season
2006,26.286954879760742,1523,The Last King of Scotland
2006,26.251216888427734,9767,The Break-Up
2006,26.093042373657227,3509,A Scanner Darkly
2006,25.785924911499023,1164,Babel
2006,25.45053482055664,12096,The Pink Panther
2006,24.697532653808594,1852,World Trade Center
2006,24.60601234436035,1381,The Fountain
2006,24.47248077392578,1251,Letters from Iwo Jima
2006,24.28730583190918,9036,Eight Below
2006,23.936599731445312,3683,Flags of Our Fathers
2006,23.491962432861328,7516,Smokin' Aces
2006,22.550134658813477,11619,Flushed Away
2006,22.36454963684082,1887,Marie Antoinette
2006,22.07430648803711,10025,Just My Luck
2006,21.380634307861328,10781,The Texas Chainsaw Massacre: The Beginning
2006,21.133747100830078,503,Poseidon
2006,20.746931076049805,14202,The Painted Veil
2006,20.277040481567383,1969,Bandidas
2006,20.25214385986328,4474,My Super Ex-Girlfriend
2006,20.23906135559082,9906,The Ant Bully
2006,20.219385147094727,9697,Lady in the Water
2006,19.7478084564209,219,Volver
2006,19.6423282623291,326,Snakes on a Plane
2006,19.31157112121582,7304,Running Scared
2006,19.113277435302734,1165,The Queen
2006,18.8060302734375,6877,Failure to Launch
2006,18.600366592407227,1819,"You, Me and Dupree"
2006,18.186025619506836,9754,Firewall
2006,18.07796287536621,2295,Clerks II
2006,17.6129207611084,11565,Big Momma's House 2
2006,17.501380920410156,9829,United 93
2006,17.32727813720703,9035,Slither
2006,17.229536056518555,512,Scoop
2006,17.078655242919922,9952,Rescue Dawn
2006,16.931846618652344,14191,Aquamarine
2006,16.93096923828125,9513,Garfield: A Tail of Two Kitties
2006,16.782470703125,9726,A Good Year
2006,16.536373138427734,10947,High School Musical
2006,16.282962799072266,9978,Stormbreaker
2006,15.895339965820312,9920,Ultraviolet
2006,15.804814338684082,9954,The Covenant
2006,15.35280704498291,5820,The Sentinel
2006,15.213483810424805,9676,The Black Dahlia
2006,14.846000671386719,1378,Shortbus
2006,14.793176651000977,773,Little Miss Sunshine
2006,14.642054557800293,9353,Nacho Libre
2006,14.486310958862305,1125,Dreamgirls
2006,14.304444313049316,9988,Beerfest
2006,14.13900375366211,1781,An Inconvenient Truth
2006,14.132582664489746,9986,Charlotte's Web
2006,13.906944274902344,1975,The Grudge 2
2006,13.906611442565918,9075,Black Book
2006,13.483386993408203,3093,Basic Instinct 2
2006,13.155999183654785,9664,Flyboys
2006,12.8989839553833,5072,Severance
2006,12.79040813446045,9053,DOA: Dead or Alive
2006,12.677016258239746,11908,Hatchet
2006,12.599836349487305,9718,Talladega Nights: The Ballad of Ricky Bobby
2006,12.576380729675293,1259,Notes on a Scandal
2006,12.421504020690918,9072,Little Man
2006,12.378030776977539,7859,Half Nelson
2006,12.32130241394043,9950,Find Me Guilty
2006,11.942861557006836,1440,Little Children
2006,11.885220527648926,8998,Friends with Money
2006,11.70630931854248,10741,Bobby
2006,11.429607391357422,7874,Black Snake Moan
2006,11.400229454040527,12271,Factory Girl
2006,11.227087020874023,12094,Jackass Number Two
2006,11.20333480834961,9895,Man of the Year
2006,10.814390182495117,9655,She's the Man
2006,10.573190689086914,2266,"Paris, je t'aime"
2006,10.430831909179688,9907,Barnyard
2006,10.410932540893555,5393,Happily N'Ever After
2006,10.304171562194824,14113,Zoom
2006,10.098722457885742,10073,Date Movie
2006,10.006281852722168,18147,Unaccompanied Minors
2006,9.97468090057373,9900,Grandma's Boy
2006,9.950505256652832,1494,Curse of the Golden Flower
2006,9.894346237182617,9975,Curious George
2006,9.750556945800781,10115,Stick It
2006,9.662714958190918,9682,Pulse
2006,9.559737205505371,9794,Employee of the Month
2006,9.349386215209961,4723,Southland Tales
2006,9.278361320495605,9766,Gridiron Gang
2006,9.244180679321289,9389,Renaissance
2006,8.999674797058105,12763,Take the Lead
2006,8.9508638381958,4657,Jindabyne
2006,8.62966537475586,11170,We Are Marshall
2006,8.54292106628418,13198,Wristcutters: A Love Story
2006,8.486390113830566,13807,Exiled
2006,8.395624160766602,11798,This Is England
2006,8.386431694030762,13967,Miss Potter
2006,8.326130867004395,13689,Peaceful Warrior
2006,8.305085182189941,9918,Glory Road
2006,8.282876014709473,9615,The Fast and the Furious: Tokyo Drift
2006,8.24432373046875,9842,School for Scoundrels
2006,7.864010810852051,9310,American Dreamz
2006,7.768222808837891,1717,All the King's Men
2006,7.71220588684082,18276,Hoot
2006,7.679336071014404,8975,The Marine
2006,7.667888164520264,11404,Driving Lessons
2006,7.173058986663818,9782,The Night Listener
2006,7.145832061767578,19344,Loving Annabelle
2006,6.787967205047607,1116,The Wind That Shakes the Barley
2006,6.764437198638916,5172,The Astronaut Farmer
2006,6.75923490524292,14474,The Oh in Ohio
2006,6.745560169219971,9957,The Benchwarmers
2006,6.156014919281006,17379,Last Holiday
2006,6.009644031524658,13495,Alatriste
2006,5.952527046203613,9969,Deck the Halls
2006,5.882207870483398,16781,Madea's Family Reunion
2006,5.422285079956055,13960,ATL
2006,5.347936153411865,182,The Good German
2006,5.323184013366699,13508,Who Killed the Electric Car?
2006,5.244517803192139,10288,Fido
2006,5.206966876983643,7913,Rang De Basanti
2006,5.073535919189453,9903,The Hoax
2006,5.069095134735107,15049,Bon Cop Bad Cop
2006,5.062686920166016,1590,Copying Beethoven
2006,5.025445938110352,9526,A Prairie Home Companion
2006,4.9762678146362305,14624,The Ultimate Gift
2006,4.932892799377441,13751,Akeelah and the Bee
2006,4.770195007324219,7510,Running with Scissors
2006,4.688211917877197,10053,When a Stranger Calls
2006,4.6650261878967285,12838,One to Another
2006,4.598410129547119,9809,Let's Go to Prison
2006,4.563697814941406,18925,Facing the Giants
2006,4.442355155944824,15624,Conversations with Other Women
2006,4.358254909515381,18615,Fur: An Imaginary Portrait of Diane Arbus
2006,4.345029830932617,10069,Stay Alive
2006,4.330428123474121,14799,For Your Consideration
2006,4.280619144439697,10067,The Shaggy Dog
2006,4.261508941650391,13075,Sherrybaby
2006,4.134326934814453,9656,Black Christmas
2006,4.052218914031982,1123,Catch a Fire
2006,3.9424641132354736,13197,10th & Wolf
2006,3.905877113342285,17287,Poultrygeist: Night of the Chicken Dead
2006,3.8575260639190674,36668,X-Men: The Last Stand
2006,3.7716519832611084,8618,The History Boys
2006,3.7599880695343018,32740,Krrish
2006,3.7212719917297363,2447,The Nativity Story
2006,3.680896043777466,9672,Infamous
2006,3.6436080932617188,14256,Winter Passing
2006,3.604862928390503,16727,The Namesake
2006,3.562562942504883,21014,Keeping Up with the Steins
2006,3.4769248962402344,15005,One Night with the King
2006,3.427061080932617,7547,Come Early Morning
2006,3.2469029426574707,14395,Kabhi Alvida Naa Kehna
2006,3.201885938644409,14351,Crossover
2006,3.0696051120758057,13551,The Dead Girl
2006,3.0606849193573,14823,London to Brighton
2006,3.0435891151428223,14012,Flicka
2006,2.7119550704956055,13816,Idlewild
2006,2.436018943786621,21461,Lage Raho Munna Bhai
2006,2.387463092803955,12555,I Served the King of England
2006,2.1847081184387207,15639,Larry the Cable Guy: Health Inspector
2006,2.1756958961486816,18206,Alone With Her
2006,1.9632190465927124,12486,Farce of the Penguins
2006,1.946714997291565,13569,Thr3e
2006,1.8148020505905151,12586,Bella
2006,1.7423830032348633,13066,I Want Someone to Eat Cheese With
2006,1.738919973373413,14137,Beer League
2006,1.6850199699401855,45380,Crazy Stone
2006,1.682839035987854,24432,Doogal
2006,1.6732079982757568,26518,Old Joy
2006,1.5177710056304932,40862,Iraq for Sale: The War Profiteers
2006,1.4943599700927734,15976,The Bubble
2006,1.4657620191574097,11818,Valley of the Wolves: Iraq
2006,1.4588840007781982,15699,Opal Dream
2006,1.2847410440444946,52462,The Pet
2006,1.2603139877319336,13856,Special
2006,1.2557710409164429,18869,Jimmy and Judy
2006,1.1285589933395386,22488,Love's Abiding Joy
2006,0.9826239943504333,30139,Phat Girlz
2006,0.9060959815979004,35199,Wordplay
2006,0.716763973236084,53953,The Tooth Fairy
2006,0.7063549757003784,10844,Out of the Blue
2006,0.6077820062637329,30867,Scott Walker: 30 Century Man
2006,0.5951359868049622,38007,Ira & Abby
2006,0.5484349727630615,37028,The Magic Flute
2006,0.4757480025291443,44260,Lake of Fire
2006,0.4361479878425598,39183,Once in a Lifetime: The Extraordinary Story of the New York Cosmos
2006,0.4295870065689087,56491,In Her Line of Fire
2006,0.1478859931230545,29697,Faith Like Potatoes
2006,0.1422549933195114,116584,Valley of the Heart's Delight
2006,0.12270399928092957,74084,Dil Jo Bhi Kahey...
2006,0.07206600159406662,25784,Journey from the Fall
2006,0.04992099851369858,79161,51 Birch Street
2006,0.03413499891757965,64499,Quinceañera
1935,3.898498058319092,3080,Top Hat
2012,144.44863891601562,24428,The Avengers
2012,125.11437225341797,62177,Brave
2012,112.31295013427734,49026,The Dark Knight Rises
2012,108.84962463378906,49051,The Hobbit: An Unexpected Journey
2012,99.68708038330078,50620,The Twilight Saga: Breaking Dawn - Part 2
2012,93.00498962402344,37724,Skyfall
2012,90.33680725097656,49040,The Bourne Legacy
2012,89.86627960205078,1930,The Amazing Spider-Man
2012,82.12168884277344,68718,Django Unchained
2012,77.17897033691406,58595,Snow White and the Huntsman
2012,73.98777770996094,22970,The Cabin in the Woods
2012,73.87234497070312,83542,Cloud Atlas
2012,68.88939666748047,70981,Prometheus
2012,68.87690734863281,72105,Ted
2012,68.55069732666016,70160,The Hunger Games
2012,65.22986602783203,57800,Ice Age: Continental Drift
2012,64.92838287353516,44833,Battleship
2012,64.50474548339844,76726,Chronicle
2012,63.599971771240234,82693,Silver Linings Playbook
2012,62.714027404785156,64688,21 Jump Street
2012,62.34107208251953,82690,Wreck-It Ralph
2012,62.01055908203125,68734,Argo
2012,61.78803634643555,81188,Rise of the Guardians
2012,58.40120315551758,52520,Underworld: Awakening
2012,57.67393112182617,49049,Dredd
2012,56.86840057373047,75780,Jack Reacher
2012,56.25741195678711,76492,Hotel Transylvania
2012,53.73289108276367,76163,The Expendables 2
2012,52.035179138183594,41154,Men in Black 3
2012,51.32814407348633,87827,Life of Pi
2012,50.30672836303711,62213,Dark Shadows
2012,49.51726531982422,77016,End of Watch
2012,49.35352325439453,82675,Taken 2
2012,49.07032012939453,57214,Project X
2012,48.55287170410156,75174,The Grey
2012,48.3562126159668,82695,Les Misérables
2012,48.12629699707031,62764,Mirror Mirror
2012,47.55992889404297,80278,The Impossible
2012,46.377628326416016,59967,Looper
2012,44.989192962646484,80321,Madagascar 3: Europe's Most Wanted
2012,44.927635192871094,57165,Wrath of the Titans
2012,43.92699432373047,49529,John Carter
2012,43.67518997192383,65086,The Woman in Black
2012,43.44413375854492,84892,The Perks of Being a Wallflower
2012,42.21376419067383,87502,Flight
2012,41.08391571044922,83666,Moonrise Kingdom
2012,41.04508590698242,82507,Sinister
2012,40.72345733642578,72545,Journey 2: The Mysterious Island
2012,39.92003631591797,71552,American Reunion
2012,39.53904342651367,77174,ParaNorman
2012,39.39588165283203,80035,The Watch
2012,38.99429702758789,59962,This Means War
2012,38.634765625,72331,Abraham Lincoln: Vampire Hunter
2012,38.429649353027344,89492,This Is 40
2012,38.30695343017578,97630,Zero Dark Thirty
2012,36.30729675292969,72976,Lincoln
2012,35.897151947021484,77930,Magic Mike
2012,35.232276916503906,81796,Lockout
2012,34.77310562133789,59961,Safe House
2012,34.04140853881836,49527,Man on a Ledge
2012,32.74648666381836,114150,Pitch Perfect
2012,32.306453704833984,86838,Seven Psychopaths
2012,31.926950454711914,72387,Safe
2012,31.85658836364746,82525,Savages
2012,31.763200759887695,80271,LOL
2012,31.364900588989258,77866,Contraband
2012,31.34914207458496,76493,The Dictator
2012,30.863082885742188,88005,Seeking a Friend for the End of the World
2012,29.775440216064453,85446,Step Up Revolution
2012,27.908782958984375,62214,Frankenweenie
2012,27.710630416870117,72207,The Five-Year Engagement
2012,27.009723663330078,76494,What to Expect When You're Expecting
2012,26.811540603637695,77877,The Lucky One
2012,26.79991340637207,87826,Here Comes the Boom
2012,26.780960083007812,72570,The Vow
2012,26.387039184570312,96724,Anna Karenina
2012,25.68250846862793,68722,The Master
2012,25.613197326660156,82505,House at the End of the Street
2012,25.186002731323242,84332,Safety Not Guaranteed
2012,24.61260223388672,64689,Killing Them Softly
2012,23.700759887695312,72197,The Pirates! In an Adventure with Scientists!
2012,23.51593780517578,80585,Rock of Ages
2012,23.4190616607666,84329,Robot & Frank
2012,23.292760848999023,61012,Silent Hill: Revelation 3D
2012,22.7481746673584,75638,Red Lights
2012,22.520841598510742,70436,The Raven
2012,21.95805549621582,75674,Act of Valor
2012,21.826887130737305,103663,The Hunt
2012,21.72389793395996,87428,That's My Boy
2012,21.680423736572266,77883,The Possession
2012,20.95281982421875,84174,Bachelorette
2012,20.90849494934082,50647,Wanderlust
2012,20.649145126342773,93856,Chernobyl Diaries
2012,20.326337814331055,82990,Paranormal Activity 4
2012,19.49470329284668,68812,The Iceman
2012,19.43850326538086,54054,One for the Money
2012,19.331884384155273,103620,Maniac
2012,18.587114334106445,87825,Trouble with the Curve
2012,17.93256187438965,77875,Playing for Keeps
2012,17.709888458251953,49526,Premium Rush
2012,17.672021865844727,97430,The Man with the Iron Fists
2012,17.15129280090332,86837,Amour
2012,16.830184936523438,127493,Stolen
2012,16.668853759765625,109513,Hit & Run
2012,16.460355758666992,77953,The Campaign
2012,16.405120849609375,60599,Arbitrage
2012,16.394451141357422,71864,The Odd Life of Timothy Green
2012,16.361743927001953,134597,The Collection
2012,15.28344440460205,82687,The Guilt Trip
2012,15.131867408752441,77948,The Cold Light of Day
2012,15.013385772705078,81836,To Rome with Love
2012,14.98874568939209,83686,The Words
2012,14.613151550292969,83770,On the Road
2012,14.604910850524902,88042,Parental Guidance
2012,14.585968017578125,76489,The Three Stooges
2012,14.513242721557617,94348,Alex Cross
2012,14.504325866699219,104755,The Lords of Salem
2012,14.238375663757324,84200,"For a Good Time, Call..."
2012,14.182300567626953,133931,Zambezia
2012,14.142072677612305,90369,Now Is Good
2012,13.621200561523438,82684,Chasing Mavericks
2012,13.568302154541016,133694,Promised Land
2012,13.410919189453125,82650,Diary of a Wimpy Kid: Dog Days
2012,13.15282154083252,76487,The Devil Inside
2012,13.119132995605469,72358,A Thousand Words
2012,12.967137336730957,82696,Hope Springs
2012,12.685139656066895,92591,Bernie
2012,12.47123908996582,84175,Beasts of the Southern Wild
2012,12.296030044555664,72431,Red Tails
2012,11.75355339050293,125490,Antiviral
2012,11.609210014343262,133698,Fly Me to the Moon
2012,11.103201866149902,126319,Ernest & Celestine
2012,10.639774322509766,127867,The Brass Teapot
2012,10.190409660339355,97614,Deadfall
2012,9.780588150024414,118957,Bait
2012,9.451228141784668,84204,Grabbers
2012,9.436430931091309,84184,Celeste & Jesse Forever
2012,9.140935897827148,103328,Holy Motors
2012,9.115486145019531,113947,The Sessions
2012,8.9422025680542,84188,Compliance
2012,8.887411117553711,123678,The Act of Killing
2012,8.410688400268555,101267,Katy Perry: Part of Me
2012,8.303695678710938,78698,Big Miracle
2012,8.248148918151855,146631,U.F.O.
2012,7.722021102905273,121826,Quartet
2012,7.676677227020264,80215,Indie Game: The Movie
2012,7.487843036651611,82679,Fun Size
2012,7.447713851928711,115210,Stitches
2012,7.251896858215332,73935,Vamps
2012,7.207050800323486,84178,Black Rock
2012,7.05095100402832,103370,Madea's Witness Protection
2012,6.938854217529297,116613,The Sweeney
2012,6.783052921295166,121676,Inescapable
2012,6.6799540519714355,101179,Truth or Dare
2012,6.3852338790893555,79694,The Apparition
2012,6.227674961090088,71679,Resident Evil: Retribution
2012,6.035151958465576,67660,Think Like a Man
2012,5.987485885620117,94352,Cirque du Soleil: Worlds Away
2012,5.9005351066589355,132316,Jab Tak Hai Jaan
2012,5.759544849395752,96399,For Greater Glory - The True Story of Cristiada
2012,5.754415988922119,80304,Casa De Mi Padre
2012,5.753705024719238,63574,Joyful Noise
2012,5.3386101722717285,164372,The Snow Queen
2012,5.258726119995117,116977,Foodfight!
2012,5.100740909576416,95755,Small Apartments
2012,4.7253570556640625,134371,Atlas Shrugged Part II
2012,4.596157073974609,118612,After
2012,4.448493957519531,62008,Good Deeds
2012,4.448352813720703,168027,Freaky Deaky
2012,3.750338077545166,82533,Damsels in Distress
2012,2.8365368843078613,83588,Middle of Nowhere
2012,2.828303098678589,127918,The Gatekeepers
2012,2.8053510189056396,50497,When the Lights Went Out
2012,2.6981849670410156,88036,Sparkle
2012,2.3918468952178955,139715,Detention of the Dead
2012,2.366250991821289,82631,Won't Back Down
2012,2.3038649559020996,89325,Darling Companion
2012,2.2041380405426025,135595,Trade Of Innocents
2012,1.9235140085220337,158150,How to Fall in Love
2012,1.7531100511550903,79940,Tim and Eric's Billion Dollar Movie
2012,1.6116000413894653,98369,Blue Like Jazz
2012,1.6001709699630737,117942,Girls Gone Dead
2012,1.5896929502487183,312113,Black November
2012,1.390658974647522,114635,The Helpers
2012,1.2929480075836182,89857,High Road
2012,1.084386944770813,150211,The Frozen
2012,0.9735820293426514,126509,2016: Obama's America
2012,0.8570079803466797,126186,Shanghai Calling
2012,0.8127760291099548,153397,Restless
2012,0.6534950137138367,92635,Snow White: A Deadly Summer
2012,0.6205539703369141,139998,Supporting Characters
2012,0.42519500851631165,180383,Deceptive Practice: The Mysteries and Mentors of Ricky Jay
2012,0.41234201192855835,193603,Hayride
2012,0.40702998638153076,113406,Should've Been Romeo
2012,0.38840100169181824,84318,The Other Dream Team
2012,0.3414610028266907,112456,Hardflip
2012,0.32255300879478455,211557,Vessel
2012,0.28575998544692993,112937,The Oogieloves in the Big Balloon Adventure
2012,0.21544000506401062,98557,Dysfunctional Friends
2012,0.17431099712848663,119458,Supercapitalist
2012,0.16651299595832825,286939,Sanctuary: Quite a Conundrum
2012,0.14378400146961212,100275,Eddie: The Sleepwalking Cannibal
2012,0.12667599320411682,139948,Burn
2012,0.11434199661016464,147767,Khiladi 786
2012,0.10957899689674377,84401,Sholem Aleichem: Laughing In The Darkness
2012,0.08673100173473358,103903,Outside Bet
2012,0.0801049992442131,119657,El Rey de Najayo
2012,0.05756400153040886,137955,Crowsnest
1960,93.06786346435547,539,Psycho
1960,22.889293670654297,284,The Apartment
1960,6.734964847564697,22013,Elmer Gantry
1950,1.7261749505996704,25209,Annie Get Your Gun
1979,94.18465423583984,348,Alien
1979,49.97346115112305,28,Apocalypse Now
1979,33.14218521118164,9659,Mad Max
1979,29.88740348815918,698,Moonraker
1979,26.35669708251953,10734,Escape from Alcatraz
1979,24.616634368896484,152,Star Trek: The Motion Picture
1979,12.434687614440918,11583,The First Great Train Robbery
1979,11.359720230102539,17264,The Black Stallion
1979,10.63991641998291,11176,The Muppet Movie
1979,10.032626152038574,11519,1941
1979,8.616589546203613,31915,Prophecy
1979,8.2653169631958,9570,The Black Hole
1979,7.000948905944824,16323,The Rose
1979,5.159407138824463,16858,All That Jazz
1979,2.637355089187622,40160,Meteor
1979,0.001117000007070601,65448,Penitentiary
1951,14.884756088256836,702,A Streetcar Named Desire
1951,7.973108768463135,11620,Quo Vadis
1951,1.606313943862915,17820,Show Boat
1962,48.90154266357422,646,Dr. No
1962,41.28633499145508,947,Lawrence of Arabia
1962,23.962108612060547,802,Lolita
1962,22.139841079711914,595,To Kill a Mockingbird
1962,19.524972915649414,9289,The Longest Day
1962,11.735286712646484,11697,The Man Who Shot Liberty Valance
1962,2.407047986984253,33468,The Brain That Wouldn't Die
1967,28.675891876220703,667,You Only Live Twice
1967,7.821437835693359,18900,In Cold Blood
1967,5.164422988891602,26039,Point Blank
1967,1.2967840433120728,12602,The Torture Chamber of Dr. Sadism
1968,86.20118713378906,62,2001: A Space Odyssey
1968,49.33313751220703,335,Once Upon a Time in the West
1968,26.18036651611328,805,Rosemary's Baby
1968,25.66602897644043,10331,Night of the Living Dead
1968,14.171758651733398,8069,Barbarella
1968,11.756942749023438,4929,Hang 'em High
1968,8.305997848510742,17917,Oliver!
1968,3.598457098007202,39209,Shalako
1968,2.094151020050049,27983,"Yours, Mine and Ours"
1968,0.17868900299072266,29146,Charly
1938,3.426314115524292,34106,You Can't Take It With You
1938,0.48397400975227356,43839,Alexander's Ragtime Band
1916,3.2324469089508057,3059,Intolerance
2017,0.7108700275421143,426469,Growing Up Smith
2007,139.08261108398438,285,Pirates of the Caribbean: At World's End
2007,115.69981384277344,559,Spider-Man 3
2007,78.14439392089844,675,Harry Potter and the Order of the Phoenix
2007,70.86740112304688,6479,I Am Legend
2007,65.67739868164062,2062,Ratatouille
2007,60.81072235107422,1979,Fantastic 4: Rise of the Silver Surfer
2007,53.645267486572266,6977,No Country for Old Men
2007,51.97090530395508,1949,Zodiac
2007,51.50288391113281,1272,Sunshine
2007,48.93336868286133,1571,Live Free or Die Hard
2007,48.801090240478516,5176,3:10 to Yuma
2007,48.03273391723633,2270,Stardust
2007,47.45682144165039,23827,Paranormal Activity
2007,47.33603286743164,6477,Alvin and the Chipmunks
2007,46.87537384033203,35,The Simpsons Movie
2007,46.8347053527832,1250,Ghost Rider
2007,45.381500244140625,2503,The Bourne Ultimatum
2007,43.64497756958008,5915,Into the Wild
2007,42.99090576171875,2268,The Golden Compass
2007,42.98646545410156,810,Shrek the Third
2007,42.66930389404297,1620,Hitman
2007,42.36121368408203,4982,American Gangster
2007,42.06999206542969,298,Ocean's Thirteen
2007,40.64610290527344,1265,Bridge to Terabithia
2007,39.38191223144531,440,Aliens vs Predator: Requiem
2007,38.62317657470703,4638,Hot Fuzz
2007,37.81790542602539,7345,There Will Be Blood
2007,37.378082275390625,7485,Shooter
2007,37.10435485839844,5876,The Mist
2007,35.60166549682617,2310,Beowulf
2007,35.53351974487305,4512,The Assassination of Jesse James by the Coward Robert Ford
2007,35.481170654296875,2252,Eastern Promises
2007,35.16978073120117,3021,1408
2007,34.75985336303711,1562,28 Weeks Later
2007,33.436092376708984,8363,Superbad
2007,33.394081115722656,4513,30 Days of Night
2007,33.36930465698242,4347,Atonement
2007,31.719463348388672,11199,Wild Hogs
2007,31.69161605834961,8329,[REC]
2007,31.69045639038086,8271,Disturbia
2007,31.339014053344727,13363,The Man from Earth
2007,31.305335998535156,7350,The Bucket List
2007,31.160541534423828,2976,Hairspray
2007,29.533437728881836,5123,August Rush
2007,29.489273071289062,6023,P.S. I Love You
2007,29.332904815673828,5559,Bee Movie
2007,29.244768142700195,663,Saw IV
2007,29.219980239868164,4523,Enchanted
2007,29.07195472717285,6537,The Orphanage
2007,27.683874130249023,1268,Mr. Bean's Holiday
2007,27.082181930541992,2698,Evan Almighty
2007,26.12370491027832,4349,The Kingdom
2007,25.46849250793457,1858,Transformers
2007,24.281951904296875,2011,Persepolis
2007,23.604936599731445,7347,Elite Squad
2007,23.230850219726562,9408,Surf's Up
2007,23.19740867614746,3594,The Number 23
2007,22.571779251098633,5174,Rush Hour 3
2007,22.527210235595703,4964,Knocked Up
2007,22.049787521362305,9963,Premonition
2007,21.729433059692383,10030,Good Luck Chuck
2007,21.017549514770508,13649,High School Musical 2
2007,20.82777976989746,2355,Reign Over Me
2007,20.745052337646484,1691,Hostel: Part II
2007,20.69921112060547,13680,The Game Plan
2007,20.410354614257812,2196,Death at a Funeral
2007,19.782724380493164,7326,Juno
2007,19.41202735900879,9955,Blades of Glory
2007,19.05217933654785,5723,Once
2007,19.02964973449707,14139,Timecrimes
2007,18.961322784423828,4566,Michael Clayton
2007,18.896238327026367,10431,War
2007,18.70030975341797,6538,Charlie Wilson's War
2007,18.678415298461914,1257,Because I Said So
2007,18.392169952392578,1273,TMNT
2007,18.236284255981445,2977,Becoming Jane
2007,18.1727352142334,13483,Awake
2007,17.746980667114258,1646,Freedom Writers
2007,17.659032821655273,11172,Music and Lyrics
2007,17.141376495361328,9793,The Hills Have Eyes 2
2007,16.8834285736084,3489,88 Minutes
2007,16.63764190673828,285923,Grindhouse
2007,15.817095756530762,6615,Lars and the Real Girl
2007,15.79494571685791,3638,No Reservations
2007,15.676122665405273,6973,In the Valley of Elah
2007,15.6731538772583,4858,The Invasion
2007,15.406172752380371,2312,In the Name of the King: A Dungeon Siege Tale
2007,15.351411819458008,13025,Diary of the Dead
2007,15.274136543273926,4517,Elizabeth: The Golden Age
2007,15.175289154052734,8461,Funny Games
2007,14.905357360839844,7942,"Run, Fatboy, Run"
2007,14.518708229064941,2001,We Own the Night
2007,14.503567695617676,2959,License to Wed
2007,14.098952293395996,2359,Sicko
2007,13.654939651489258,2013,The Diving Bell and the Butterfly
2007,13.445696830749512,1683,The Reaping
2007,13.118983268737793,13250,Butterfly on a Wheel
2007,13.032307624816895,3902,I'm Not There.
2007,12.893218994140625,10425,The Death and Life of Bobby Z
2007,12.79244613647461,13067,In the Land of Women
2007,12.741072654724121,5125,Rendition
2007,12.64370346069336,11835,Death Sentence
2007,12.601676940917969,14144,Daddy Day Camp
2007,12.295215606689453,10075,Blood and Chocolate
2007,12.28291130065918,9703,The Last Legion
2007,12.257654190063477,1874,Goodbye Bafana
2007,12.185203552246094,13501,The Good Night
2007,12.065380096435547,7737,Resident Evil: Extinction
2007,11.872840881347656,4688,Across the Universe
2007,11.357474327087402,5708,Control
2007,11.237374305725098,4170,Trade
2007,10.841580390930176,14047,The Great Debaters
2007,10.746479988098145,10760,Sydney White
2007,10.735219955444336,6575,Walk Hard: The Dewey Cox Story
2007,10.733760833740234,1989,My Blueberry Nights
2007,10.446722030639648,7979,The Kite Runner
2007,10.14490032196045,12246,Mongol: The Rise of Genghis Khan
2007,9.789027214050293,4515,Lions for Lambs
2007,9.728142738342285,13079,The Life Before Her Eyes
2007,9.717391967773438,1988,A Mighty Heart
2007,9.672989845275879,10758,Waitress
2007,9.361459732055664,14396,Code Name: The Cleaner
2007,9.270133018493652,2009,"4 Months, 3 Weeks and 2 Days"
2007,8.84286880493164,3877,Things We Lost in the Fire
2007,8.312152862548828,10071,The Brothers Solomon
2007,8.302950859069824,13538,Straightheads
2007,8.048304557800293,5353,The Hunting Party
2007,7.878177165985107,13159,Georgia Rule
2007,7.559100151062012,1961,My Name Is Bruce
2007,7.377586841583252,10748,St. Trinian's
2007,7.359285831451416,13121,Teeth
2007,6.9220499992370605,1931,Stomp the Yard
2007,6.884467124938965,14392,The Warlords
2007,6.833164215087891,9783,Sublime
2007,6.814247131347656,7006,White Noise 2: The Light
2007,6.760921955108643,14324,Virgin Territory
2007,6.5670647621154785,1248,Hannibal Rising
2007,6.309587001800537,10074,Hot Rod
2007,6.162871837615967,1950,Lucky You
2007,6.0919508934021,8141,You Kill Me
2007,6.091032981872559,13491,Arn: The Knight Templar
2007,6.064638137817383,9760,Epic Movie
2007,5.737161159515381,5126,Martian Child
2007,5.663888931274414,8272,The Savages
2007,5.361699104309082,6639,Love in the Time of Cholera
2007,5.251142978668213,12247,Shotgun Stories
2007,5.034800052642822,14043,Nancy Drew
2007,4.898437023162842,13074,Resurrecting the Champ
2007,4.822032928466797,10253,Dragon Wars: D-War
2007,4.613349914550781,21494,Moliere
2007,4.554574012756348,7973,Caramel
2007,4.536745071411133,14434,I Think I Love My Wife
2007,4.207456111907959,10090,Reno 911!: Miami
2007,4.090382099151611,13072,Brooklyn Rules
2007,3.865122079849243,13173,The Ten
2007,3.7920150756835938,11600,Redacted
2007,3.6875739097595215,8875,Timber Falls
2007,3.64684796333313,14877,September Dawn
2007,3.531877040863037,10822,Savage Grace
2007,3.4315900802612305,14284,In the Shadow of the Moon
2007,3.064563035964966,15017,Blonde Ambition
2007,3.004431962966919,8060,Married Life
2007,2.8812389373779297,15581,Who's Your Caddy?
2007,2.659804105758667,16205,Jack Brooks: Monster Slayer
2007,2.388917922973633,15250,This Christmas
2007,2.371476888656616,9916,The Last Sin Eater
2007,2.365328073501587,15568,Gracie
2007,2.2837960720062256,12901,No End in Sight
2007,2.2138888835906982,18632,A Dog's Breakfast
2007,2.131524085998535,14608,Partition
2007,2.0051109790802,17202,Why Did I Get Married?
2007,1.939054012298584,45791,When Did You Last See Your Father?
2007,1.8405109643936157,20360,Namastey London
2007,1.6542600393295288,19844,Kiss the Bride
2007,1.619634985923767,13516,Slacker Uprising
2007,1.4853240251541138,112430,The Company
2007,1.453145980834961,13158,Aqua Teen Hunger Force Colon Movie Film for Theaters
2007,0.9570220112800598,14014,The Hammer
2007,0.9362319707870483,20065,Purple Violets
2007,0.7485650181770325,13362,Taxi to the Dark Side
2007,0.5537520051002502,14165,Ta Ra Rum Pum
2007,0.4596250057220459,13983,Finishing The Game
2007,0.3834420144557953,43653,The Living Wake
2007,0.36155399680137634,20406,Rockaway
2007,0.33519500494003296,37003,U2 3D
2007,0.33267900347709656,157185,Tin Can Man
2007,0.3018839955329895,46849,Eye of the Dolphin
2007,0.2808290123939514,29731,And Then Came Love
2007,0.26213499903678894,21074,Brick Lane
2007,0.15065999329090118,37985,The Trials Of Darryl Hunt
2007,0.1375350058078766,10914,All Hat
2007,0.08070400357246399,38428,"Gandhi, My Father"
2007,0.04778100177645683,49951,Certifiably Jonathan
2007,0.006068999879062176,181940,Carousel of Revenge
2007,0.003582000033929944,69382,The Legend of God's Gun
1955,6.920873165130615,11219,The Trouble with Harry
1955,3.225188970565796,48035,Ordet
1998,87.35079956054688,9487,A Bug's Life
1998,76.0418701171875,857,Saving Private Ryan
1998,73.56723022460938,73,American History X
1998,67.4277572631836,10674,Mulan
1998,58.485965728759766,95,Armageddon
1998,57.1104850769043,544,There's Something About Mary
1998,56.4880256652832,37165,The Truman Show
1998,49.23008728027344,115,The Big Lebowski
1998,44.5113639831543,1878,Fear and Loathing in Las Vegas
1998,43.81549072265625,36647,Blade
1998,41.51570129394531,8916,Antz
1998,41.20756912231445,9798,Enemy of the State
1998,40.07258224487305,8741,The Thin Red Line
1998,39.3248291015625,2666,Dark City
1998,36.069610595703125,297,Meet Joe Black
1998,35.53739547729492,10312,Patch Adams
1998,34.07005310058594,8656,Deep Impact
1998,32.65748977661133,8195,Ronin
1998,31.792964935302734,1934,Shakespeare in Love
1998,31.086790084838867,9342,The Mask of Zorro
1998,29.46485137939453,9837,The Prince of Egypt
1998,28.980270385742188,9313,The Man in the Iron Mask
1998,28.72562026977539,9631,The Negotiator
1998,28.540267944335938,9489,You've Got Mail
1998,27.788066864013672,473,Pi
1998,27.365619659423828,104,Run Lola Run
1998,25.0419921875,617,Wild Things
1998,24.855701446533203,944,Lethal Weapon 4
1998,23.839126586914062,10663,The Waterboy
1998,23.088571548461914,11551,Small Soldiers
1998,21.988861083984375,9454,Ever After: A Cinderella Story
1998,21.89107894897461,12159,What Dreams May Come
1998,21.535125732421875,9276,The Faculty
1998,21.462934494018555,3050,Doctor Dolittle
1998,21.272733688354492,795,City of Angels
1998,20.793025970458984,3600,I Still Know What You Did Last Summer
1998,20.79070281982422,8688,Snake Eyes
1998,20.089933395385742,9882,The Siege
1998,19.711950302124023,200,Star Trek: Insurrection
1998,18.87779426574707,8838,Mercury Rising
1998,18.659879684448242,10153,Sphere
1998,18.599910736083984,846,The X Files
1998,18.422008514404297,10220,Rounders
1998,18.289302825927734,11545,Rushmore
1998,18.26463508605957,6068,Six Days Seven Nights
1998,17.45502471923828,2157,Lost in Space
1998,17.016284942626953,9945,Vampires
1998,16.368282318115234,9441,Stepmom
1998,16.0594425201416,18937,Quest for Camelot
1998,16.032594680786133,100,"Lock, Stock and Two Smoking Barrels"
1998,16.00017738342285,1389,Out of Sight
1998,15.639016151428223,10215,Sliding Doors
1998,15.142701148986816,6435,Practical Magic
1998,14.340094566345215,11932,Bride of Chucky
1998,14.179537773132324,4518,Elizabeth
1998,12.867351531982422,547,The Horse Whisperer
1998,12.709226608276367,9429,A Night at the Roxbury
1998,12.283024787902832,10353,The Visitors II: The Corridors of Time
1998,12.159008979797363,9877,Urban Legend
1998,11.880899429321289,3682,54
1998,11.873855590820312,9425,Soldier
1998,11.3560791015625,9447,Babe: Pig in the City
1998,11.350381851196289,15037,Can't Hardly Wait
1998,11.090253829956055,22796,Simon Birch
1998,10.932710647583008,1808,Velvet Goldmine
1998,10.930537223815918,11258,Hard Rain
1998,10.757538795471191,10683,Happiness
1998,10.240917205810547,309,The Celebration
1998,10.232599258422852,9469,He Got Game
1998,10.178916931152344,10223,A Simple Plan
1998,10.147320747375488,9422,A Civil Action
1998,10.009993553161621,9464,Buffalo '66
1998,9.607391357421875,11702,The Replacement Killers
1998,9.378687858581543,9424,Disturbing Behavior
1998,9.265671730041504,9713,Holy Man
1998,9.110246658325195,9440,Primary Colors
1998,9.06688117980957,14577,Dirty Work
1998,7.981115818023682,14444,The Rugrats Movie
1998,7.92271614074707,9715,Hope Floats
1998,7.89448881149292,9490,Half Baked
1998,7.708227157592773,14557,Dead Man on Campus
1998,7.594593048095703,9466,Celebrity
1998,6.643777847290039,9822,Mighty Joe Young
1998,6.513855934143066,9457,Deep Rising
1998,6.425528049468994,9448,The Big Hit
1998,6.308298110961914,14662,Slums of Beverly Hills
1998,6.188690185546875,14283,The Red Violin
1998,5.928936958312988,666,Central Station
1998,5.769822120666504,19848,The Players Club
1998,5.735911846160889,10162,Waking Ned
1998,5.671690940856934,10029,Very Bad Things
1998,5.58865213394165,3033,Gods and Monsters
1998,5.497682094573975,9821,The Mighty
1998,5.164280891418457,17127,The Object of My Affection
1998,4.647546768188477,8545,Little Voice
1998,4.523630142211914,9452,Bulworth
1998,4.221312999725342,26618,Clay Pigeons
1998,3.8498730659484863,22256,Without Limits
1998,3.1235830783843994,42807,The Newton Boys
1998,3.03347110748291,12257,Home Fries
1998,2.8578479290008545,50942,Creature
1998,2.7320311069488525,16148,Zero Effect
1998,2.706207036972046,37498,Knock Off
1998,2.6444270610809326,53113,One True Thing
1998,2.353440999984741,40688,Meet the Deedles
1998,2.3045520782470703,20862,Smoke Signals
1998,2.003046989440918,33644,How Stella Got Her Groove Back
1998,1.8921829462051392,24746,Six-String Samurai
1998,1.7500540018081665,58680,Woo
1998,1.4537650346755981,39437,Beloved
1998,1.3344810009002686,41469,Next Stop Wonderland
1998,1.2780920267105103,17044,The Land Girls
1998,1.2468830347061157,7504,Earth
1998,1.190729022026062,16155,Safe Men
1998,0.72291100025177,17644,Barney's Great Adventure
1998,0.7007920145988464,46889,Living Out Loud
1998,0.678475022315979,55180,The Last Big Thing
1998,0.6662179827690125,78149,"An Alan Smithee Film: Burn, Hollywood, Burn"
1998,0.6277629733085632,162396,The Big Swap
1998,0.6056450009346008,161795,Déjà Vu
1998,0.59306800365448,40505,I Got the Hook Up
1998,0.5872759819030762,31535,Chairman of the Board
1998,0.5416520237922668,125123,Among Giants
1998,0.42555099725723267,65749,Tango
1998,0.4080730080604553,111794,20 Dates
1998,0.3766619861125946,78373,"Dancer, Texas Pop. 81"
1998,0.37429100275039673,118452,"First Love, Last Rites"
1998,0.3564949929714203,89861,Stiff Upper Lips
1998,0.29364898800849915,51942,I Married a Strange Person!
1998,0.2924500107765198,37532,Slam
1998,0.11687300354242325,57943,The Love Letter
1998,0.11131300032138824,91076,Illuminata
1998,0.06927700340747833,125263,Broken Vessels
1936,28.276479721069336,3082,Modern Times
1936,2.9682350158691406,43884,The Charge of the Light Brigade
2015,875.581298828125,211672,Minions
2015,434.278564453125,76341,Mad Max: Fury Road
2015,418.70855712890625,135397,Jurassic World
2015,202.04263305664062,87101,Terminator Genisys
2015,167.93287658691406,286217,The Martian
2015,140.84950256347656,257344,Pixels
2015,134.27923583984375,99861,Avengers: Age of Ultron
2015,130.3113555908203,158852,Tomorrowland
2015,128.6559600830078,150540,Inside Out
2015,127.284423828125,131634,The Hunger Games: Mockingjay - Part 2
2015,120.09361267089844,102899,Ant-Man
2015,116.7003173828125,198184,Chappie
2015,114.5222396850586,177677,Mission: Impossible - Rogue Nation
2015,113.16148376464844,294254,Maze Runner: The Scorch Trials
2015,107.37678527832031,206647,Spectre
2015,103.7183837890625,262500,Insurgent
2015,102.32221984863281,168259,Furious 7
2015,101.18704986572266,150689,Cinderella
2015,100.87679290771484,270303,It Follows
2015,100.63587951660156,281957,The Revenant
2015,100.41236114501953,254128,San Andreas
2015,98.75565338134766,216015,Fifty Shades of Grey
2015,95.13004302978516,264660,Ex Machina
2015,85.36907958984375,76757,Jupiter Ascending
2015,82.05205535888672,293863,The Age of Adaline
2015,74.64653015136719,241554,Run All Night
2015,72.77494049072266,271718,Trainwreck
2015,71.49689483642578,254470,Pitch Perfect 2
2015,68.73451232910156,214756,Ted 2
2015,68.7170181274414,273248,The Hateful Eight
2015,66.11334228515625,264644,Room
2015,66.0974349975586,238615,Self/less
2015,65.36444854736328,307081,Southpaw
2015,64.61067199707031,286565,Paper Towns
2015,63.473087310791016,228161,Home
2015,61.7623291015625,277216,Straight Outta Compton
2015,61.692195892333984,159824,Hotel Transylvania 2
2015,60.246978759765625,253412,Everest
2015,59.634029388427734,256591,Focus
2015,57.773582458496094,312221,Creed
2015,57.518470764160156,318846,The Big Short
2015,55.42402648925781,273481,Sicario
2015,53.67052459716797,321697,Steve Jobs
2015,53.11457443237305,257211,The Intern
2015,52.61202621459961,274854,The Last Witch Hunter
2015,52.41753005981445,210860,Mortdecai
2015,51.69295120239258,105864,The Good Dinosaur
2015,50.767330169677734,205775,In the Heart of the Sea
2015,48.74420928955078,203801,The Man from U.N.C.L.E.
2015,48.44597625732422,296098,Bridge of Spies
2015,48.0352783203125,266647,Pan
2015,48.0343017578125,265208,Wild Card
2015,47.753597259521484,296099,Vacation
2015,46.83237075805664,201088,Blackhat
2015,46.049903869628906,261023,Black Mass
2015,45.94652557373047,280092,Insidious: Chapter 3
2015,45.35161590576172,257445,Goosebumps
2015,41.972328186035156,277685,Unfriended
2015,41.9465217590332,228205,The Longest Ride
2015,41.50358963012695,314365,Spotlight
2015,41.258487701416016,256961,Paul Blart: Mall Cop 2
2015,40.371097564697266,181283,Child 44
2015,40.28709030151367,272693,The DUFF
2015,40.01630783081055,287424,Maggie
2015,39.337947845458984,167073,Brooklyn
2015,38.947078704833984,298312,The Visit
2015,38.61674499511719,274167,Daddy's Home
2015,38.126094818115234,166424,Fantastic Four
2015,38.006980895996094,192141,No Escape
2015,37.33572006225586,285783,The Walk
2015,36.952266693115234,228165,The SpongeBob Movie: Sponge Out of Water
2015,36.30120086669922,257091,Get Hard
2015,35.384422302246094,309809,The Little Prince
2015,35.12073516845703,321741,Concussion
2015,34.30809783935547,227973,The Peanuts Movie
2015,33.6254768371582,334074,Survivor
2015,33.50728988647461,257088,Point Break
2015,32.94059753417969,227719,Project Almanac
2015,32.854557037353516,276907,Legend
2015,31.56511688232422,287903,Krampus
2015,30.477113723754883,295964,Burnt
2015,29.876506805419922,274479,Joy
2015,29.76116371154785,308639,Dope
2015,29.660993576049805,264999,Magic Mike XXL
2015,29.652536392211914,222936,Aloha
2015,28.81942367553711,301351,We Are Your Friends
2015,27.867368698120117,258509,Alvin and the Chipmunks: The Road Chip
2015,27.247013092041016,328425,The Gift
2015,27.215665817260742,241257,Regression
2015,26.935457229614258,266396,The Gunman
2015,26.09049415588379,283445,Sinister 2
2015,25.002714157104492,287948,The Transporter Refueled
2015,24.821138381958008,228066,Victor Frankenstein
2015,24.16173553466797,241251,The Boy Next Door
2015,21.20492935180664,304357,Woman in Gold
2015,21.02434539794922,291270,Anomalisa
2015,20.304235458374023,243940,The Lazarus Effect
2015,19.69469451904297,347969,The Ridiculous 6
2015,19.263477325439453,252512,While We're Young
2015,19.167377471923828,365222,Ip Man 3
2015,18.26201629638672,268920,Hot Pursuit
2015,18.22432518005371,250124,The Diary of a Teenage Girl
2015,18.0457820892334,299245,The Gallows
2015,17.59229850769043,268238,The Second Best Exotic Marigold Hotel
2015,16.832311630249023,239573,Unfinished Business
2015,16.618873596191406,243938,Hot Tub Time Machine 2
2015,16.318607330322266,256924,Danny Collins
2015,16.254032135009766,256040,Baahubali: The Beginning
2015,15.07999324798584,336004,Heist
2015,15.012236595153809,290751,Secret in Their Eyes
2015,14.936660766601562,223485,Slow West
2015,14.136475563049316,272878,Max
2015,14.02308177947998,228203,"McFarland, USA"
2015,12.92159366607666,10317,Our Brand Is Crisis
2015,12.564554214477539,234212,Demonic
2015,12.232048034667969,256962,Little Boy
2015,11.26767635345459,314385,By the Sea
2015,11.071521759033203,354110,Forsaken
2015,10.924272537231445,253626,Good Kill
2015,10.699952125549316,293646,The 33
2015,10.475367546081543,157544,The Vatican Tapes
2015,10.07314395904541,244316,Into the Grizzly Maze
2015,9.683622360229492,310569,The Second Mother
2015,9.568883895874023,300168,Dragon Blade
2015,9.191186904907227,333348,Love the Coopers
2015,8.516228675842285,309503,Zipper
2015,8.184588432312012,306745,Freeheld
2015,8.142166137695312,253450,The Assassin
2015,7.794000148773193,57876,Area 51
2015,6.752140998840332,335866,Circle
2015,6.7288818359375,331190,Captive
2015,6.723056793212891,75861,To Write Love on Her Arms
2015,6.665163993835449,334527,Criminal Activities
2015,5.794466018676758,280391,Why I Did (Not) Eat My Father
2015,5.644844055175781,316002,Accidental Love
2015,5.485217094421387,325173,Close Range
2015,5.346205234527588,106845,Re-Kill
2015,5.1602301597595215,273899,Stonewall
2015,5.145655155181885,245846,Strangerland
2015,5.023090839385986,367551,American Hero
2015,4.943587779998779,326284,Pound of Flesh
2015,4.289676189422607,319910,Broken Horses
2015,4.27048921585083,254472,Stung
2015,3.9437060356140137,343795,90 Minutes in Heaven
2015,3.8987369537353516,362105,R.L. Stine's Monsterville: The Cabinet of Souls
2015,3.696122884750366,329540,The Marine 4: Moving Target
2015,3.6191670894622803,226458,Backmask
2015,3.300060987472534,330770,Evolution
2015,3.230778932571411,299145,Stranded
2015,3.102987051010132,334531,My All American
2015,3.0778849124908447,351043,Amnesiac
2015,3.068463087081909,356987,Abandoned
2015,2.8689420223236084,206197,The Sisterhood of Night
2015,2.81522798538208,301325,#Horror
2015,2.7131710052490234,360339,Eden
2015,2.659006118774414,323967,Walter
2015,2.625593900680542,367961,Savva. Heart of the Warrior
2015,2.4704430103302,309425,Do You Believe?
2015,2.418534994125366,79698,The Lovers
2015,2.4147210121154785,331592,Listening
2015,2.394613027572632,361159,Navy Seals vs. Zombies
2015,2.122451066970825,347548,Containment
2015,2.0016300678253174,309919,The Curse of Downers Grove
2015,1.9852429628372192,340816,Christmas Eve
2015,1.9061510562896729,157422,The Wicked Within
2015,1.7595059871673584,356216,The Rise of the Krays
2015,1.6312739849090576,251471,A LEGO Brickumentary
2015,1.6181379556655884,370662,Time to Choose
2015,1.398980975151062,352978,Chain of Command
2015,1.3328039646148682,312793,The Walking Deceased
2015,1.273772954940796,347764,Goddess of Love
2015,1.187764048576355,299553,Shark Lake
2015,1.141463041305542,342502,AWOL-72
2015,1.105357050895691,356841,Checkmate
2015,0.8590139746665955,291362,Road Hard
2015,0.8037610054016113,322443,The Timber
2015,0.7533619999885559,358451,A Tale of Three Cities
2015,0.7386459708213806,370980,Chiamatemi Francesco - Il Papa della gente
2015,0.7199959754943848,293644,Top Cat Begins
2015,0.6876559853553772,356483,Unnatural
2015,0.5958089828491211,290391,"Run, Hide, Die"
2015,0.5945799946784973,319069,Censored Voices
2015,0.5895400047302246,376010,Western Religion
2015,0.5834460258483887,318040,Bizarre
2015,0.5042510032653809,343409,Windsor Drive
2015,0.48927098512649536,345003,10 Days in a Madhouse
2015,0.47212299704551697,176074,Reality Show
2015,0.39732301235198975,322194,Subconscious
2015,0.392657995223999,323270,The Horror Network Vol. 1
2015,0.3276219964027405,344466,The World Is Mine
2015,0.32038700580596924,260778,Vaalu
2015,0.29698100686073303,346081,Sardaarji
2015,0.29358699917793274,322745,Counting
2015,0.24956099689006805,371690,Rotor DR1
2015,0.24385300278663635,335874,Childless
2015,0.17229899764060974,306667,Horse Camp
2015,0.16525700688362122,325579,Diamond Ruff
2015,0.1409890055656433,360188,Queen Crab
2015,0.09410499781370163,361505,Me You and Five Bucks
2015,0.07664699852466583,354624,Heroes of Dirt
2015,0.07134900242090225,324322,They Will Have to Kill Us First
2015,0.06297899782657623,365052,The Looking Glass
2015,0.06124800071120262,385636,Juliet and Alfa Romeo
2015,0.061239998787641525,323271,Unsullied
2015,0.06000300124287605,357441,Karachi se Lahore
2015,0.05532500147819519,325123,Teeth and Blood
2015,0.05062500014901161,459488,"To Be Frank, Sinatra at 100"
2015,0.039007000625133514,364083,Mi America
2015,0.03814300149679184,366967,Dutch Kills
2015,0.036531999707221985,361398,Theresa Is a Mother
2015,0.028756000101566315,447027,Running Forever
2015,0.027800999581813812,371085,Sharkskin
2015,0.025364000350236893,357834,The Algerian
2015,0.02139200083911419,335244,Antarctic Edge: 70° South
2001,138.04957580566406,120,The Lord of the Rings: The Fellowship of the Ring
2001,118.96855926513672,129,Spirited Away
2001,109.9843521118164,671,Harry Potter and the Philosopher's Stone
2001,106.81554412841797,585,"Monsters, Inc."
2001,73.72024536132812,194,Amélie
2001,67.2987289428711,808,Shrek
2001,61.21001434326172,141,Donnie Darko
2001,60.929351806640625,161,Ocean's Eleven
2001,59.248435974121094,453,A Beautiful Mind
2001,57.37434005737305,824,Moulin Rouge!
2001,52.08113098144531,2034,Training Day
2001,51.548587799072266,10865,Atlantis: The Lost Empire
2001,51.18863296508789,869,Planet of the Apes
2001,44.45516586303711,855,Black Hawk Down
2001,41.86298370361328,1734,The Mummy Returns
2001,41.49863052368164,1995,Lara Croft: Tomb Raider
2001,41.27356719970703,853,Enemy at the Gates
2001,40.176265716552734,9880,The Princess Diaries
2001,38.09579849243164,9398,Zoolander
2001,36.78874588012695,9705,Swordfish
2001,36.6703987121582,9476,A Knight's Tale
2001,36.43259811401367,2770,American Pie 2
2001,35.81476593017578,5175,Rush Hour 2
2001,35.37697219848633,4248,Scary Movie 2
2001,35.31071090698242,634,Bridget Jones's Diary
2001,34.20669174194336,676,Pearl Harbor
2001,34.03511428833008,644,A.I. Artificial Intelligence
2001,31.60984992980957,1018,Mulholland Drive
2001,30.920074462890625,167,K-PAX
2001,29.854772567749023,9889,Shallow Hal
2001,28.350528717041016,4133,Blow
2001,27.299301147460938,1903,Vanilla Sky
2001,27.166757583618164,1535,Spy Game
2001,26.13467788696289,768,From Hell
2001,26.074907302856445,2114,Final Fantasy: The Spirits Within
2001,26.071643829345703,10950,I Am Sam
2001,25.88135528564453,1933,The Others
2001,25.43954086303711,8835,Legally Blonde
2001,24.353302001953125,3172,Bandits
2001,24.130809783935547,9428,The Royal Tenenbaums
2001,24.012985229492188,8007,Behind Enemy Lines
2001,23.42308235168457,11397,Not Another Teen Movie
2001,23.316207885742188,8922,Jeepers Creepers
2001,22.572322845458984,11371,The Score
2001,21.865020751953125,2294,Jay and Silent Bob Strike Back
2001,21.746244430541992,10796,The One
2001,21.54338836669922,10054,Spy Kids
2001,21.252796173095703,2043,Along Came a Spider
2001,21.021808624267578,6073,The Mexican
2001,20.392858505249023,9378,Thir13en Ghosts
2001,19.372804641723633,1921,Sweet November
2001,18.86667251586914,8489,Ali
2001,18.735023498535156,10992,Cats & Dogs
2001,18.60049057006836,9896,Rat Race
2001,18.209569931030273,2110,Wasabi
2001,17.547679901123047,11770,Shaolin Soccer
2001,16.93657684326172,2140,Kiss of the Dragon
2001,16.89028549194336,1391,Y Tu Mamá También
2001,16.312803268432617,39939,Super Troopers
2001,16.003957748413086,12149,Frailty
2001,15.976334571838379,10956,Joe Dirt
2001,15.913783073425293,11469,Black Knight
2001,15.433243751525879,2100,The Last Castle
2001,15.205370903015137,2749,15 Minutes
2001,14.949395179748535,2018,The Wedding Planner
2001,14.831401824951172,2057,Original Sin
2001,14.530802726745605,9778,Serendipity
2001,14.072940826416016,1548,Ghost World
2001,14.042040824890137,1365,Monster's Ball
2001,13.93220329284668,10833,Heartbreakers
2001,13.7860746383667,11090,The Animal
2001,13.543052673339844,10808,Dr. Dolittle 2
2001,13.145204544067383,10016,Ghosts of Mars
2001,12.887673377990723,10878,Saving Silverman
2001,12.739721298217773,12589,Jimmy Neutron: Boy Genius
2001,12.601305961608887,10877,Exit Wounds
2001,12.49543571472168,5955,The Pledge
2001,11.94071102142334,11232,Kate & Leopold
2001,11.69327163696289,5279,Gosford Park
2001,11.608149528503418,12508,Rock Star
2001,11.596206665039062,12103,Don't Say a Word
2001,11.59212875366211,10050,Get Over It
2001,11.51028060913086,8386,How High
2001,11.262655258178711,12138,3000 Miles to Graceland
2001,11.220643043518066,11470,Jason X
2001,11.215702056884766,11086,The Majestic
2001,11.183197021484375,10866,Joy Ride
2001,11.139900207519531,6440,The Shipping News
2001,11.064228057861328,10972,Session 9
2001,10.844882011413574,56715,Just Visiting
2001,10.698928833007812,11467,America's Sweethearts
2001,10.545439720153809,12610,Osmosis Jones
2001,10.131122589111328,9683,Bubble Boy
2001,9.969623565673828,9816,Save the Last Dance
2001,9.856825828552246,4012,The Believer
2001,9.67003059387207,1613,The 51st State
2001,9.579975128173828,4965,Impostor
2001,9.448516845703125,2176,The Glass House
2001,9.317264556884766,2779,The Curse of the Jade Scorpion
2001,9.166658401489258,16300,Down to Earth
2001,9.06186580657959,1722,Captain Corelli's Mandolin
2001,8.816994667053223,9991,Mean Machine
2001,8.710293769836426,13166,Freddy Got Fingered
2001,8.468585968017578,10477,Driven
2001,8.418560028076172,11456,Domestic Disturbance
2001,8.359599113464355,9989,Antitrust
2001,8.11363410949707,7501,Knockaround Guys
2001,8.109957695007324,480,Monsoon Wedding
2001,8.098368644714355,23685,Monkeybone
2001,7.901891231536865,12658,Someone Like You...
2001,7.854989051818848,16161,Baby Boy
2001,7.7310638427734375,18734,L.I.E.
2001,7.2261152267456055,11091,Riding in Cars with Boys
2001,7.185212135314941,14034,What's the Worst That Could Happen?
2001,7.067619800567627,11313,Hearts in Atlantis
2001,7.063053131103516,10646,Tomcats
2001,7.047975063323975,2575,The Tailor of Panama
2001,6.997495174407959,17734,Thirteen Conversations About One Thing
2001,6.97963809967041,1999,In the Bedroom
2001,6.909942150115967,9799,The Fast and the Furious
2001,6.727949142456055,13496,American Outlaws
2001,6.677093029022217,9517,Bully
2001,6.579017162322998,39180,See Spot Run
2001,6.454634189605713,5852,Angel Eyes
2001,6.404571056365967,19366,Josie and the Pussycats
2001,6.329671859741211,9104,Buffalo Soldiers
2001,6.130095958709717,10691,Crazy/Beautiful
2001,6.0817718505859375,9290,Crocodile Dundee in Los Angeles
2001,5.904126167297363,10984,Valentine
2001,5.831302165985107,2084,Birthday Girl
2001,5.7067670822143555,11457,Life as a House
2001,5.6990580558776855,19405,Recess: School's Out
2001,5.683280944824219,20857,Hardball
2001,5.641977787017822,13503,Texas Rangers
2001,5.336243152618408,27451,Harvard Man
2001,5.257009029388428,12312,Joe Somebody
2001,4.722403049468994,25208,The Caveman's Valentine
2001,4.667230129241943,24940,Head Over Heels
2001,4.254220008850098,13403,Hedwig and the Angry Inch
2001,4.149628162384033,15745,Made
2001,4.148252964019775,20794,Novocaine
2001,4.146751880645752,11065,O
2001,4.120639801025391,14369,Out Cold
2001,3.9902150630950928,15647,Kissing Jessica Stein
2001,3.9600980281829834,26602,Summer Catch
2001,3.809130907058716,10696,Glitter
2001,3.7507400512695312,11516,Winged Migration
2001,3.60384202003479,14778,Last Orders
2001,3.495758056640625,17708,Corky Romano
2001,3.4815170764923096,1591,Nowhere in Africa
2001,3.36332106590271,62677,Songcatcher
2001,3.2969329357147217,11370,The Musketeer
2001,3.291609048843384,1282,Dogtown and Z-Boys
2001,3.2318480014801025,14033,Soul Survivors
2001,3.1157538890838623,10615,Pootie Tang
2001,3.084873914718628,34043,On the Line
2001,3.0299439430236816,20322,The Brothers
2001,2.909346103668213,20309,Say It Isn't So
2001,2.739306926727295,12484,The Forsaken
2001,2.714042901992798,11889,Iris
2001,2.5263559818267822,6007,Elling
2001,2.4534590244293213,13408,The Wash
2001,2.272130012512207,25462,Two Can Play That Game
2001,2.206096887588501,16651,The Other Side of Heaven
2001,1.903404951095581,18828,Double Take
2001,1.8593640327453613,331,Jurassic Park III
2001,1.8330579996109009,31668,All The Queen's Men
2001,1.7695930004119873,10034,High Heels and Low Lifes
2001,1.6805249452590942,18841,The Lost Skeleton of Cadavra
2001,1.4591699838638306,50035,Lovely & Amazing
2001,1.369649052619934,31064,The Business of Strangers
2001,1.0818220376968384,34549,Max Keeble's Big Move
2001,1.004578948020935,24113,Town & Country
2001,0.8430669903755188,27329,The Legend of Suriyothai
2001,0.8095880150794983,30379,Megiddo: The Omega Code 2
2001,0.669169008731842,35944,Lucky Break
2001,0.2800830006599426,26791,Brigham City
2001,0.21210800111293793,38717,Madison
2001,0.1653670072555542,40880,Pandaemonium
2001,0.1263040006160736,32222,American Desi
2001,0.055867999792099,73981,Ayurveda: Art of Being
2001,0.04690299928188324,81220,Everything Put Together
2001,0.02418600022792816,55903,Betty Fisher and Other Stories
2002,132.39773559570312,672,Harry Potter and the Chamber of Secrets
2002,106.91497039794922,121,The Lord of the Rings: The Two Towers
2002,99.56197357177734,425,Ice Age
2002,91.33284759521484,608,Men in Black II
2002,86.47681427001953,2501,The Bourne Identity
2002,82.5025634765625,557,Spider-Man
2002,73.94404602050781,640,Catch Me If You Can
2002,67.16958618164062,36586,Blade II
2002,65.94895935058594,180,Minority Report
2002,55.65998840332031,11544,Lilo & Stitch
2002,54.159393310546875,36669,Die Another Day
2002,53.04312515258789,4547,Panic Room
2002,50.58753967285156,423,The Pianist
2002,49.07854461669922,4147,Road to Perdition
2002,46.217769622802734,7451,xXx
2002,46.16004943847656,3131,Gangs of New York
2002,45.49037551879883,170,28 Days Later
2002,44.56660842895508,7299,Equilibrium
2002,44.356712341308594,598,City of God
2002,43.987060546875,1894,Star Wars: Episode II - Attack of the Clones
2002,41.6705436706543,9023,Spirit: Stallion of the Cimarron
2002,41.32270812988281,320,Insomnia
2002,40.71562194824219,1576,Resident Evil
2002,40.137264251708984,818,Austin Powers in Goldmember
2002,38.924137115478516,9016,Treasure Planet
2002,38.01808547973633,1817,Phone Booth
2002,37.53709411621094,9334,The Scorpion King
2002,35.108497619628906,11452,National Lampoon’s Van Wilder
2002,34.43352127075195,4108,The Transporter
2002,33.28355407714844,10229,A Walk to Remember
2002,32.7985725402832,65,8 Mile
2002,32.476097106933594,979,Irreversible
2002,32.21742630004883,1574,Chicago
2002,31.43553924560547,9637,Scooby-Doo
2002,30.1960391998291,1429,25th Hour
2002,28.848186492919922,2675,Signs
2002,28.227983474731445,245,About a Boy
2002,27.990283966064453,10996,Stuart Little 2
2002,27.724912643432617,9645,Ghost Ship
2002,27.615108489990234,6278,Reign of Fire
2002,27.46543312072754,8470,John Q
2002,26.595983505249023,11362,The Count of Monte Cristo
2002,26.441669464111328,2757,Adaptation.
2002,25.97855567932129,2135,The Time Machine
2002,24.153566360473633,2642,Two Weeks Notice
2002,24.08514404296875,9488,Spy Kids 2: The Island of Lost Dreams
2002,23.607391357421875,79,Hero
2002,22.39254379272461,4614,The Sum of All Fears
2002,22.054546356201172,455,Bend It Like Beckham
2002,21.605533599853516,201,Star Trek: Nemesis
2002,21.549232482910156,10771,The Tuxedo
2002,21.089519500732422,9932,Analyze That
2002,20.953264236450195,590,The Hours
2002,20.624895095825195,9357,One Hour Photo
2002,19.925025939941406,2755,About Schmidt
2002,19.73821449279785,7303,Maid in Manhattan
2002,19.708730697631836,10590,We Were Soldiers
2002,19.107284545898438,11013,Secretary
2002,18.8277530670166,9884,Collateral Damage
2002,18.714197158813477,12100,Windtalkers
2002,18.656320571899414,11812,The Sweetest Thing
2002,18.422327041625977,1360,Frida
2002,18.256027221679688,11529,Sweet Home Alabama
2002,18.165956497192383,4912,Confessions of a Dangerous Mind
2002,18.12140464782715,2022,Mr. Deeds
2002,18.11556625366211,8346,My Big Fat Greek Wedding
2002,17.834976196289062,8869,Eight Legged Freaks
2002,17.270538330078125,1537,Changing Lanes
2002,17.22737693786621,15070,Undisputed
2002,16.16709327697754,11892,Murder by Numbers
2002,15.960915565490723,8051,Punch-Drunk Love
2002,15.625948905944824,8665,K-19: The Widowmaker
2002,15.341196060180664,16690,Return to Never Land
2002,14.75258731842041,9012,Jackass: The Movie
2002,14.733512878417969,2637,The Mothman Prophecies
2002,14.646883964538574,9021,The Santa Clause 2
2002,14.38225269317627,2251,Unfaithful
2002,14.244518280029297,10592,Hart's War
2002,14.181360244750977,2752,40 Days and 40 Nights
2002,14.086292266845703,3132,Bad Company
2002,14.04670524597168,11560,High Crimes
2002,13.65573501586914,11888,Snow Dogs
2002,13.525704383850098,10985,The New Guy
2002,13.34901237487793,13435,Antwone Fisher
2002,13.267630577087402,8427,I Spy
2002,13.034602165222168,1555,The Spanish Apartment
2002,12.669777870178223,10375,D-Tox
2002,12.092241287231445,11692,The Adventures of Pluto Nash
2002,11.644243240356445,11979,Queen of the Damned
2002,11.636882781982422,10133,Cypher
2002,11.50078296661377,1957,Enough
2002,11.42943000793457,9266,Blue Crush
2002,11.41484260559082,1430,Bowling for Columbine
2002,11.387334823608398,1809,The Rules of Attraction
2002,11.329727172851562,9275,Death to Smoochy
2002,11.263360977172852,14635,The Rookie
2002,11.04559326171875,11442,Halloween: Resurrection
2002,10.991280555725098,11468,Salton Sea
2002,10.297188758850098,10611,Barbershop
2002,10.103639602661133,9093,The Four Feathers
2002,10.089064598083496,9573,Blood Work
2002,10.083905220031738,9533,Red Dragon
2002,9.982885360717773,10712,Far from Heaven
2002,9.954848289489746,9707,Bubba Ho-tep
2002,9.799177169799805,9962,The Good Girl
2002,9.423866271972656,10994,White Oleander
2002,9.371810913085938,20009,Slackers
2002,9.306253433227539,11535,Rollerball
2002,9.177895545959473,3472,Dirty Pretty Things
2002,9.125594139099121,11870,Big Fat Liar
2002,9.072779655456543,9280,Femme Fatale
2002,8.982335090637207,31005,Moonlight Mile
2002,8.980846405029297,16643,Life or Something Like It
2002,8.939410209655762,12771,Serving Sara
2002,8.92713737487793,10052,Dragonfly
2002,8.711782455444336,9689,Hollywood Ending
2002,8.650778770446777,10894,May
2002,8.570327758789062,39141,Tadpole
2002,8.52663516998291,11022,Narc
2002,8.373780250549316,10550,Ballistic: Ecks vs. Sever
2002,8.288812637329102,11891,Kung Pow: Enter the Fist
2002,8.204829216003418,1958,8 Women
2002,7.759214878082275,12093,Lilya 4-ever
2002,7.49963903427124,10426,Friday After Next
2002,7.330690860748291,4107,Bloody Sunday
2002,7.321180820465088,12770,Stealing Harvard
2002,7.2503790855407715,9026,The Importance of Being Earnest
2002,7.051520824432373,14112,Auto Focus
2002,7.034751892089844,9557,Boat Trip
2002,6.948400974273682,9613,Spider
2002,6.908350944519043,18357,The Country Bears
2002,6.796079158782959,17187,The Emperor's Club
2002,6.756886005401611,9544,FearDotCom
2002,6.703319072723389,17130,Crossroads
2002,6.377307891845703,11458,People I Know
2002,6.373315811157227,4911,Dark Blue
2002,6.340135097503662,11056,Darkness
2002,6.337062835693359,10167,Half Past Dead
2002,6.249261856079102,12079,Spun
2002,6.086082935333252,12277,Undercover Brother
2002,6.015354156494141,9034,The Banger Sisters
2002,5.930532932281494,9045,Amen.
2002,5.902589797973633,14293,Poolhall Junkies
2002,5.894163131713867,15028,Clockstoppers
2002,5.856362819671631,17710,Hey Arnold! The Movie
2002,5.784660816192627,14317,The Wild Thornberrys Movie
2002,5.736670017242432,21972,Like Mike
2002,5.576937198638916,9583,Divine Secrets of the Ya-Ya Sisterhood
2002,5.201687812805176,2185,Big Trouble
2002,5.133743762969971,8198,The Quiet American
2002,5.102258205413818,13950,All About the Benjamins
2002,5.099923133850098,29339,Nicholas Nickleby
2002,5.038952827453613,1956,Gerry
2002,4.844450950622559,20616,Swimfan
2002,4.748929023742676,13497,Drumline
2002,4.570043087005615,12779,Swept Away
2002,4.544216156005859,16028,They
2002,4.382761001586914,13908,The Master of Disguise
2002,4.245122909545898,57022,Sunshine State
2002,4.115397930145264,13768,Tuck Everlasting
2002,4.093287944793701,9027,The Guru
2002,3.8887760639190674,15992,Abandon
2002,3.8770360946655273,14290,Better Luck Tomorrow
2002,3.6631081104278564,54580,Mondays in the Sun
2002,3.6436619758605957,25461,Raising Victor Vargas
2002,3.582732915878296,9260,Welcome to Collinwood
2002,3.5011579990386963,37964,Brown Sugar
2002,3.47696590423584,13536,City By The Sea
2002,3.4445419311523438,6020,Sorority Boys
2002,3.419684886932373,18808,Highway
2002,2.9810469150543213,10955,Ripley's Game
2002,2.9118189811706543,15074,Extreme Ops
2002,2.872281074523926,12454,All or Nothing
2002,2.644860029220581,31932,City of Ghosts
2002,2.5079119205474854,18602,Morvern Callar
2002,2.248879909515381,16857,The Dangerous Lives of Altar Boys
2002,2.2449469566345215,35696,Juwanna Mann
2002,2.1794281005859375,542,The Crime of Padre Amaro
2002,2.12821102142334,9555,Rabbit-Proof Fence
2002,2.062087059020996,9685,Igby Goes Down
2002,1.9568599462509155,15186,Full Frontal
2002,1.7149720191955566,17043,The Crocodile Hunter: Collision Course
2002,1.4982450008392334,24985,The Heart of Me
2002,1.4461719989776611,15173,Jonah: A VeggieTales Movie
2002,1.39090895652771,21801,The Slaughter Rule
2002,1.36952805519104,34341,Men with Brooms
2002,1.3262640237808228,16351,Ararat
2002,1.026242971420288,30309,Real Women Have Curves
2002,0.9205909967422485,16653,The Singles Ward
2002,0.8706600069999695,39541,Stolen Summer
2002,0.7534809708595276,13201,Deuces Wild
2002,0.672694981098175,46989,Blue Car
2002,0.552361011505127,55616,Dracula: Pages from a Virgin's Diary
2002,0.4712640047073364,36584,Interview with the Assassin
2002,0.36263298988342285,33693,Funny Ha Ha
2002,0.3397569954395294,45767,Time Changer
2002,0.29522600769996643,20337,Martin Lawrence Live: Runteldat
2002,0.09835100173950195,99826,The Jimmy Show
2002,0.061039999127388,40920,The Business of Fancydancing
2002,0.039264000952243805,185465,Manito
2002,0.039076998829841614,96238,Never Again
2002,0.014406000263988972,102840,Sex With Strangers
2002,0.0033519999124109745,43743,Fabled
1969,25.28966522216797,668,On Her Majesty's Secret Service
1969,24.499996185302734,642,Butch Cassidy and the Sundance Kid
1969,21.11920928955078,3116,Midnight Cowboy
1969,14.970653533935547,576,The Wild Bunch
1969,7.902535915374756,20391,Paint Your Wagon
1969,5.975604057312012,2370,Topaz
1969,3.654017925262451,1651,Mississippi Mermaid
1969,1.183892011642456,70478,The Stewardesses
1969,0.7091429829597473,42618,Sweet Charity
1969,0.7001270055770874,45138,Machine Gun McCain
1974,105.79293823242188,240,The Godfather: Part II
1974,36.44489288330078,3034,Young Frankenstein
1974,30.2147159576416,682,The Man with the Golden Gun
1974,29.262426376342773,30497,The Texas Chain Saw Massacre
1974,22.793928146362305,11072,Blazing Saddles
1974,20.810291290283203,592,The Conversation
1974,4.1179680824279785,987,The Front Page
1974,2.6514179706573486,23069,Benji
1990,63.65424346923828,769,GoodFellas
1990,59.194915771484375,242,The Godfather: Part III
1990,57.69847106933594,1573,Die Hard 2
1990,47.51362991333008,162,Edward Scissorhands
1990,46.212154388427734,1669,The Hunt for Red October
1990,45.769561767578125,196,Back to the Future Part III
1990,45.70783615112305,581,Dances with Wolves
1990,45.47348403930664,114,Pretty Woman
1990,43.129703521728516,861,Total Recall
1990,41.96700668334961,251,Ghost
1990,33.98637008666992,928,Gremlins 2: The New Batch
1990,32.57969665527344,9362,Tremors
1990,27.934978485107422,169,Predator 2
1990,24.114458084106445,1551,Flatliners
1990,16.68156623840332,11186,Child's Play 2
1990,16.27802276611328,2119,Days of Thunder
1990,15.895661354064941,6488,Arachnophobia
1990,11.360997200012207,9588,Quigley Down Under
1990,8.218382835388184,29514,Two Evil Eyes
1990,7.859226226806641,8592,Dick Tracy
1990,5.411153793334961,951,Kindergarten Cop
1990,3.320621967315674,14022,Slacker
1990,3.079862117767334,41823,Mo' Better Blues
1990,2.8084280490875244,9548,The Adventures of Ford Fairlane
1990,2.186927080154419,771,Home Alone
1990,1.5865980386734009,34086,Spaced Invaders
1990,1.0149660110473633,15389,Metropolitan
1990,0.7029709815979004,71805,Shipwrecked
1990,0.0013889999827370048,426067,Midnight Cabaret
2000,95.3012924194336,98,Gladiator
2000,60.715152740478516,77,Memento
2000,57.73971176147461,8358,Cast Away
2000,54.93133544921875,955,Mission: Impossible II
2000,53.59568786621094,107,Snatch
2000,52.995628356933594,9679,Gone in Sixty Seconds
2000,51.11371612548828,11688,The Emperor's New Groove
2000,45.742252349853516,146,"Crouching Tiger, Hidden Dragon"
2000,45.4196662902832,8871,How the Grinch Stole Christmas
2000,45.31044387817383,1359,American Psycho
2000,42.00690841674805,9741,Unbreakable
2000,41.362083435058594,1907,The Beach
2000,40.203948974609375,4327,Charlie's Angels
2000,39.742008209228516,134,"O Brother, Where Art Thou?"
2000,39.00168228149414,2123,"Me, Myself & Irene"
2000,38.79959487915039,9532,Final Destination
2000,37.0545539855957,10501,The Road to El Dorado
2000,32.62435531616211,1493,Miss Congeniality
2000,31.78902816772461,7443,Chicken Run
2000,31.39164924621582,3981,What Women Want
2000,30.347332000732422,462,Erin Brockovich
2000,29.972240447998047,1597,Meet the Parents
2000,28.727731704711914,392,Chocolat
2000,28.20087432861328,9383,Hollow Man
2000,26.797809600830078,6282,Coyote Ugly
2000,26.548593521118164,10567,Dinosaur
2000,25.996219635009766,10637,Remember the Titans
2000,25.752117156982422,2133,The Perfect Storm
2000,25.413955688476562,8843,The Cell
2000,25.40093421936035,8584,Shanghai Noon
2000,25.316146850585938,8859,"Dude, Where’s My Car?"
2000,25.170217514038086,1900,Traffic
2000,24.99205780029297,4234,Scream 3
2000,24.38919448852539,9600,Big Momma's House
2000,24.313684463500977,10647,Pay It Forward
2000,24.147268295288086,11978,Men of Honor
2000,23.982955932617188,243,High Fidelity
2000,23.657283782958984,2024,The Patriot
2000,23.44113540649414,2069,The Whole Nine Yards
2000,23.2816162109375,55,Amores perros
2000,22.022228240966797,16,Dancer in the Dark
2000,21.54744529724121,786,Almost Famous
2000,20.428237915039062,71,Billy Elliot
2000,19.750059127807617,2085,Romeo Must Die
2000,19.705488204956055,5994,The Family Man
2000,19.64336585998535,479,Shaft
2000,19.348007202148438,1636,Bedazzled
2000,19.258041381835938,10559,Frequency
2000,19.043285369873047,711,Finding Forrester
2000,18.493202209472656,2787,Pitch Black
2000,18.447479248046875,8452,The 6th Day
2000,18.33599281311035,9678,Little Nicky
2000,18.281797409057617,4244,The Kid
2000,18.26120948791504,11973,Thirteen Days
2000,18.09688377380371,3536,U-571
2000,17.783361434936523,12107,Nutty Professor II: The Klumps
2000,16.848899841308594,4958,The Legend of Bagger Vance
2000,16.058284759521484,2067,Mission to Mars
2000,15.835672378540039,2655,What Lies Beneath
2000,15.77208137512207,5551,Space Cowboys
2000,14.866901397705078,11983,Proof of Life
2000,14.837287902832031,10393,The Replacements
2000,14.759947776794434,9285,Road Trip
2000,14.754281044006348,1588,Bring It On
2000,14.44381046295166,7450,Titan A.E.
2000,13.80065631866455,8870,Red Planet
2000,13.318743705749512,11678,Vertical Limit
2000,11.78272533416748,12211,Highlander: Endgame
2000,11.573034286499023,641,Requiem for a Dream
2000,11.470134735107422,2155,Reindeer Games
2000,11.42353343963623,10569,Small Time Crooks
2000,11.375032424926758,11478,The Skulls
2000,11.233080863952637,14181,Boiler Room
2000,11.212730407714844,11826,Sexy Beast
2000,10.982254981994629,13785,Best in Show
2000,10.150993347167969,19457,The Yards
2000,9.895060539245605,10481,102 Dalmatians
2000,9.829858779907227,15655,The Tigger Movie
2000,9.337388038635254,10471,Next Friday
2000,9.188850402832031,10991,Pokémon: Spell of the Unknown
2000,9.119796752929688,10571,Boys and Girls
2000,9.05544662475586,29015,The Specials
2000,9.01172924041748,11004,Wonder Boys
2000,8.981427192687988,17711,The Adventures of Rocky & Bullwinkle
2000,8.885017395019531,12212,Urban Legends: Final Cut
2000,8.775843620300293,1619,The Way of the Gun
2000,8.680334091186523,10641,Autumn in New York
2000,8.58935546875,18079,Nine Queens
2000,8.48353099822998,12509,Pollock
2000,8.085871696472168,4967,Keeping the Faith
2000,8.074807167053223,16222,Whatever It Takes
2000,7.96428918838501,15489,Snow Day
2000,7.891469955444336,5491,Battlefield Earth
2000,7.832336902618408,11398,The Art of War
2000,7.5246710777282715,21355,All the Pretty Horses
2000,7.339908123016357,10685,The Watcher
2000,7.261196136474609,10876,Quills
2000,7.1424479484558105,14295,You Can Count on Me
2000,7.029126167297363,6521,The Contender
2000,6.96173620223999,10560,Center Stage
2000,6.8579230308532715,10564,Where the Heart Is
2000,6.756771087646484,10577,Dracula 2000
2000,6.248309135437012,889,The Flintstones in Viva Rock Vegas
2000,5.939229965209961,10873,Shadow of the Vampire
2000,5.833686828613281,18041,Gossip
2000,5.77147912979126,2621,Return to Me
2000,5.7620368003845215,10384,Supernova
2000,5.675535202026367,17908,My Dog Skip
2000,5.418920993804932,10468,28 Days
2000,5.359381198883057,19419,Screwed
2000,5.327713966369629,327,Brother
2000,5.214407920837402,10642,Loser
2000,5.025938034057617,1698,Anatomy
2000,4.668910026550293,36657,X-Men
2000,4.590277194976807,16340,Rugrats in Paris: The Movie
2000,4.49478816986084,10461,Get Carter
2000,4.365196228027344,24100,The Little Vampire
2000,4.176065921783447,14195,Cecil B. Demented
2000,3.988431930541992,29076,Gun Shy
2000,3.8902230262756348,11531,Book of Shadows: Blair Witch 2
2000,3.7386999130249023,20455,Digimon: The Movie
2000,3.7075109481811523,1831,The Next Best Thing
2000,3.5723390579223633,10480,Nurse Betty
2000,3.5357890129089355,14629,Woman on Top
2000,3.4241580963134766,22597,The Broken Hearts Club: A Romantic Comedy
2000,3.415534019470215,10385,Hanging Up
2000,3.321949005126953,10391,Bless the Child
2000,3.3132569789886475,13539,Here On Earth
2000,3.312385082244873,10383,Lost Souls
2000,3.2694590091705322,10472,Down to You
2000,3.113008975982666,20697,Ready to Rumble
2000,3.0218350887298584,25166,Drowning Mona
2000,3.0078160762786865,25520,The House of Mirth
2000,2.996284008026123,44853,The Claim
2000,2.9525949954986572,10783,Lucky Numbers
2000,2.8559629917144775,27723,Psycho Beach Party
2000,2.6341190338134766,19150,The Crew
2000,2.2753310203552246,10416,What Planet Are You From?
2000,2.2595369815826416,16888,The Ladies Man
2000,2.2545299530029297,18074,Duets
2000,2.234110116958618,24664,Bamboozled
2000,2.171288013458252,25212,Deterrence
2000,2.1443541049957275,23531,Whipped
2000,2.0588340759277344,18292,George Washington
2000,2.027393102645874,14736,Love & Basketball
2000,1.9189590215682983,23618,The Original Kings of Comedy
2000,1.9163509607315063,16110,Thomas and the Magic Railroad
2000,1.830306053161621,24977,Michael Jordan to the Max
2000,1.7800649404525757,48217,The Widow of Saint-Pierre
2000,1.656695008277893,21311,I Dreamed of Africa
2000,1.4336919784545898,47816,3 Strikes
2000,1.1937789916992188,13898,The Circle
2000,1.0963549613952637,22617,Dinner Rush
2000,1.094539999961853,23655,Groove
2000,1.0688190460205078,26665,Aberdeen
2000,1.0684529542922974,75531,Isn't She Great
2000,0.8128550052642822,44490,Chuck & Buck
2000,0.6900889873504639,206412,Lisa Picard Is Famous
2000,0.430757999420166,52790,The Basket
2000,0.24924500286579132,36047,The In Crowd
2000,0.09990199655294418,26916,Mercy Streets
2000,0.06824599951505661,29122,An Everlasting Piece
2000,0.06515499949455261,77332,Urbania
2000,0.0430230014026165,56666,Fiza
2000,0.004922000225633383,146269,The Young Unknowns
2000,0.0011859999503940344,325140,Hum To Mohabbat Karega
1977,126.39369201660156,11,Star Wars
1977,52.456504821777344,840,Close Encounters of the Third Kind
1977,35.892032623291016,703,Annie Hall
1977,27.17346954345703,691,The Spy Who Loved Me
1977,20.399578094482422,985,Eraserhead
1977,20.25657081604004,5902,A Bridge Too Far
1977,11.543362617492676,11586,Exorcist II: The Heretic
1977,11.095218658447266,11935,Capricorn One
1977,10.861166954040527,11598,The Kentucky Fried Movie
1977,9.08820915222168,38985,Sorcerer
1977,6.07773494720459,42222,Julia
1977,5.690618991851807,12535,High Anxiety
1977,3.87624192237854,12637,"New York, New York"
1977,3.829936981201172,25388,March or Die
1977,2.537031888961792,30315,Kingdom of the Spiders
1977,2.2152609825134277,25763,Damnation Alley
1964,59.96152114868164,433,Mary Poppins
1964,47.81246566772461,658,Goldfinger
1964,41.99678421020508,935,Dr. Strangelove or: How I Learned to Stop Worrying and Love the Bomb
1964,38.771060943603516,391,A Fistful of Dollars
1964,20.7866153717041,11113,My Fair Lady
1964,10.730055809020996,704,A Hard Day's Night
1964,4.49029016494751,3482,The Train
1964,4.2299418449401855,17277,The Fall of the Roman Empire
1964,1.1127920150756836,40652,The Married Woman
1964,0.008453000336885452,91721,Nothing But a Man
1984,74.23479461669922,218,The Terminator
1984,66.97677612304688,87,Indiana Jones and the Temple of Doom
1984,49.336395263671875,311,Once Upon a Time in America
1984,47.86201477050781,34584,The NeverEnding Story
1984,45.07213592529297,927,Gremlins
1984,38.204158782958984,377,A Nightmare on Elm Street
1984,31.826749801635742,279,Amadeus
1984,29.84381866455078,90,Beverly Hills Cop
1984,28.456571578979492,1885,The Karate Kid
1984,25.8765811920166,841,Dune
1984,25.03413963317871,1788,Footloose
1984,21.73506736755371,2619,Splash
1984,18.37912368774414,9610,Conan the Destroyer
1984,15.314026832580566,157,Star Trek III: The Search for Spock
1984,15.00250244140625,9336,Police Academy
1984,14.01341438293457,9730,Friday the 13th: The Final Chapter
1984,11.743084907531738,1880,Red Dawn
1984,11.37965202331543,11495,Firestarter
1984,11.353440284729004,13820,Repo Man
1984,9.548391342163086,15927,A Passage to India
1984,9.525626182556152,11507,Body Double
1984,8.590749740600586,2148,The Cotton Club
1984,7.436491012573242,2669,The Bounty
1984,6.672008037567139,15239,The Toxic Avenger
1984,4.455440044403076,23730,C.H.U.D.
1984,4.020194053649902,24264,Sheena
1984,3.810697078704834,10179,The Ice Pirates
1984,2.226412057876587,11308,The Hotel New Hampshire
1985,76.60323333740234,105,Back to the Future
1985,41.08986282348633,68,Brazil
1985,38.653968811035156,1369,Rambo: First Blood Part II
1985,36.58203887939453,9355,Mad Max Beyond Thunderdome
1985,34.224205017089844,10999,Commando
1985,27.230493545532227,707,A View to a Kill
1985,21.607227325439453,10014,A Nightmare on Elm Street Part 2: Freddy's Revenge
1985,19.195398330688477,9281,Witness
1985,18.025205612182617,8408,Day of the Dead
1985,17.571533203125,873,The Color Purple
1985,14.961628913879395,10925,The Return of the Living Dead
1985,14.574995040893555,8879,Pale Rider
1985,14.370111465454102,526,Ladyhawke
1985,13.864974975585938,606,Out of Africa
1985,12.752463340759277,9626,Red Sonja
1985,12.639469146728516,9731,Friday the 13th: A New Beginning
1985,12.18362045288086,11954,Lifeforce
1985,10.981038093566895,11509,Silverado
1985,8.772574424743652,17663,Anne of Green Gables
1985,8.321585655212402,11904,Young Sherlock Holmes
1985,7.961558818817139,11257,A Room with a View
1985,5.650125026702881,13155,Return to Oz
1985,5.2610650062561035,10656,Subway
1985,4.92877721786499,13938,The Last Dragon
1985,4.192063808441162,15983,Invasion U.S.A.
1985,3.703005075454712,11240,My Beautiful Laundrette
1985,0.7200909852981567,29463,Krush Groove
1985,0.3197920024394989,42033,Def-Con 4
1989,80.97247314453125,89,Indiana Jones and the Last Crusade
1989,55.45858383178711,207,Dead Poets Society
1989,44.104469299316406,268,Batman
1989,43.345252990722656,165,Back to the Future Part II
1989,28.221189498901367,709,Licence to Kill
1989,25.949277877807617,2604,Born on the Fourth of July
1989,25.929893493652344,1648,Bill & Ted's Excellent Adventure
1989,24.961624145507812,2756,The Abyss
1989,22.78766632080078,9618,Tango & Cash
1989,20.74799346923828,8913,Pet Sematary
1989,19.585800170898438,403,Driving Miss Daisy
1989,19.578248977661133,172,Star Trek V: The Final Frontier
1989,18.430419921875,639,When Harry Met Sally...
1989,16.102270126342773,9665,Glory
1989,15.580334663391113,925,Do the Right Thing
1989,12.90461540222168,10283,Friday the 13th Part VIII: Jason Takes Manhattan
1989,12.654050827026367,10160,A Nightmare on Elm Street 5: The Dream Child
1989,11.473159790039062,12150,Sea of Love
1989,11.196020126342773,4105,Black Rain
1989,10.869491577148438,1412,"Sex, Lies, and Videotape"
1989,9.927018165588379,5971,We're No Angels
1989,9.887661933898926,11342,Warlock
1989,8.008844375610352,11361,Halloween 5: The Revenge of Michael Myers
1989,7.559192180633545,9942,Major League
1989,6.684095859527588,9686,New York Stories
1989,6.4167799949646,21512,The Blood of Heroes
1989,6.216203212738037,10135,Road House
1989,4.641005992889404,10705,Henry V
1989,4.070044040679932,11959,UHF
1989,3.4550180435180664,22102,Troop Beverly Hills
1989,3.284903049468994,1779,Roger & Me
1989,1.7913310527801514,28165,The Toxic Avenger Part II
1941,7.70019006729126,43266,How Green Was My Valley
2011,138.43316650390625,61791,Rise of the Planet of the Apes
2011,135.41384887695312,1865,Pirates of the Caribbean: On Stranger Tides
2011,89.93829345703125,17578,The Adventures of Tintin
2011,86.49342346191406,10195,Thor
2011,81.49961853027344,58574,Sherlock Holmes: A Game of Shadows
2011,77.77477264404297,56292,Mission: Impossible - Ghost Protocol
2011,74.5062484741211,1771,Captain America: The First Avenger
2011,60.231380462646484,49530,In Time
2011,59.19887924194336,45612,Source Code
2011,58.0401496887207,45243,The Hangover Part II
2011,51.91502380371094,59440,Warrior
2011,51.872840881347656,44912,Green Lantern
2011,51.24732208251953,49444,Kung Fu Panda 2
2011,50.30984115600586,51540,Horrible Bosses
2011,49.98659133911133,49013,Cars 2
2011,49.294864654541016,64690,Drive
2011,49.19923400878906,44943,Battle: Los Angeles
2011,48.622276306152344,71676,Ghost Rider: Spirit of Vengeance
2011,47.651084899902344,65754,The Girl with the Dragon Tattoo
2011,46.200042724609375,46195,Rio
2011,46.180419921875,60308,Moneyball
2011,45.15165710449219,49730,Red Riding Hood
2011,44.09485626220703,27582,The Mechanic
2011,43.862457275390625,8967,The Tree of Life
2011,43.75358581542969,59436,Midnight in Paris
2011,43.45026779174805,46529,I Am Number Four
2011,43.151268005371094,39513,Paul
2011,42.19150924682617,50014,The Help
2011,40.9039306640625,65057,The Descendants
2011,40.68842697143555,76025,Shame
2011,40.526588439941406,50544,Friends with Benefits
2011,40.28509521484375,94329,The Raid
2011,39.12708282470703,23629,Sucker Punch
2011,38.820858001708984,39538,Contagion
2011,38.68882369995117,41630,No Strings Attached
2011,38.64391326904297,48138,Unknown
2011,38.629764556884766,74465,We Bought a Zoo
2011,38.55548095703125,55779,Final Destination 5
2011,37.99070358276367,50646,"Crazy, Stupid, Love."
2011,37.9170036315918,37958,Immortals
2011,37.195045471191406,39254,Real Steel
2011,37.069252014160156,37686,Super 8
2011,37.026649475097656,50546,Just Go with It
2011,36.743324279785156,59108,Tower Heist
2011,36.65422058105469,41513,The Smurfs
2011,36.605247497558594,52451,The Three Musketeers
2011,36.17359924316406,62215,Melancholia
2011,35.65850067138672,58233,Johnny English Reborn
2011,35.219261169433594,41446,Scream 4
2011,33.78596878051758,62835,Colombiana
2011,33.64965057373047,49517,Tinker Tailor Soldier Spy
2011,33.37282943725586,40807,50/50
2011,32.835777282714844,58224,Mr. Popper's Penguins
2011,32.31904220581055,44826,Hugo
2011,32.01547622680664,49520,The Change-Up
2011,31.7036075592041,40805,The Green Hornet
2011,31.191974639892578,50456,Hanna
2011,31.06687355041504,64685,Extremely Loud & Incredibly Close
2011,30.952377319335938,59678,Attack the Block
2011,30.387147903442383,47327,Drive Angry
2011,29.943315505981445,74643,The Artist
2011,29.913530349731445,44896,Rango
2011,29.505573272705078,57212,War Horse
2011,29.501489639282227,49021,Killer Elite
2011,29.158130645751953,72571,Paranormal Activity 3
2011,28.52960777282715,38356,Transformers: Dark of the Moon
2011,28.497241973876953,52449,Bad Teacher
2011,28.350927352905273,38321,Priest
2011,28.069419860839844,88794,J. Edgar
2011,27.4626407623291,38317,Zookeeper
2011,27.133277893066406,48231,A Dangerous Method
2011,27.115890502929688,48988,Hall Pass
2011,26.60771942138672,38050,The Adjustment Bureau
2011,26.259389877319336,50839,Margin Call
2011,26.257951736450195,70435,Haywire
2011,26.072227478027344,50348,The Lincoln Lawyer
2011,25.40269660949707,55420,Another Earth
2011,25.302160263061523,77949,The Awakening
2011,25.039382934570312,62206,30 Minutes or Less
2011,24.054061889648438,38117,Beastly
2011,23.473003387451172,55301,Alvin and the Chipmunks: Chipwrecked
2011,23.378400802612305,71688,The Iron Lady
2011,23.32882308959961,71469,The Darkest Hour
2011,22.132417678833008,71880,Jack and Jill
2011,21.825563430786133,60420,Like Crazy
2011,21.408222198486328,38319,Your Highness
2011,21.27686309814453,71859,We Need to Talk About Kevin
2011,21.258991241455078,74534,The Best Exotic Marigold Hotel
2011,21.21929168701172,62838,New Year's Eve
2011,21.006078720092773,75900,My Week with Marilyn
2011,20.82184600830078,70670,Headhunters
2011,20.678787231445312,417859,Puss in Boots
2011,20.4222469329834,86331,Desire
2011,20.355457305908203,59861,Larry Crowne
2011,20.317468643188477,10316,The Ides of March
2011,20.06316566467285,48340,Sanctum
2011,20.01143455505371,72113,Carnage
2011,19.893646240234375,59965,Abduction
2011,19.836830139160156,51052,Arthur Christmas
2011,19.807294845581055,64720,Take Shelter
2011,19.428993225097656,57431,The Sitter
2011,19.41114044189453,67913,The Guard
2011,19.267478942871094,69668,Dream House
2011,19.23467254638672,43959,Soul Surfer
2011,19.220788955688477,63492,What's Your Number?
2011,19.143720626831055,51162,Winnie the Pooh
2011,18.270830154418945,58151,Fright Night
2011,17.97188377380371,55465,A Very Harold & Kumar Christmas
2011,17.806081771850586,50837,Martha Marcy May Marlene
2011,17.773500442504883,65759,Happy Feet Two
2011,17.37556266784668,77459,A Monster in Paris
2011,17.23714256286621,59860,Monte Carlo
2011,17.107065200805664,55721,Bridesmaids
2011,17.04727554321289,64328,The Muppets
2011,17.02825164794922,50357,Apollo 18
2011,16.900432586669922,49010,Hobo with a Shotgun
2011,16.801218032836914,55787,Water for Elephants
2011,16.791057586669922,50359,Hop
2011,16.69831657409668,61891,Anonymous
2011,16.629173278808594,51828,One Day
2011,16.43617820739746,73567,Killer Joe
2011,16.183746337890625,57157,Young Adult
2011,15.901137351989746,38322,"Big Mommas: Like Father, Like Son"
2011,15.68843936920166,59968,Our Idiot Brother
2011,14.78807258605957,56288,Spy Kids: All the Time in the World
2011,14.780633926391602,44564,The Dilemma
2011,14.386807441711426,58428,The Innkeepers
2011,14.329891204833984,60307,Diary of a Wimpy Kid: Rodrick Rules
2011,14.038702964782715,71157,Polisse
2011,14.029011726379395,49022,Something Borrowed
2011,13.847871780395508,50780,The Beaver
2011,13.268936157226562,45610,Machine Gun Preacher
2011,13.222268104553223,50698,Grave Encounters
2011,12.833247184753418,84355,Your Sister's Sister
2011,12.781972885131836,89708,Samsara
2011,12.690223693847656,64678,The Art of Getting By
2011,12.516546249389648,76758,The Flowers of War
2011,12.36259937286377,50321,Mars Needs Moms
2011,12.317079544067383,38543,Ironclad
2011,12.203041076660156,74725,Kill List
2011,12.062371253967285,48572,Red State
2011,12.049372673034668,60243,A Separation
2011,11.882562637329102,38541,The Divide
2011,11.837066650390625,51588,Prom
2011,11.807269096374512,49950,The Roommate
2011,11.76656436920166,50725,Take Me Home Tonight
2011,11.666319847106934,92182,Silent House
2011,11.492473602294922,48171,The Rite
2011,10.787322044372559,73532,Le Havre
2011,10.694416999816895,57089,Hoodwinked Too! Hood VS. Evil
2011,10.617236137390137,43935,Dylan Dog: Dead of Night
2011,10.55941390991211,62630,The Devil's Double
2011,10.424595832824707,68684,Detention
2011,10.409154891967773,82532,"Jeff, Who Lives at Home"
2011,10.254807472229004,52067,Cedar Rapids
2011,9.93392562866211,67675,Glee: The Concert Movie
2011,9.419726371765137,73937,The Big Year
2011,9.249229431152344,70006,Never Back Down 2: The Beatdown
2011,9.136964797973633,77495,Sleep Tight
2011,8.63082504272461,70868,I Don't Know How She Does It
2011,8.518865585327148,49020,Submarine
2011,8.363701820373535,65055,Shark Night
2011,8.307229995727539,81390,A Lonely Place to Die
2011,7.802245140075684,73873,Albert Nobbs
2011,7.701186180114746,74536,The Son of No One
2011,7.5547990798950195,101173,Coriolanus
2011,7.47345495223999,64639,Straw Dogs
2011,7.255718231201172,51497,Fast Five
2011,6.735921859741211,54518,Justin Bieber: Never Say Never
2011,6.668679237365723,45054,There Be Dragons
2011,6.638390064239502,62837,Dolphin Tale
2011,6.328664779663086,74777,Absentia
2011,6.1923828125,86812,Sound of My Voice
2011,5.974155902862549,91070,L!fe Happens
2011,5.961119174957275,72213,Courageous
2011,5.727602005004883,50601,5 Days of War
2011,5.4994120597839355,66125,Red Dog
2011,5.498834133148193,74510,Kevin Hart: Laugh at My Pain
2011,5.223095893859863,68818,Blackthorn
2011,5.0606560707092285,78381,Twixt
2011,4.957014083862305,58626,The Hit List
2011,4.89842414855957,44754,Margaret
2011,4.492455005645752,57119,Jumping the Broom
2011,4.267466068267822,79777,In the Land of Blood and Honey
2011,4.123532772064209,55720,A Better Life
2011,4.065211772918701,76349,1911
2011,3.9190568923950195,67911,Bucky Larson: Born to Be a Star
2011,3.6533050537109375,51995,Salvation Boulevard
2011,3.637856960296631,98568,Enter Nowhere
2011,3.5459909439086914,86304,All Superheroes Must Die
2011,3.2384660243988037,60422,Another Happy Day
2011,3.195173978805542,49538,X-Men: First Class
2011,2.873795986175537,66767,Beat the World
2011,2.733725070953369,80468,Some Guy Who Kills People
2011,2.3423900604248047,60421,Circumstance
2011,2.26031494140625,58882,Snow Flower and the Secret Fan
2011,1.8977609872817993,75033,Winnie Mandela
2011,1.8622100353240967,83860,October Baby
2011,1.4194309711456299,86549,August
2011,1.3651399612426758,107315,Below Zero
2011,1.3508800268173218,66942,Griff the Invisible
2011,1.0412540435791016,79120,Weekend
2011,1.0025850534439087,98549,The Legend of Hell's Gate: An American Conspiracy
2011,0.8389570116996765,85860,The FP
2011,0.7386519908905029,173931,Legend of a Rabbit
2011,0.6924970149993896,58492,The Greatest Movie Ever Sold
2011,0.6425520181655884,72766,Newlyweds
2011,0.6162829995155334,54897,The Grace Card
2011,0.5007529854774475,61038,Go for It!
2011,0.4147540032863617,66025,Mooz-lum
2011,0.2807599902153015,68202,Without Men
2011,0.21546399593353271,59728,The 5th Quarter
2011,0.19726400077342987,74457,Redemption Road
2011,0.17735600471496582,66607,Saving Private Perez
2011,0.16590900719165802,46256,The Lion of Judah
2011,0.16077899932861328,228550,Raymond Did It
2011,0.1536249965429306,96534,My Last Day Without You
2011,0.10200300067663193,78814,We Have Your Husband
2011,0.09791299700737,89750,"Pink Ribbons, Inc."
2011,0.07581699639558792,63006,Dum Maaro Dum
2011,0.007253999821841717,146882,Elza
1939,67.41754150390625,630,The Wizard of Oz
1939,48.98255157470703,770,Gone with the Wind
1939,12.262399673461914,3083,Mr. Smith Goes to Washington
1958,16.5535945892334,261,Cat on a Hot Tin Roof
1957,59.25920486450195,389,12 Angry Men
1957,23.10995864868164,826,The Bridge on the River Kwai
1991,101.74154663085938,280,Terminator 2: Judgment Day
1991,37.17954635620117,2907,The Addams Family
1991,33.64840316772461,879,Hook
1991,28.803728103637695,8367,Robin Hood: Prince of Thieves
1991,27.71404266357422,1598,Cape Fear
1991,27.33255958557129,37137,The Naked Gun 2½: The Smell of Fear
1991,26.820409774780273,820,JFK
1991,20.935169219970703,4032,My Girl
1991,18.1748046875,274,The Silence of the Lambs
1991,17.705671310424805,650,Boyz n the Hood
1991,16.856231689453125,11284,Freddy's Dead: The Final Nightmare
1991,16.803457260131836,9292,Hudson Hawk
1991,16.18857192993164,174,Star Trek VI: The Undiscovered Country
1991,16.14657211303711,177,The Fisher King
1991,15.50513744354248,1497,Teenage Mutant Ninja Turtles II: The Secret of the Ooze
1991,13.137240409851074,12227,White Fang
1991,12.869436264038086,2453,Harley Davidson and the Marlboro Man
1991,11.349663734436035,1649,Bill & Ted's Bogus Journey
1991,10.794175148010254,10537,The Doors
1991,10.484642028808594,9594,Double Impact
1991,10.363641738891602,468,My Own Private Idaho
1991,9.705589294433594,13888,Return to the Blue Lagoon
1991,8.40385913848877,13154,Showdown in Little Tokyo
1991,6.81728982925415,18886,Flight of the Intruder
1991,3.845231056213379,10333,The Prince of Tides
1991,3.6735661029815674,16096,House Party 2
1991,3.623002052307129,21338,Stone Cold
1991,1.47850501537323,27549,Beastmaster 2: Through the Portal of Time
1991,1.35481595993042,45145,Johnny Suede
1991,0.16151699423789978,94072,Straight Out of Brooklyn
1993,104.46935272216797,424,Schindler's List
1993,54.88429641723633,5503,The Fugitive
1993,52.74433135986328,137,Groundhog Day
1993,44.3017463684082,9800,Philadelphia
1993,40.41319274902344,329,Jurassic Park
1993,35.268558502197266,319,True Romance
1993,33.28279495239258,1587,What's Eating Gilbert Grape
1993,32.044189453125,9593,Last Action Hero
1993,30.88453483581543,788,Mrs. Doubtfire
1993,30.537845611572266,11969,Tombstone
1993,26.19908905029297,9350,Cliffhanger
1993,26.181753158569336,9571,Dazed and Confused
1993,23.736534118652344,37233,The Firm
1993,22.409116744995117,864,Cool Runnings
1993,18.650747299194336,10439,Hocus Pocus
1993,17.923254013061523,9944,The Pelican Brief
1993,17.68170738220215,713,The Piano
1993,15.355588912963867,1245,The Remains of the Day
1993,14.72546672821045,5550,RoboCop 3
1993,14.587367057800293,9607,Super Mario Bros.
1993,14.488510131835938,7305,Alive
1993,12.96332836151123,9644,National Lampoon's Loaded Weapon 1
1993,11.689336776733398,10413,Nowhere to Run
1993,10.341981887817383,10285,Jason Goes to Hell: The Final Friday
1993,10.207064628601074,1499,Teenage Mutant Ninja Turtles III
1993,10.193770408630371,11971,Much Ado About Nothing
1993,9.133747100830078,10436,The Age of Innocence
1993,9.122827529907227,9702,Bound by Honor
1993,8.893675804138184,11687,The Visitors
1993,8.001155853271484,13064,Airborne
1993,7.921310901641846,15765,What's Love Got to Do with It
1993,7.502933979034424,28260,Return of the Living Dead 3
1993,5.817519187927246,507,Killing Zoe
1993,5.609755039215088,10445,Shadowlands
1993,5.5290350914001465,10655,Gettysburg
1993,5.411242961883545,15797,Only the Strong
1993,4.850401878356934,2088,Romeo Is Bleeding
1993,3.6508569717407227,8291,Poetic Justice
1993,3.4188709259033203,9516,Menace II Society
1993,3.1071488857269287,24126,Warlock: The Armageddon
1993,2.9308528900146484,13889,Madadayo
1993,2.4391839504241943,26672,The Thief and the Cobbler
1993,2.1636829376220703,34723,The Adventures of Huck Finn
1993,1.2791060209274292,24227,Excessive Force
1993,0.5942400097846985,47889,Ruby in Paradise
1993,0.06822799891233444,73191,The Nutcracker
1993,0.02343600057065487,44562,Ed and His Dead Mother
1949,8.535178184509277,13909,She Wore a Yellow Ribbon
1949,3.8510000705718994,18712,Sands of Iwo Jima
1930,8.484123229980469,22301,Hell's Angels
1996,75.29100036621094,954,Mission: Impossible
1996,64.18167114257812,755,From Dusk Till Dawn
1996,63.51332473754883,627,Trainspotting
1996,60.44259262084961,602,Independence Day
1996,51.46957778930664,9802,The Rock
1996,46.72793960571289,10545,The Hunchback of Notre Dame
1996,45.99610900878906,4232,Scream
1996,44.09053421020508,75,Mars Attacks!
1996,41.4930419921875,454,Romeo + Juliet
1996,36.12571334838867,2300,Space Jam
1996,32.079994201660156,664,Twister
1996,31.79197883605957,8840,DragonHeart
1996,29.381877899169922,409,The English Patient
1996,27.039636611938477,9390,Jerry Maguire
1996,26.59888458251953,9614,Happy Gilmore
1996,25.671300888061523,199,Star Trek: First Contact
1996,25.219804763793945,1645,A Time to Kill
1996,24.507986068725586,9268,Eraser
1996,22.769107818603516,9208,Broken Arrow
1996,22.501041412353516,9279,Jingle All the Way
1996,21.63723373413086,10061,Escape from L.A.
1996,20.588619232177734,12123,Chain Reaction
1996,20.281190872192383,9327,The Nutty Professor
1996,19.525659561157227,9894,The Cable Guy
1996,19.51723861694336,9100,The Craft
1996,17.329269409179688,11543,Kingpin
1996,17.231674194335938,2320,Executive Decision
1996,16.6812686920166,11228,Daylight
1996,16.411344528198242,3595,Ransom
1996,16.245067596435547,819,Sleepers
1996,15.85862922668457,11412,The Long Kiss Goodnight
1996,15.359951972961426,9303,Bound
1996,15.039406776428223,9294,Phenomenon
1996,14.885388374328613,9591,That Thing You Do!
1996,14.805264472961426,12498,Sling Blade
1996,13.971673965454102,10218,Swingers
1996,13.210898399353027,9306,The Island of Dr. Moreau
1996,12.971121788024902,10684,Courage Under Fire
1996,12.606289863586426,3179,Beavis and Butt-Head Do America
1996,12.465250015258789,10586,The Ghost and the Darkness
1996,12.379780769348145,9716,Everyone Says I Love You
1996,11.700577735900879,13685,Bottle Rocket
1996,11.238521575927734,10535,Spy Hard
1996,11.120344161987305,9304,Multiplicity
1996,11.106005668640137,9879,Striptease
1996,10.731574058532715,10478,Tin Cup
1996,10.704595565795898,2925,The First Wives Club
1996,10.396305084228516,7863,Shine
1996,10.115011215209961,10861,Maximum Risk
1996,10.047578811645508,10534,White Squall
1996,9.81478500366211,10549,Hamlet
1996,9.025236129760742,9826,The Phantom
1996,8.406024932861328,11363,She's the One
1996,8.314623832702637,1770,Michael Collins
1996,8.102925300598145,31908,Ghosts of Mississippi
1996,7.9467692375183105,40001,Mrs. Winterbourne
1996,7.8669610023498535,10280,Thinner
1996,7.027139186859131,8818,Evita
1996,6.718496799468994,18975,The Adventures of Pinocchio
1996,6.717994213104248,9400,Set It Off
1996,6.250281810760498,9625,The Glimmer Man
1996,6.130230903625488,9819,Marvin's Room
1996,6.067212104797363,9095,Mary Reilly
1996,5.960148811340332,26748,Lone Star
1996,5.50032377243042,2074,Flirting with Disaster
1996,5.417787075042725,9099,Sgt. Bilko
1996,5.380733013153076,22479,Kansas City
1996,4.801848888397217,9302,Up Close & Personal
1996,4.682880878448486,11229,Freeway
1996,4.630929946899414,38223,Harriet the Spy
1996,4.623058795928955,49471,Get on the Bus
1996,4.475007057189941,36355,Flipper
1996,4.366487979888916,9566,The Fan
1996,4.348415851593018,16448,Waiting for Guffman
1996,3.996392011642456,17182,Eye for an Eye
1996,3.937938928604126,28005,Kama Sutra - A Tale of Love
1996,3.937351942062378,9623,The Juror
1996,3.844926118850708,25189,The Mirror Has Two Faces
1996,3.636634111404419,549,Basquiat
1996,3.6218369007110596,11062,City Hall
1996,3.443916082382202,27845,Trees Lounge
1996,3.4265549182891846,11306,Extreme Measures
1996,3.3794538974761963,3587,Bogus
1996,2.99393892288208,61752,Girl 6
1996,2.950618028640747,21612,The Funeral
1996,2.809377908706665,17795,My Fellow Americans
1996,2.772550106048584,18550,Fled
1996,2.6090569496154785,24206,Silent Trigger
1996,2.3886830806732178,8744,Albino Alligator
1996,2.1494688987731934,23570,The Pallbearer
1996,2.0882511138916016,28121,A Thin Line Between Love and Hate
1996,1.6473350524902344,47502,Faithful
1996,1.4920560121536255,31640,Blood and Wine
1996,1.4103870391845703,11956,When the Cat's Away
1996,0.6193479895591736,76996,Love and Other Catastrophes
1996,0.3673120141029358,49963,Walking and Talking
1996,0.14403100311756134,5900,The Dress
1959,39.309818267822266,239,Some Like It Hot
1959,3.2815089225769043,27029,The Nun's Story
1959,0.8356170058250427,29996,Solomon and Sheba
1994,138.13333129882812,13,Forrest Gump
1994,136.7477264404297,278,The Shawshank Redemption
1994,121.46307373046875,680,Pulp Fiction
1994,90.4578857421875,8587,The Lion King
1994,85.30317687988281,854,The Mask
1994,50.16378402709961,628,Interview with the Vampire
1994,49.526737213134766,1637,Speed
1994,44.69010543823242,9495,The Crow
1994,41.24900436401367,3049,Ace Ventura: Pet Detective
1994,38.72941970825195,36955,True Lies
1994,35.77706527709961,8467,Dumb and Dumber
1994,29.834064483642578,712,Four Weddings and a Funeral
1994,28.964162826538086,888,The Flintstones
1994,28.624038696289062,36593,The Naked Gun 33⅓: The Final Insult
1994,26.952726364135742,4476,Legends of the Fall
1994,24.548633575439453,522,Ed Wood
1994,21.312185287475586,11212,Baby's Day Out
1994,20.333953857421875,306,Beverly Hills Cop III
1994,19.7486572265625,2292,Clerks
1994,19.28609848022461,11667,Street Fighter
1994,18.83247184753418,9331,Clear and Present Danger
1994,17.746719360351562,10731,The Client
1994,16.58270835876465,2636,The Specialist
1994,16.418638229370117,9587,Little Women
1994,16.234052658081055,11395,The Santa Clause
1994,15.064058303833008,8984,Disclosure
1994,15.046611785888672,12207,The Legend of Drunken Master
1994,14.779041290283203,193,Star Trek: Generations
1994,14.730795860290527,11596,New Nightmare
1994,14.398356437683105,11011,Ri¢hie Ri¢h
1994,14.188982009887695,11934,The Hudsucker Proxy
1994,13.859307289123535,12160,Wyatt Earp
1994,13.758525848388672,10395,Wolf
1994,13.308127403259277,8831,Timecop
1994,12.362875938415527,8987,The River Wild
1994,11.946898460388184,11546,Police Academy: Mission to Moscow
1994,9.188430786132812,14275,Hoop Dreams
1994,9.114168167114258,9624,On Deadly Ground
1994,8.870614051818848,1909,Don Juan DeMarco
1994,8.753409385681152,1024,Heavenly Creatures
1994,8.738737106323242,14425,PCU
1994,8.178202629089355,8850,The Shadow
1994,7.964450836181641,8011,Highlander: The Final Dimension
1994,7.8292951583862305,11382,Bullets Over Broadway
1994,6.170138835906982,11592,Serial Mom
1994,5.446832180023193,20156,Exotica
1994,4.516952991485596,11858,Renaissance Man
1994,3.5819060802459717,10448,Rapa Nui
1994,3.2906389236450195,26352,A Low Down Dirty Shame
1994,2.645721912384033,18885,3 Ninjas Kick Back
1994,2.58080792427063,39349,Sugar Hill
1994,1.8921799659729004,34152,Crooklyn
1994,1.7347639799118042,38940,Men of War
1994,0.269661009311676,59930,The Inkwell
1994,0.03707300126552582,88641,There Goes My Baby
1963,41.29872131347656,657,From Russia with Love
1963,35.061466217041016,5925,The Great Escape
1963,14.56299114227295,11576,"It's a Mad, Mad, Mad, Mad World"
1963,13.244364738464355,8095,Cleopatra
1963,6.829189777374268,24748,Hud
1963,3.3210949897766113,27759,55 Days at Peking
1963,2.8331658840179443,5769,Tom Jones
1963,1.8972630500793457,15875,Donovan's Reef
1932,1.199450969696045,22649,A Farewell to Arms
1946,42.86849594116211,1585,It's a Wonderful Life
1946,8.38716983795166,887,The Best Years of Our Lives
1946,7.604450225830078,32275,Duel in the Sun
2004,95.91447448730469,2048,"I, Robot"
2004,79.67960357666016,673,Harry Potter and the Prisoner of Azkaban
2004,77.81757354736328,9806,The Incredibles
2004,76.84071350097656,163,Ocean's Twelve
2004,73.30751037597656,1954,The Butterfly Effect
2004,70.45600891113281,70,Million Dollar Baby
2004,66.80314636230469,652,Troy
2004,63.65597152709961,176,Saw
2004,61.43758773803711,1824,50 First Dates
2004,58.8492546081543,2059,National Treasure
2004,57.75391387939453,594,The Terminal
2004,56.48148727416992,38,Eternal Sunshine of the Spotless Mind
2004,55.10913848876953,11036,The Notebook
2004,53.213932037353516,2502,The Bourne Supremacy
2004,50.62260818481445,393,Kill Bill: Vol. 2
2004,49.66005325317383,36648,Blade: Trinity
2004,49.549983978271484,4935,Howl's Moving Castle
2004,49.12485885620117,747,Shaun of the Dead
2004,47.47975540161133,1487,Hellboy
2004,47.32322692871094,5255,The Polar Express
2004,47.32080078125,809,Shrek 2
2004,47.09436798095703,10555,Shark Tale
2004,45.61609649658203,2567,The Aviator
2004,45.29908752441406,9509,Man on Fire
2004,44.81502151489258,1538,Collateral
2004,44.5294303894043,924,Dawn of the Dead
2004,42.95721435546875,395,AVP: Alien vs. Predator
2004,41.569541931152344,10096,13 Going on 30
2004,41.38009262084961,435,The Day After Tomorrow
2004,41.15621566772461,9472,DodgeBall: A True Underdog Story
2004,39.784027099609375,10591,The Girl Next Door
2004,39.019229888916016,1966,Alexander
2004,38.171417236328125,615,The Passion of the Christ
2004,36.4237174987793,10625,Mean Girls
2004,35.69544219970703,1970,The Grudge
2004,35.25205612182617,4553,The Machinist
2004,35.14958572387695,558,Spider-Man 2
2004,35.099609375,7220,The Punisher
2004,34.16044616699219,866,Finding Neverland
2004,33.23829650878906,5966,Along Came Polly
2004,32.90841293334961,1586,Secret Window
2004,32.82953643798828,693,Meet the Fockers
2004,32.44589614868164,613,Downfall
2004,32.27193832397461,314,Catwoman
2004,30.583959579467773,401,Garden State
2004,30.002906799316406,11130,The Princess Diaries 2: Royal Engagement
2004,29.8801212310791,1577,Resident Evil: Apocalypse
2004,29.342744827270508,8699,Anchorman: The Legend of Ron Burgundy
2004,28.84884262084961,9384,Starsky & Hutch
2004,28.803802490234375,9801,Bridget Jones: The Edge of Reason
2004,28.703006744384766,12153,White Chicks
2004,28.605419158935547,205,Hotel Rwanda
2004,28.223163604736328,1640,Crash
2004,27.87075424194336,11836,The SpongeBob SquarePants Movie
2004,27.83543586730957,2789,The Chronicles of Riddick
2004,27.491891860961914,6947,The Village
2004,26.509174346923828,3989,Team America: World Police
2004,25.848003387451172,9352,EuroTrip
2004,25.281320571899414,11247,A Cinderella Story
2004,25.23796844482422,421,The Life Aquatic with Steve Zissou
2004,24.664775848388672,5137,Sky Captain and the World of Tomorrow
2004,24.45994758605957,9759,Cellular
2004,24.003400802612305,4836,Layer Cake
2004,23.666229248046875,5516,The Ladykillers
2004,23.603513717651367,8193,Napoleon Dynamite
2004,23.438398361206055,11358,Walking Tall
2004,23.425430297851562,9675,Sideways
2004,23.30794906616211,14337,Primer
2004,23.05451011657715,2841,A Very Long Engagement
2004,22.715919494628906,14442,Ella Enchanted
2004,22.644275665283203,11024,Scooby-Doo 2: Monsters Unleashed
2004,22.643775939941406,10204,Around the World in 80 Days
2004,22.63690757751465,2288,Closer
2004,21.74332046508789,1677,Ray
2004,21.3942813873291,14462,The Manchurian Candidate
2004,21.0640811920166,9550,House of Flying Daggers
2004,20.982454299926758,5528,The Chorus
2004,20.37430763244629,11866,Flight of the Phoenix
2004,19.625972747802734,13700,Home on the Range
2004,19.224754333496094,9890,The Stepford Wives
2004,18.92746353149414,9833,The Phantom of the Opera
2004,18.514291763305664,11282,Harold & Kumar Go to White Castle
2004,17.943944931030273,11137,The Prince & Me
2004,17.66782569885254,8920,Garfield
2004,17.49373435974121,10045,District B13
2004,17.363739013671875,1913,The Sea Inside
2004,17.19365882873535,16617,Mindhunters
2004,16.759252548217773,2023,Hidalgo
2004,16.73673439025879,11823,Wimbledon
2004,16.209850311279297,1777,Fahrenheit 9/11
2004,15.761384010314941,11026,Exorcist: The Beginning
2004,15.611857414245605,83,Open Water
2004,15.376391410827637,1901,In Good Company
2004,15.219263076782227,8849,Alfie
2004,14.925633430480957,1599,I Heart Huckabees
2004,14.799323081970215,80,Before Sunset
2004,14.729386329650879,2122,The Whole Ten Yards
2004,14.699341773986816,9541,Jersey Girl
2004,14.23189926147461,4380,Shall We Dance?
2004,14.209328651428223,2539,Spanglish
2004,14.113065719604492,10589,After the Sunset
2004,13.658985137939453,9470,Kung Fu Hustle
2004,13.298205375671387,4599,Raising Helen
2004,12.818441390991211,12877,Dead Man's Shoes
2004,12.664787292480469,844,2046
2004,12.653830528259277,11249,Seed of Chucky
2004,12.540623664855957,3040,Night Watch
2004,12.467267036437988,11162,The Merchant of Venice
2004,12.150871276855469,57825,Bride & Prejudice
2004,12.102350234985352,11058,Godsend
2004,10.999910354614258,11128,Ladder 49
2004,10.925618171691895,17047,Agent Cody Banks 2: Destination London
2004,10.907099723815918,14024,Raise Your Voice
2004,10.660441398620605,10733,The Alamo
2004,10.400603294372559,9372,Super Size Me
2004,10.040300369262695,11025,New York Minute
2004,9.855474472045898,11237,Anacondas: The Hunt for the Blood Orchid
2004,9.851229667663574,13193,Saved!
2004,9.84277057647705,10710,Envy
2004,9.572705268859863,11658,Tae Guk Gi: The Brotherhood of War
2004,9.40040397644043,12657,Soul Plane
2004,9.301562309265137,11208,Wicker Park
2004,9.2787504196167,14623,Thunderbirds
2004,9.225166320800781,13673,Christmas with the Kranks
2004,9.149088859558105,15644,Paparazzi
2004,9.12980842590332,8953,Steamboy
2004,9.085481643676758,16358,Eulogy
2004,8.884318351745605,1997,Two Brothers
2004,8.715822219848633,8080,Suspect Zero
2004,8.58439826965332,10762,Without a Paddle
2004,8.51920223236084,12281,Mean Creek
2004,7.701041221618652,13476,Win a Date with Tad Hamilton!
2004,7.698074817657471,10740,Birth
2004,7.588596820831299,7548,The Libertine
2004,7.534002780914307,14292,Miracle
2004,7.424798011779785,11132,Confessions of a Teenage Drama Queen
2004,7.360793113708496,10718,Torque
2004,7.288352012634277,8357,What the #$*! Do We (K)now!?
2004,7.15763521194458,15045,Fat Albert
2004,6.904734134674072,16428,Breakin' All the Rules
2004,6.799314022064209,11184,Kinsey
2004,6.769800186157227,26486,The Last Shot
2004,6.6181488037109375,11632,Vanity Fair
2004,6.501814842224121,21301,Barbershop 2:  Back in Business
2004,6.397387981414795,12634,The Big Bounce
2004,6.396935939788818,540,D.E.B.S.
2004,6.246199131011963,14846,Little Black Book
2004,6.201404094696045,11141,Laws of Attraction
2004,6.138213157653809,6478,Beyond the Sea
2004,6.102663040161133,15673,Connie and Carla
2004,5.886228084564209,31117,Superbabies: Baby Geniuses 2
2004,5.842298984527588,9893,Sleepover
2004,5.742359161376953,1424,November
2004,5.4835309982299805,18923,A Home at the End of the World
2004,4.980585098266602,25786,Samantha: An American Girl Holiday
2004,4.922397136688232,12612,Freeze Frame
2004,4.6236090660095215,19084,Johnson Family Vacation
2004,4.49285888671875,20483,Catch That Kid
2004,4.480166912078857,26710,My Baby's Daddy
2004,4.321249008178711,464,As It Is in Heaven
2004,4.131917953491211,11109,Vera Drake
2004,4.120549201965332,5494,George and the Dragon
2004,3.9397530555725098,9709,My Summer of Love
2004,3.911444902420044,12109,It's All Gone Pete Tong
2004,3.8045969009399414,14114,You Got Served
2004,3.789484977722168,11588,The I Inside
2004,3.721858024597168,4251,Veer-Zaara
2004,3.4121620655059814,12703,The Brown Bunny
2004,3.3620450496673584,14844,Chasing Liberty
2004,3.314094066619873,16784,Welcome to Mooseport
2004,3.138118028640747,15237,De-Lovely
2004,3.1207470893859863,342,Summer Storm
2004,3.113189935684204,8981,Dear Frankie
2004,3.05433988571167,18442,Decoys
2004,3.0278921127319336,436,Maria Full of Grace
2004,2.897449016571045,24747,Bobby Jones: Stroke of Genius
2004,2.852829933166504,25350,Imaginary Heroes
2004,2.850895881652832,16232,Mr. 3000
2004,2.817363977432251,8842,Against the Ropes
2004,2.6208200454711914,11217,Club Dread
2004,2.487255096435547,19316,Saving Face
2004,1.9855519533157349,25379,The Blue Butterfly
2004,1.94663405418396,18701,Being Julia
2004,1.6884950399398804,25248,Saint Ralph
2004,1.4645659923553467,39851,Clean
2004,1.4521520137786865,48463,Incident at Loch Ness
2004,1.3744089603424072,24034,Teacher's Pet
2004,1.0773210525512695,54702,Malevolence
2004,0.8959460258483887,291,Riding Giants
2004,0.8305960297584534,18475,The Cookout
2004,0.6848809719085693,44413,The Holy Girl
2004,0.5716630220413208,36046,The Work and the Glory
2004,0.5156769752502441,45881,The Bridge of San Luis Rey
2004,0.49322301149368286,78307,On the Outs
2004,0.23129700124263763,157909,Show Me
2004,0.2197989970445633,71547,Fascination
2004,0.18094000220298767,34099,Brave New Girl
2004,0.0925619974732399,126141,The Case of the Grinning Cat
2004,0.03870600089430809,78705,Live-In Maid
2004,0.030253000557422638,62402,Guiana 1838
2004,0.029757000505924225,182291,On The Downlow
2004,0.023680999875068665,37694,Proud
2004,0.01998399943113327,44634,Woman Thou Art Loosed
2004,0.004997999873012304,194588,Short Cut to Nirvana: Kumbh Mela
1929,1.8241839408874512,905,Pandora's Box
1929,0.9688649773597717,65203,The Broadway Melody
1927,32.35152816772461,19,Metropolis
1970,24.393295288085938,1685,Beneath the Planet of the Apes
1970,21.933822631835938,11202,Patton
1970,9.795985221862793,11165,Tora! Tora! Tora!
1970,8.42929458618164,8416,The Conformist
1970,4.5043768882751465,10364,Catch-22
1970,4.289002895355225,5722,Beyond the Valley of the Dolls
1970,3.409764051437378,9459,Woodstock
1970,2.67653489112854,23330,The Ballad of Cable Hogue
1970,1.8947490453720093,33157,Waterloo
1970,1.3969850540161133,42345,The Molly Maguires
1970,1.0791250467300415,59917,Cotton Comes to Harlem
1970,0.8168830275535583,42586,Darling Lili
1947,8.055084228515625,3766,The Lady from Shanghai
1947,5.38153600692749,33667,Gentleman's Agreement
1947,0.04244200140237808,56930,Tycoon
1966,88.3770751953125,429,"The Good, the Bad and the Ugly"
1966,9.815394401550293,2661,Batman
1966,9.541687965393066,874,A Man for All Seasons
1966,8.90210247039795,17768,A Funny Thing Happened on the Way to the Forum
1966,7.924982070922852,5780,Torn Curtain
1966,2.9389729499816895,26268,Harper
1973,47.58464431762695,9552,The Exorcist
1973,30.465137481689453,253,Live and Let Die
1973,28.500913619995117,9277,The Sting
1973,19.326114654541016,838,American Graffiti
1973,19.127239227294922,11901,High Plains Drifter
1973,17.00209617614746,203,Mean Streets
1973,13.315382957458496,1705,Battle for the Planet of the Apes
1973,10.664201736450195,11561,Sleeper
1973,4.495255947113037,11577,Pat Garrett & Billy the Kid
1961,23.431116104125977,1725,West Side Story
1961,17.63947868347168,990,The Hustler
1961,13.338539123535156,821,Judgment at Nuremberg
1961,3.370224952697754,248,Pocketful of Miracles
1961,2.930058002471924,11536,The Misfits
1956,5.224593162536621,10339,Moby Dick
1956,1.4442579746246338,39833,Love Me Tender
1956,1.3793540000915527,40494,Trapeze
1925,0.7857440114021301,3060,The Big Parade
1987,50.00940704345703,106,Predator
1987,44.53361129760742,2493,The Princess Bride
1987,39.89079666137695,957,Spaceballs
1987,38.27288818359375,117,The Untouchables
1987,35.674774169921875,765,Evil Dead II
1987,30.131498336791992,865,The Running Man
1987,25.284360885620117,96,Beverly Hills Cop II
1987,24.8986873626709,10673,Wall Street
1987,24.75090980529785,1547,The Lost Boys
1987,23.331459045410156,708,The Living Daylights
1987,22.583833694458008,9003,Hellraiser
1987,21.189027786254883,746,The Last Emperor
1987,18.362333297729492,801,"Good Morning, Vietnam"
1987,17.304054260253906,10072,A Nightmare on Elm Street 3: Dream Warriors
1987,17.062116622924805,11411,Superman IV: The Quest for Peace
1987,16.742971420288086,10998,Fatal Attraction
1987,12.777008056640625,580,Jaws: The Revenge
1987,12.335826873779297,12154,Three Men and a Baby
1987,11.552247047424316,26371,Maurice
1987,10.729884147644043,16288,Creepshow 2
1987,7.612849235534668,30890,Radio Days
1987,6.863019943237305,19933,The Brave Little Toaster
1987,6.8470988273620605,16620,La Bamba
1987,5.061107158660889,25678,American Ninja 2: The Confrontation
1987,4.103764057159424,15582,Teen Wolf Too
1987,3.7357230186462402,12506,Cry Freedom
1987,2.410546064376831,12704,Ishtar
1987,2.353482961654663,34101,Hollywood Shuffle
1987,1.631993055343628,27551,The Barbarians
1987,1.6101319789886475,27342,Malone
1987,1.2200720310211182,39895,From a Whisper to a Scream
1980,78.69998931884766,694,The Shining
1980,78.51782989501953,1891,The Empire Strikes Back
1980,46.116886138916016,813,Airplane!
1980,44.714263916015625,525,The Blues Brothers
1980,35.52445602416992,1578,Raging Bull
1980,30.515174865722656,8536,Superman II
1980,30.271066665649414,1955,The Elephant Man
1980,22.585384368896484,5689,The Blue Lagoon
1980,15.929648399353027,11977,Caddyshack
1980,14.518597602844238,790,The Fog
1980,12.541982650756836,16619,Ordinary People
1980,12.343506813049316,3604,Flash Gordon
1980,12.188380241394043,10765,Private Benjamin
1980,11.208768844604492,11033,Dressed to Kill
1980,6.57428503036499,40932,Can't Stop the Music
1980,5.934016227722168,16633,Somewhere in Time
1980,5.380124092102051,10935,Heaven's Gate
1980,3.8266849517822266,16769,Coal Miner's Daughter
1980,2.9595470428466797,14729,The Long Riders
1980,2.1411430835723877,33155,Galaxina
1980,1.6305409669876099,24575,Raise the Titanic
1980,0.6793509721755981,39269,Out of the Blue
1986,67.66094207763672,679,Aliens
1986,58.9006462097168,744,Top Gun
1986,51.10927963256836,235,Stand by Me
1986,49.802913665771484,792,Platoon
1986,29.79639434814453,6978,Big Trouble in Little China
1986,29.253833770751953,8009,Highlander
1986,22.2584285736084,168,Star Trek IV: The Voyage Home
1986,17.33930015563965,11873,The Color of Money
1986,16.072465896606445,9671,Crocodile Dundee
1986,15.262129783630371,10136,The Golden Child
1986,12.313142776489258,10068,Nine 1/2 Weeks
1986,12.243886947631836,10013,Peggy Sue Got Married
1986,12.113235473632812,10776,Little Shop of Horrors
1986,11.374305725097656,10658,Howard the Duck
1986,11.158166885375977,10225,Friday the 13th Part VI: Jason Lives
1986,10.4764404296875,10017,The Wraith
1986,9.617776870727539,16337,The Texas Chainsaw Massacre 2
1986,8.190888404846191,24913,April Fool's Day
1986,7.51943302154541,9930,Legal Eagles
1986,7.151154041290283,17994,Witchboard
1986,6.722212791442871,27995,She's Gotta Have It
1986,6.46380615234375,21309,River's Edge
1986,5.484679222106934,13853,The Clan of the Cave Bear
1986,4.234269142150879,31909,Invaders from Mars
1986,3.819796085357666,6106,Salvador
1986,0.13856400549411774,58048,Shanghai Surprise
1948,5.344814777374268,3089,Red River
1948,0.9052199721336365,35032,The Pirate
1948,0.18640099465847015,51130,Open Secret
2016,514.5699462890625,293660,Deadpool
2016,198.3723907470703,271110,Captain America: Civil War
2016,155.7904510498047,209112,Batman v Superman: Dawn of Justice
2016,139.2720489501953,246655,X-Men: Apocalypse
2016,94.1993179321289,278927,The Jungle Book
2016,90.23792266845703,297761,Suicide Squad
2016,86.1056137084961,262504,Allegiant
2016,68.79467010498047,259693,The Conjuring 2
2016,66.24273681640625,223702,Sausage Party
2016,66.21806335449219,43074,Ghostbusters
2016,65.35291290283203,188927,Star Trek Beyond
2016,63.148529052734375,68735,Warcraft
2016,62.93389892578125,328387,Nerve
2016,62.64128494262695,324668,Jason Bourne
2016,61.84952163696289,267860,London Has Fallen
2016,60.829620361328125,332567,The Shallows
2016,60.46798324584961,290595,The Huntsman: Winter's War
2016,57.88996505737305,299687,The 5th Wave
2016,56.805782318115234,291870,Dirty Grandpa
2016,56.74797821044922,140300,Kung Fu Panda 3
2016,56.268917083740234,241259,Alice Through the Looking Glass
2016,56.25724792480469,205584,Gods of Egypt
2016,53.72714614868164,316727,The Purge: Election Year
2016,53.69868469238281,333371,10 Cloverfield Lane
2016,53.161903381347656,296096,Me Before You
2016,51.535701751708984,291805,Now You See Me 2
2016,50.31966018676758,310131,The Witch
2016,50.17917251586914,325133,Neighbors 2: Sorority Rising
2016,48.77572250366211,47933,Independence Day: Resurgence
2016,48.170509338378906,345911,Lights Out
2016,46.078369140625,259694,How to Be Single
2016,45.72089385986328,153518,The Angry Birds Movie
2016,45.318702697753906,302699,Central Intelligence
2016,44.190921783447266,267935,The BFG
2016,42.74171829223633,258489,The Legend of Tarzan
2016,42.526527404785156,300671,13 Hours: The Secret Soldiers of Benghazi
2016,42.51229476928711,376659,Bad Moms
2016,39.8737907409668,308531,Teenage Mutant Ninja Turtles: Out of the Shadows
2016,39.006187438964844,270487,"Hail, Caesar!"
2016,38.279457092285156,303858,Money Monster
2016,38.179481506347656,321258,The Boy
2016,38.150787353515625,301365,The Neon Demon
2016,37.2537727355957,329833,Zoolander 2
2016,32.71785354614258,245703,Midnight Special
2016,31.9743595123291,294272,Pete's Dragon
2016,31.482872009277344,328111,The Secret Life of Pets
2016,30.00102424621582,313922,Green Room
2016,29.608322143554688,271969,Ben-Hur
2016,29.371986389160156,146198,Triple 9
2016,29.3658504486084,319888,Eddie the Eagle
2016,28.397048950195312,58431,Pride and Prejudice and Zombies
2016,28.223663330078125,300673,The Finest Hours
2016,27.89101219177246,302156,Criminal
2016,25.13608169555664,323675,Ride Along 2
2016,24.67223358154297,325789,The Infiltrator
2016,22.995100021362305,323677,Race
2016,21.589393615722656,316152,Free State of Jones
2016,20.555089950561523,323676,The Boss
2016,19.865989685058594,329440,The Forest
2016,19.237253189086914,315664,Florence Foster Jenkins
2016,18.268009185791016,342521,Keanu
2016,16.66379737854004,335778,Risen
2016,16.0279541015625,302688,My Big Fat Greek Wedding 2
2016,15.333575248718262,174751,Jane Got a Gun
2016,14.947587966918945,351819,Fifty Shades of Black
2016,12.82253360748291,257087,The Veil
2016,10.547959327697754,205588,Our Kind of Traitor
2016,10.248438835144043,339984,Miracles from Heaven
2016,10.144222259521484,332411,I Am Wrath
2016,10.016908645629883,373314,Misconduct
2016,9.476999282836914,315011,Shin Godzilla
2016,9.452808380126953,339408,The Birth of a Nation
2016,9.05029010772705,293670,The Wailing
2016,8.618792533874512,290825,Yoga Hosers
2016,7.828458786010742,374461,Mr. Church
2016,7.444189071655273,184341,Hands of Stone
2016,6.9685797691345215,347126,God's Not Dead 2
2016,6.526587963104248,308529,Kickboxer: Vengeance
2016,6.116436004638672,407887,Operation Chromite
2016,5.625988960266113,340611,Indignation
2016,5.379319190979004,298584,Cabin Fever
2016,4.726290225982666,381902,The Monkey King 2
2016,3.8108270168304443,378200,The Perfect Match
2016,3.6742939949035645,332285,Antibirth
2016,3.4679229259490967,385736,Kicks
2016,3.139293909072876,325373,Two Lovers and a Bear
2016,2.651304006576538,375950,The Country Doctor
2016,2.5515589714050293,375290,Airlift
2016,2.525568962097168,396152,Restoration
2016,2.101717948913574,389425,Code of Honor
2016,1.8845579624176025,318850,The Young Messiah
2016,1.5692460536956787,317930,Compadres
2016,1.5021100044250488,320146,Creative Control
2016,1.4711389541625977,376004,Adulterers
2016,1.2241050004959106,385383,Fight Valley
2016,1.1932189464569092,394047,The Dog Lover
2016,0.9090669751167297,370464,The Masked Saint
2016,0.6743980050086975,285743,Alleluia! The Devil's Carnival
2016,0.4468579888343811,347755,Wind Walkers
2016,0.42583000659942627,361475,Departure
2016,0.25182801485061646,380733,Fight to the Finish
2016,0.08757399767637253,379532,Rodeo Girl
2016,0.060127001255750656,386826,A Beginner's Guide to Snuff
2016,0.04234600067138672,395766,The Secret
1997,109.52857208251953,18,The Fifth Element
1997,104.12155151367188,607,Men in Black
1997,100.0259017944336,597,Titanic
1997,70.39835357666016,782,Gattaca
1997,62.925174713134766,2649,The Game
1997,60.73273849487305,128,Princess Mononoke
1997,58.7823600769043,563,Starship Troopers
1997,55.24943542480469,686,Contact
1997,50.07357406616211,415,Batman & Robin
1997,46.075035095214844,754,Face/Off
1997,45.56591796875,9444,Anastasia
1997,45.154632568359375,1701,Con Air
1997,44.656150817871094,431,Cube
1997,43.734886169433594,489,Good Will Hunting
1997,42.88711929321289,714,Tomorrow Never Dies
1997,40.63167190551758,184,Jackie Brown
1997,40.37044143676758,9366,Donnie Brasco
1997,37.8850212097168,2898,As Good as It Gets
1997,37.44963073730469,8078,Alien: Resurrection
1997,36.3879508972168,9772,Air Force One
1997,36.157161712646484,816,Austin Powers: International Man of Mystery
1997,35.24403762817383,4233,Scream 2
1997,33.8473014831543,1813,The Devil's Advocate
1997,29.787134170532227,8413,Event Horizon
1997,27.684778213500977,9360,Anaconda
1997,27.65447235107422,3597,I Know What You Did Last Summer
1997,26.721385955810547,1624,Liar Liar
1997,24.860326766967773,2118,L.A. Confidential
1997,23.336875915527344,1639,Speed 2: Cruise Control
1997,22.5732364654541,10603,George of the Jungle
1997,22.179658889770508,8834,Conspiracy Theory
1997,20.91385269165039,10003,The Saint
1997,20.632673263549805,9433,The Edge
1997,20.601482391357422,2255,Chasing Amy
1997,19.855789184570312,4995,Boogie Nights
1997,19.836124420166016,10357,Volcano
1997,19.833663940429688,10336,Spawn
1997,19.747459411621094,4824,The Jackal
1997,19.43467140197754,4421,G.I. Jane
1997,19.284128189086914,2142,Cop Land
1997,18.913000106811523,9437,Kiss the Girls
1997,17.002622604370117,9427,The Full Monty
1997,16.92991065979004,978,Seven Years in Tibet
1997,16.90443992614746,9619,Dante's Peak
1997,15.931083679199219,6623,The Peacemaker
1997,15.40185546875,8874,My Best Friend's Wedding
1997,15.350451469421387,4477,The Devil's Own
1997,14.916263580322266,68924,The Ice Storm
1997,14.564666748046875,9922,The Postman
1997,13.817269325256348,9434,Grosse Pointe Blank
1997,13.581966400146484,586,Wag the Dog
1997,13.576765060424805,66,Absolute Power
1997,12.621768951416016,11015,The Relic
1997,12.22951602935791,11975,The Rainmaker
1997,11.916389465332031,9823,Mortal Kombat: Annihilation
1997,11.89792537689209,10806,In & Out
1997,11.503959655761719,9574,Flubber
1997,11.352692604064941,2639,Deconstructing Harry
1997,11.241802215576172,20737,Air Bud
1997,10.364582061767578,9449,The Borrowers
1997,9.176339149475098,2163,Breakdown
1997,8.71723461151123,26306,Prefontaine
1997,8.618207931518555,11676,Nothing to Lose
1997,7.673123836517334,10217,The Sweet Hereafter
1997,7.615653038024902,9416,Money Talks
1997,7.077505111694336,10622,Mr. Nice Guy
1997,7.072117805480957,21334,Children of Heaven
1997,7.039188861846924,9746,Kundun
1997,6.925920009613037,16052,Selena
1997,6.889437198638916,6116,Spice World
1997,6.3970417976379395,9414,The Man Who Knew Too Little
1997,5.525544166564941,8197,Midnight in the Garden of Good and Evil
1997,5.419180870056152,9311,Smilla's Sense of Snow
1997,5.065159797668457,8675,Orgazmo
1997,5.01660680770874,13982,8 Heads in a Duffel Bag
1997,4.8680500984191895,32456,Two Girls and a Guy
1997,4.8106207847595215,9092,Snow White: A Tale of Terror
1997,4.700024127960205,34314,Turbulence
1997,4.22780704498291,2895,The Apostle
1997,4.1315460205078125,10871,Switchback
1997,4.105362892150879,29461,Soul Food
1997,4.098443984985352,24662,Cats Don't Dance
1997,3.8488929271698,38153,Shadow Conspiracy
1997,3.6982760429382324,11831,Amistad
1997,3.3140039443969727,9770,Mad City
1997,3.0910770893096924,29193,The Spanish Prisoner
1997,2.848726987838745,8854,Steel
1997,2.7775399684906006,15800,Trekkies
1997,2.6787149906158447,61337,Critical Care
1997,2.634006977081299,14585,In the Company of Men
1997,2.5024869441986084,330,The Lost World: Jurassic Park
1997,1.7674789428710938,17834,A Simple Wish
1997,1.2049410343170166,25719,Shooting Fish
1997,1.2024500370025635,28353,Def Jam's How to Be a Player
1997,1.1969430446624756,55561,Clockwatchers
1997,1.1269409656524658,45153,Eve's Bayou
1997,1.031141996383667,115872,The Chambermaid on the Titanic
1997,1.0001779794692993,27322,Love Jones
1997,0.9483159780502319,47686,Dream with the Fishes
1997,0.9339200258255005,55306,Ulee's Gold
1997,0.9338909983634949,47452,Love and Death on Long Island
1997,0.9123950004577637,49478,Warriors of Virtue
1997,0.74440598487854,22913,24 7: Twenty Four Seven
1997,0.6279640197753906,64559,The Swindle
1997,0.5968890190124512,34941,The Last Time I Committed Suicide
1997,0.3644700050354004,125052,Hurricane Streets
1997,0.21244299411773682,36095,Cure
1997,0.13938400149345398,39780,Oscar and Lucinda
1997,0.13016900420188904,70687,The Sticky Fingers of Time
1997,0.02083900012075901,90414,"I Love You, Don't Touch Me!"
1997,0.01169699989259243,17139,Character
1997,0.0031419999431818724,51955,Hav Plenty
2013,165.1253662109375,109445,Frozen
2013,136.88670349121094,93456,Despicable Me 2
2013,110.15361785888672,49047,Gravity
2013,100.34880828857422,138832,We're the Millers
2013,99.49959564208984,76338,Thor: The Dark World
2013,99.39801025390625,49521,Man of Steel
2013,95.92289733886719,76203,12 Years a Slave
2013,95.0079345703125,106646,The Wolf of Wall Street
2013,94.37056732177734,57158,The Hobbit: The Desolation of Smaug
2013,89.18649291992188,62211,Monsters University
2013,88.49687194824219,146233,Prisoners
2013,81.83485412597656,72190,World War Z
2013,78.291015625,54138,Star Trek Into Darkness
2013,77.68208312988281,68721,Iron Man 3
2013,76.31011962890625,101299,The Hunger Games: Catching Fire
2013,74.81764221191406,122906,About Time
2013,71.12468719482422,75656,Now You See Me
2013,67.69800567626953,75612,Oblivion
2013,67.3376693725586,68724,Elysium
2013,65.40259552001953,47964,A Good Day to Die Hard
2013,64.23868560791016,110415,Snowpiercer
2013,64.18331909179688,49519,The Croods
2013,63.848541259765625,133805,Carrie
2013,62.55417251586914,122081,Spring Breakers
2013,61.19607162475586,64682,The Great Gatsby
2013,59.454471588134766,152532,Dallas Buyers Club
2013,59.42822265625,117263,Olympus Has Fallen
2013,59.32558822631836,72559,G.I. Joe: Retaliation
2013,57.84156036376953,203833,The Book Thief
2013,56.5232048034668,68726,Pacific Rim
2013,55.964603424072266,107985,The World's End
2013,54.40303421020508,158015,The Purge
2013,53.68236541748047,152601,Her
2013,53.027870178222656,60304,Hansel & Gretel: Witch Hunters
2013,52.78691864013672,109424,Captain Phillips
2013,49.97541046142578,138843,The Conjuring
2013,49.664127349853516,168672,American Hustle
2013,49.04695510864258,57201,The Lone Ranger
2013,48.37584686279297,91586,Insidious: Chapter 2
2013,48.237796783447266,109421,Side Effects
2013,47.45514678955078,132232,Mama
2013,46.985443115234375,68728,Oz: The Great and Powerful
2013,46.630062103271484,87421,Riddick
2013,45.948341369628906,80274,Ender's Game
2013,45.589569091796875,109418,Grown Ups 2
2013,45.51403045654297,123553,The Mortal Instruments: City of Bones
2013,44.765377044677734,77950,Turbo
2013,44.47804260253906,107846,Escape Plan
2013,44.34333038330078,146216,RED 2
2013,43.88285827636719,76640,The Last Stand
2013,43.74224090576172,82654,Warm Bodies
2013,43.349853515625,81005,Jack the Giant Slayer
2013,43.3480224609375,116745,The Secret Life of Walter Mitty
2013,42.93302536010742,72710,The Host
2013,42.88141632080078,136400,2 Guns
2013,42.84058380126953,82700,After Earth
2013,41.79633712768555,64686,47 Ronin
2013,41.24740219116211,109451,Cloudy with a Chance of Meatballs 2
2013,40.72137451171875,109491,Beautiful Creatures
2013,40.28635025024414,59859,Kick-Ass 2
2013,40.26226043701172,76285,Percy Jackson: Sea of Monsters
2013,39.44806671142578,49524,R.I.P.D.
2013,39.00458908081055,117251,White House Down
2013,38.80241394042969,68727,Trance
2013,38.217079162597656,109414,This Is the End
2013,38.12500762939453,109443,Anchorman 2: The Legend Continues
2013,37.72905731201172,112949,Safe Haven
2013,37.65468978881836,136795,The Heat
2013,37.08438491821289,193756,Lone Survivor
2013,36.81904220581055,4258,Scary Movie 5
2013,36.71137619018555,116711,Epic
2013,36.31920623779297,86829,Inside Llewyn Davis
2013,35.871246337890625,157547,Oculus
2013,35.75486373901367,77987,Only God Forgives
2013,35.73765563964844,204082,Homefront
2013,35.735687255859375,198277,Begin Again
2013,35.52202606201172,107811,21 & Over
2013,35.3951301574707,97367,The Place Beyond the Pines
2013,35.350303649902344,87818,Movie 43
2013,35.022029876708984,109091,The Counselor
2013,34.694217681884766,160588,Blue Jasmine
2013,34.53241729736328,158011,The Call
2013,34.0057258605957,109431,Identity Thief
2013,33.91211700439453,109428,Evil Dead
2013,33.29668426513672,138697,Don Jon
2013,33.00382614135742,96721,Rush
2013,32.52357482910156,179144,The Great Beauty
2013,32.473628997802734,77931,The Smurfs 2
2013,32.144439697265625,147773,The Way Way Back
2013,32.10532760620117,132363,The Butler
2013,31.95794677734375,140823,Saving Mr. Banks
2013,31.893932342529297,134374,Pain & Gain
2013,31.884559631347656,109410,42
2013,30.556135177612305,134411,Snitch
2013,30.114383697509766,146239,Delivery Man
2013,30.058263778686523,152742,The Best Offer
2013,29.647844314575195,102362,Dead Man Down
2013,29.49005699157715,98357,Broken City
2013,29.230297088623047,164457,Out of the Furnace
2013,29.223880767822266,129670,Nebraska
2013,29.07296371459961,106747,Machete Kills
2013,29.04119873046875,82682,Gangster Squad
2013,29.01950454711914,205220,Philomena
2013,28.67047691345215,119283,Parker
2013,28.540613174438477,152747,All Is Lost
2013,28.06047248840332,199373,The Frozen Ground
2013,28.043508529663086,137093,Last Vegas
2013,27.32221221923828,86825,Stoker
2013,27.16522216796875,208134,Bad Grandpa
2013,26.938499450683594,124459,The Incredible Burt Wonderstone
2013,26.497024536132812,76617,Texas Chainsaw 3D
2013,25.89146614074707,142061,"Batman: The Dark Knight Returns, Part 2"
2013,25.722747802734375,157386,The Spectacular Now
2013,23.299907684326172,132344,Before Midnight
2013,22.97591781616211,146238,Runner Runner
2013,22.503934860229492,70074,Bullet to the Head
2013,21.36294937133789,64807,Grudge Match
2013,20.967145919799805,157354,Fruitvale Station
2013,20.561681747436523,152737,August: Osage County
2013,20.466432571411133,205321,Sharknado
2013,20.267061233520508,162903,The Fifth Estate
2013,19.947265625,44865,The Grandmaster
2013,18.843320846557617,87567,The Big Wedding
2013,18.790220260620117,111190,Adore
2013,18.764453887939453,190847,The Last Days on Mars
2013,18.661540985107422,139038,A Haunted House
2013,18.142179489135742,68179,Escape from Planet Earth
2013,17.683563232421875,130150,Labor Day
2013,17.663352966308594,103731,Mud
2013,17.6324462890625,144340,Admission
2013,17.378454208374023,172533,Drinking Buddies
2013,16.574756622314453,87499,The East
2013,16.52051544189453,146227,Getaway
2013,15.95344352722168,76170,The Wolverine
2013,15.509570121765137,192136,Mandela: Long Walk to Freedom
2013,15.492257118225098,121986,Frances Ha
2013,15.017067909240723,129139,The To Do List
2013,14.969093322753906,209263,Enough Said
2013,14.866351127624512,153158,Underdogs
2013,14.726338386535645,192577,Space Pirate Captain Harlock
2013,14.529496192932129,185567,Zulu
2013,14.414937019348145,175574,Free Birds
2013,14.105392456054688,209403,Bad Words
2013,14.01780891418457,191714,The Lunchbox
2013,13.916583061218262,127560,The Railway Man
2013,13.832464218139648,152599,The Immigrant
2013,13.265432357788086,209274,Ida
2013,12.867325782775879,202575,Thunder and the House of Magic
2013,12.756343841552734,190955,Blood Ties
2013,11.708342552185059,150202,The Haunting in Connecticut 2: Ghosts of Georgia
2013,11.436405181884766,175528,Baggage Claim
2013,10.826252937316895,175291,Cheap Thrills
2013,10.651202201843262,157841,The Young and Prodigious T.S. Spivet
2013,10.605751991271973,146203,The Last Exorcism Part II
2013,10.416332244873047,192134,Dom Hemingway
2013,10.088006019592285,77951,Walking With Dinosaurs
2013,10.013628959655762,78383,Nurse 3-D
2013,9.799357414245605,181330,Kevin Hart: Let Me Explain
2013,9.5972900390625,211954,Instructions Not Included
2013,9.15926456451416,137347,Closer to the Moon
2013,8.842721939086914,227707,The Adventurer: The Curse of the Midas Box
2013,8.237336158752441,109417,Battle of the Year
2013,7.944457054138184,164558,One Direction: This Is Us
2013,7.871685981750488,193613,Metallica: Through the Never
2013,7.310879230499268,207769,Banshee Chapter
2013,7.210094928741455,146304,The Best Man Holiday
2013,7.180403232574463,175541,Black Nativity
2013,6.978907108306885,109729,The Canyons
2013,6.682005882263184,59981,Legends of Oz: Dorothy's Return
2013,6.459786891937256,172391,Khumba
2013,5.37715482711792,175555,A Madea Christmas
2013,5.247955799102783,159014,20 Feet from Stardom
2013,5.112809181213379,72359,Peeples
2013,5.099368095397949,215881,Plush
2013,5.000500202178955,182873,Green Street Hooligans: Underground
2013,4.892202854156494,159037,The Square
2013,4.508289813995361,153795,Straight A's
2013,4.304340839385986,252360,In the Name of the King III
2013,3.629776954650879,186935,Heli
2013,3.613576889038086,174311,All Is Bright
2013,3.4183719158172607,206213,Zombie Hunter
2013,3.376966953277588,244114,Firestorm
2013,3.3531761169433594,185008,Yeh Jawaani Hai Deewani
2013,3.2139201164245605,193722,R100
2013,3.120016098022461,110402,Hard to Be a God
2013,3.0854110717773438,176124,Home Run
2013,2.9529318809509277,171759,The Lost Medallion: The Adventures of Billy Stone
2013,2.680629014968872,192210,Open Road
2013,2.557257890701294,178862,Aroused
2013,2.5036120414733887,165864,Hansel and Gretel Get Baked
2013,2.4927470684051514,246449,Against the Wild
2013,2.253588914871216,198062,Coffee Town
2013,2.16058611869812,206284,Grace Unplugged
2013,1.998826026916504,176077,Enter the Dangerous Mind
2013,1.9594049453735352,205126,Independence Daysaster
2013,1.8839470148086548,201132,Antarctica: A Year on Ice
2013,1.8766210079193115,225235,The Geographer Drank His Globe Away
2013,1.8645299673080444,220488,My Lucky Star
2013,1.799504041671753,226354,The Christmas Candle
2013,1.7715840339660645,242575,"Guten Tag, Ramón"
2013,1.7370320558547974,157058,30 Nights of Paranormal Activity With the Devil Inside the Girl With the Dragon Tattoo
2013,1.6179430484771729,217708,Of Horses and Men
2013,1.5839179754257202,244339,Out of Inferno
2013,1.551496982574463,116741,The Internship
2013,1.4734050035476685,215924,The Amazing Catfish
2013,1.4444760084152222,231617,"Signed, Sealed, Delivered"
2013,1.352221965789795,158752,Escape from Tomorrow
2013,1.2949670553207397,157293,ABCD (Any Body Can Dance)
2013,1.1365679502487183,299552,Born Of War
2013,0.970350980758667,222250,A True Story
2013,0.8339369893074036,159770,The Dirties
2013,0.7636799812316895,158895,This Is Martin Bonner
2013,0.5456200242042542,250902,The Image Revolution
2013,0.4808799922466278,211086,Faith Connections
2013,0.44716599583625793,202604,The Vatican Exorcisms
2013,0.35819000005722046,294600,Last I Heard
2013,0.2830590009689331,138976,Treachery
2013,0.2175379991531372,166624,Treading Water
2013,0.20947499573230743,188652,The Ghastly Love of Johnny X
2013,0.17588500678539276,215918,1982
2013,0.16665500402450562,173224,Along the Roadside
2013,0.1602340042591095,308467,Roadside
2013,0.10694900155067444,84197,Filly Brown
2013,0.10053300112485886,310933,Bleeding Hearts
2013,0.07208500057458878,184374,Cinco de Mayo: La Batalla
2013,0.05645899847149849,220490,Her Cry: La Llorona Investigation
2013,0.05375500023365021,270554,Echo Dr.
2013,0.048948001116514206,255266,Dry Spell
2013,0.048725999891757965,174362,Bending Steel
2013,0.021678000688552856,355629,The Blade of Don Juan
2013,0.010607000440359116,320435,UnDivided
2008,187.3229217529297,155,The Dark Knight
2008,127.0849380493164,8966,Twilight
2008,120.72505187988281,1726,Iron Man
2008,107.9288101196289,10764,Quantum of Solace
2008,84.68965148925781,9502,Kung Fu Panda
2008,80.8790283203125,8681,Taken
2008,75.6744613647461,217,Indiana Jones and the Kingdom of the Crystal Skull
2008,73.82289123535156,8909,Wanted
2008,66.39070892333984,10681,WALL·E
2008,62.89833450317383,1724,The Incredible Hulk
2008,60.26927947998047,4922,The Curious Case of Benjamin Button
2008,60.03416061401367,1735,The Mummy: Tomb of the Dragon Emperor
2008,59.258968353271484,12405,Slumdog Millionaire
2008,58.57976150512695,11253,Hellboy II: The Golden Army
2008,56.7584114074707,8960,Hancock
2008,53.97860336303711,2454,The Chronicles of Narnia: Prince Caspian
2008,53.090423583984375,88751,Journey to the Center of the Earth
2008,50.74530029296875,13223,Gran Torino
2008,50.67025375366211,9870,Forgetting Sarah Marshall
2008,47.006160736083984,12162,The Hurt Locker
2008,46.9423942565918,7191,Cloverfield
2008,46.88798141479492,13027,Eagle Eye
2008,45.14994812011719,8065,21
2008,44.141021728515625,10527,Madagascar: Escape 2 Africa
2008,43.84934997558594,10201,Yes Man
2008,43.192047119140625,7446,Tropic Thunder
2008,42.57876968383789,10483,Death Race
2008,41.89072036743164,10200,The Day the Earth Stood Still
2008,41.84587860107422,13053,Bolt
2008,41.832393646240234,10189,Pineapple Express
2008,41.47240447998047,11321,Seven Pounds
2008,40.59734344482422,10661,You Don't Mess with the Zohan
2008,40.19651412963867,12163,The Wrestler
2008,39.586761474609375,12429,Ponyo
2008,38.83284378051758,2253,Valkyrie
2008,38.100486755371094,9029,What Happens in Vegas
2008,37.507137298583984,12113,Body of Lies
2008,34.821224212646484,14574,The Boy in the Striped Pyjamas
2008,33.92378616333008,8055,The Reader
2008,32.94384765625,11917,Saw V
2008,32.75825500488281,5038,Vicky Cristina Barcelona
2008,31.941347122192383,4944,Burn After Reading
2008,31.887977600097656,13809,RockNRolla
2008,30.951202392578125,14306,Marley & Me
2008,30.909698486328125,10139,Milk
2008,30.78059959411621,11631,Mamma Mia!
2008,30.695228576660156,6557,27 Dresses
2008,30.387754440307617,8848,The Bank Job
2008,29.17326545715332,8390,"Definitely, Maybe"
2008,28.973073959350586,8328,Step Up 2: The Streets
2008,28.84099769592285,6972,Australia
2008,27.568193435668945,9381,Babylon A.D.
2008,27.509159088134766,3580,Changeling
2008,27.326465606689453,10358,Zack and Miri Make a Porno
2008,27.01888656616211,2309,Inkheart
2008,26.2195987701416,13335,Harold & Kumar Escape from Guantanamo Bay
2008,26.214250564575195,8456,Never Back Down
2008,25.903236389160156,13051,Max Payne
2008,25.83807373046875,12620,The House Bunny
2008,25.45454978942871,8836,The X Files: I Want to Believe
2008,25.329492568969727,8321,In Bruges
2008,25.28119659423828,7735,The Wave
2008,24.917665481567383,15373,Role Models
2008,24.86276626586914,7461,Vantage Point
2008,23.531721115112305,10202,Bedtime Stories
2008,23.49605369567871,11665,Get Smart
2008,23.465539932250977,13600,City of Ember
2008,22.977983474731445,12133,Step Brothers
2008,22.939556121826172,12184,The Other Boleyn Girl
2008,21.80118751525879,11887,High School Musical 3: Senior Year
2008,21.789615631103516,8676,Fool's Gold
2008,21.53822135925293,13460,Doomsday
2008,21.436681747436523,8204,The Spiderwick Chronicles
2008,21.218000411987305,8247,Jumper
2008,20.97516441345215,14359,Doubt
2008,20.5015811920166,8645,The Happening
2008,20.49574851989746,13279,Lakeview Terrace
2008,20.452449798583984,12182,Nick and Norah's Infinite Playlist
2008,20.36237335205078,13510,Eden Lake
2008,20.360549926757812,4148,Revolutionary Road
2008,20.344364166259766,2395,Asterix at the Olympic Games
2008,19.91396141052246,10185,The Midnight Meat Train
2008,19.77454376220703,13515,Mirrors
2008,19.57477378845215,10761,Made of Honor
2008,19.500892639160156,12193,Four Christmases
2008,19.336366653442383,13090,Sunshine Cleaning
2008,19.088655471801758,11918,Superhero Movie
2008,18.923181533813477,8265,Welcome to the Sticks
2008,18.67629051208496,11260,Meet Dave
2008,18.6668758392334,1266,Street Kings
2008,18.591657638549805,12783,The Duchess
2008,18.450613021850586,18533,Bronson
2008,18.380176544189453,13389,Righteous Kill
2008,17.988170623779297,12797,Ghost Town
2008,17.952817916870117,13523,Sex Drive
2008,17.662683486938477,4953,Be Kind Rewind
2008,17.603822708129883,8338,Blindness
2008,17.145286560058594,13596,My Best Friend's Girl
2008,17.112497329711914,13056,Punisher: War Zone
2008,17.0970401763916,1729,The Forbidden Kingdom
2008,17.06069564819336,7459,Speed Racer
2008,16.877840042114258,11499,Frost/Nixon
2008,16.785865783691406,13092,How to Lose Friends & Alienate People
2008,16.493576049804688,10199,The Tale of Despereaux
2008,16.23896026611328,13805,Disaster Movie
2008,16.07439613342285,12690,Appaloosa
2008,15.055731773376465,8457,Drillbit Taylor
2008,15.017162322998047,18570,"Food, Inc."
2008,14.848560333251953,8285,The Spirit
2008,14.837499618530273,12289,Red Cliff
2008,14.813056945800781,13184,Bangkok Dangerous
2008,14.353279113769531,10488,Nim's Island
2008,14.345428466796875,14976,Rachel Getting Married
2008,14.331992149353027,14048,Man on Wire
2008,14.082509994506836,8885,Waltz with Bashir
2008,13.832375526428223,10186,The Rocker
2008,13.715715408325195,11152,The Ruins
2008,13.43703842163086,8841,The Class
2008,13.427427291870117,14299,Cadillac Records
2008,13.218008041381836,12177,The Love Guru
2008,12.761176109313965,4960,"Synecdoche, New York"
2008,12.677504539489746,8090,Untraceable
2008,12.458130836486816,6933,One Missed Call
2008,12.373248100280762,13688,CJ7
2008,12.28493881225586,9022,All the Boys Love Mandy Lane
2008,12.252639770507812,14405,Beverly Hills Chihuahua
2008,12.067920684814453,13160,Over Her Dead Body
2008,11.870301246643066,10188,The Sisterhood of the Traveling Pants 2
2008,11.84732437133789,15067,"The Good, The Bad, The Weird"
2008,11.637457847595215,13973,Choke
2008,11.428902626037598,6687,Transsiberian
2008,11.409124374389648,8780,Baby Mama
2008,11.387408256530762,12412,Miracle at St. Anna
2008,11.135733604431152,9030,The Eye
2008,10.703601837158203,13150,Pride and Glory
2008,10.60899829864502,7278,Meet the Spartans
2008,10.44997501373291,13260,Semi-Pro
2008,10.445390701293945,10523,W.
2008,10.218306541442871,21755,The Brothers Bloom
2008,9.782432556152344,12192,Pathology
2008,9.779443740844727,8669,Charlie Bartlett
2008,9.774126052856445,13007,Religulous
2008,9.642041206359863,8617,Prom Night
2008,9.318033218383789,12245,The Oxford Murders
2008,9.029488563537598,16353,Ong Bak 2
2008,8.978407859802246,13405,The Children of Huang Shi
2008,8.884405136108398,10800,Dragon Hunters
2008,8.864368438720703,10885,Shutter
2008,8.832099914550781,13972,The Women
2008,8.74792194366455,16005,The Lucky Ones
2008,8.591386795043945,13001,Stargate: The Ark of Truth
2008,8.396849632263184,13849,The Cottage
2008,8.3875732421875,16899,Easy Virtue
2008,8.316530227661133,8944,What Just Happened
2008,8.309893608093262,14745,The Haunting of Molly Hartley
2008,8.29063606262207,10362,Two Lovers
2008,8.148186683654785,15544,Extreme Movie
2008,8.08399486541748,13812,Quarantine
2008,7.739275932312012,4942,Leatherheads
2008,7.727035045623779,6968,The Baader Meinhof Complex
2008,7.645978927612305,12837,The Secret Life of Bees
2008,7.161050796508789,13990,The Wackness
2008,7.034617900848389,13991,College
2008,7.0289459228515625,8883,Flame & Citron
2008,6.847133159637451,12085,Mad Money
2008,6.333868980407715,17436,The Informers
2008,6.293217182159424,11802,Space Chimps
2008,6.27140998840332,8359,Kit Kittredge: An American Girl
2008,6.265658855438232,13191,"War, Inc."
2008,6.248272895812988,13490,Welcome Home Roscoe Jenkins
2008,6.174435138702393,13996,Bottle Shock
2008,6.09398889541626,14438,Fireproof
2008,5.897479057312012,14353,Repo! The Genetic Opera
2008,5.81588077545166,10187,Swing Vote
2008,5.483671188354492,14655,Soul Men
2008,5.293363094329834,12621,Hamlet 2
2008,5.09125280380249,12400,Redbelt
2008,5.013575077056885,16564,Winter in Wartime
2008,4.961306095123291,14220,Strange Wilderness
2008,4.8056511878967285,10183,Frozen River
2008,4.65304708480835,27374,Lake Mungo
2008,4.624691009521484,20764,Sleep Dealer
2008,4.481896877288818,17622,Fifty Dead Men Walking
2008,4.34627103805542,18616,No Man's Land: The Rise of Reeker
2008,4.262373924255371,14054,Snow Angels
2008,4.2384819984436035,20542,Delgo
2008,4.12715482711792,14538,Three Kingdoms: Resurrection of the Dragon
2008,4.030724048614502,13579,The Longshots
2008,4.002579212188721,8988,Stop-Loss
2008,3.878230094909668,14325,The Express
2008,3.803494930267334,22556,The Yellow Handkerchief
2008,3.3936479091644287,17334,The Other End of the Line
2008,3.350296974182129,14914,Flash of Genius
2008,3.299345016479492,5759,Baghead
2008,3.283885955810547,13429,Donkey Punch
2008,3.280081033706665,22007,Train
2008,2.948575973510742,63287,The Poker House
2008,2.785831928253174,16911,The Inhabited Island
2008,2.756434917449951,32579,Under the Same Moon
2008,2.6053740978240967,13948,An American Carol
2008,2.5740139484405518,18516,Adam Resurrected
2008,2.500217914581299,15208,Bathory: Countess of Blood
2008,2.4059109687805176,14582,Passchendaele
2008,2.40462589263916,13827,"Surfer, Dude"
2008,2.397986888885498,12410,Good
2008,2.162522077560425,7944,Shine a Light
2008,1.9484349489212036,14758,Good Dick
2008,1.8218400478363037,15365,Witless Protection
2008,1.8001190423965454,15511,VeggieTales: The Pirates Who Don't Do Anything
2008,1.7826659679412842,16988,How She Move
2008,1.7766239643096924,16016,Journey to Saturn
2008,1.7173759937286377,22600,Gangster's Paradise: Jerusalema
2008,1.5325180292129517,14156,Impact Point
2008,1.348114013671875,20055,The Betrayed
2008,1.286991000175476,51384,"Lovely, Still"
2008,1.2017300128936768,29406,Trucker
2008,1.0391490459442139,22530,Bled
2008,0.8889859914779663,8847,Standard Operating Procedure
2008,0.7139059901237488,8942,Wendy and Lucy
2008,0.46048998832702637,60463,Sunday School Musical
2008,0.2535949945449829,20653,Roadside Romeo
2008,0.19746899604797363,13518,Fuel
2008,0.14501400291919708,36549,Yesterday Was a Lie
2008,0.12287399917840958,39055,Free Style
2008,0.06208899989724159,287815,Call + Response
2008,0.04165099933743477,57612,Dolphins and Whales: Tribes of the Ocean
2008,0.006943000014871359,279759,Harrison Montgomery
1975,127.52558135986328,510,One Flew Over the Cuckoo's Nest
1975,64.7829818725586,762,Monty Python and the Holy Grail
1975,50.15232849121094,578,Jaws
1975,29.543331146240234,3175,Barry Lyndon
1975,6.473667144775391,13282,Death Race 2000
1975,6.470766067504883,11843,The Return of the Pink Panther
